Date,BIST100_Close,SP500_Close,CPIAUCSL,FEDFUNDS,INDPRO
2010-01-04,533.67919921875,1132.989990234375,217.488,0.11,89.3426
2010-01-05,541.1481323242188,1136.52001953125,217.488,0.11,89.3426
2010-01-06,545.4711303710938,1137.1400146484375,217.488,0.11,89.3426
2010-01-07,549.72607421875,1141.68994140625,217.488,0.11,89.3426
2010-01-08,547.97607421875,1144.97998046875,217.488,0.11,89.3426
2010-01-11,539.2081298828125,1146.97998046875,217.488,0.11,89.3426
2010-01-12,536.7611083984375,1136.219970703125,217.488,0.11,89.3426
2010-01-13,546.2691040039062,1145.6800537109375,217.488,0.11,89.3426
2010-01-14,547.403076171875,1148.4599609375,217.488,0.11,89.3426
2010-01-15,540.0541381835938,1136.030029296875,217.488,0.11,89.3426
2010-01-18,545.505126953125,1136.030029296875,217.488,0.11,89.3426
2010-01-19,551.5930786132812,1150.22998046875,217.488,0.11,89.3426
2010-01-20,554.6890869140625,1138.0400390625,217.488,0.11,89.3426
2010-01-21,553.0090942382812,1116.47998046875,217.488,0.11,89.3426
2010-01-22,539.9721069335938,1091.760009765625,217.488,0.11,89.3426
2010-01-25,542.80712890625,1096.780029296875,217.488,0.11,89.3426
2010-01-26,543.172119140625,1092.1700439453125,217.488,0.11,89.3426
2010-01-27,540.7071533203125,1097.5,217.488,0.11,89.3426
2010-01-28,547.7020874023438,1084.530029296875,217.488,0.11,89.3426
2010-01-29,546.5031127929688,1073.8699951171875,217.488,0.11,89.3426
2010-02-01,555.257080078125,1089.18994140625,217.281,0.13,89.6779
2010-02-02,551.4730834960938,1103.3199462890625,217.281,0.13,89.6779
2010-02-03,550.68408203125,1097.280029296875,217.281,0.13,89.6779
2010-02-04,534.6361694335938,1063.1099853515625,217.281,0.13,89.6779
2010-02-05,514.5462646484375,1066.18994140625,217.281,0.13,89.6779
2010-02-08,499.33135986328125,1056.739990234375,217.281,0.13,89.6779
2010-02-09,508.2613220214844,1070.52001953125,217.281,0.13,89.6779
2010-02-10,505.67230224609375,1068.1300048828125,217.281,0.13,89.6779
2010-02-11,513.8072509765625,1078.469970703125,217.281,0.13,89.6779
2010-02-12,510.6352844238281,1075.510009765625,217.281,0.13,89.6779
2010-02-15,513.3412475585938,1075.510009765625,217.281,0.13,89.6779
2010-02-16,517.4822387695312,1094.8699951171875,217.281,0.13,89.6779
2010-02-17,532.7301635742188,1099.510009765625,217.281,0.13,89.6779
2010-02-18,524.4951782226562,1106.75,217.281,0.13,89.6779
2010-02-19,533.1871948242188,1109.1700439453125,217.281,0.13,89.6779
2010-02-22,525.9262084960938,1108.010009765625,217.281,0.13,89.6779
2010-02-23,514.1632690429688,1094.5999755859375,217.281,0.13,89.6779
2010-02-24,496.5933837890625,1105.239990234375,217.281,0.13,89.6779
2010-02-25,487.39141845703125,1102.93994140625,217.281,0.13,89.6779
2010-02-26,497.0523681640625,1104.489990234375,217.281,0.13,89.6779
2010-03-01,511.83428955078125,1115.7099609375,217.353,0.16,90.2928
2010-03-02,514.7582397460938,1118.31005859375,217.353,0.16,90.2928
2010-03-03,516.98828125,1118.7900390625,217.353,0.16,90.2928
2010-03-04,514.4042358398438,1122.969970703125,217.353,0.16,90.2928
2010-03-05,526.253173828125,1138.699951171875,217.353,0.16,90.2928
2010-03-08,532.9622192382812,1138.5,217.353,0.16,90.2928
2010-03-09,529.59716796875,1140.449951171875,217.353,0.16,90.2928
2010-03-10,527.5272216796875,1145.6099853515625,217.353,0.16,90.2928
2010-03-11,523.76318359375,1150.239990234375,217.353,0.16,90.2928
2010-03-12,522.3272705078125,1149.989990234375,217.353,0.16,90.2928
2010-03-15,519.7112426757812,1150.510009765625,217.353,0.16,90.2928
2010-03-16,532.3302001953125,1159.4599609375,217.353,0.16,90.2928
2010-03-17,543.0341186523438,1166.2099609375,217.353,0.16,90.2928
2010-03-18,535.3411254882812,1165.8299560546875,217.353,0.16,90.2928
2010-03-19,534.3671875,1159.9000244140625,217.353,0.16,90.2928
2010-03-22,538.921142578125,1165.81005859375,217.353,0.16,90.2928
2010-03-23,543.51416015625,1174.1700439453125,217.353,0.16,90.2928
2010-03-24,551.3630981445312,1167.719970703125,217.353,0.16,90.2928
2010-03-25,570.4439697265625,1165.72998046875,217.353,0.16,90.2928
2010-03-26,566.10400390625,1166.5899658203125,217.353,0.16,90.2928
2010-03-29,566.6790161132812,1173.219970703125,217.353,0.16,90.2928
2010-03-30,567.541015625,1173.27001953125,217.353,0.16,90.2928
2010-03-31,565.3809814453125,1169.4300537109375,217.353,0.16,90.2928
2010-04-01,577.0789184570312,1178.0999755859375,217.403,0.2,90.5991
2010-04-02,580.595947265625,1178.0999755859375,217.403,0.2,90.5991
2010-04-05,586.4468994140625,1187.43994140625,217.403,0.2,90.5991
2010-04-06,584.0609130859375,1189.43994140625,217.403,0.2,90.5991
2010-04-07,586.452880859375,1182.449951171875,217.403,0.2,90.5991
2010-04-08,584.1178588867188,1186.43994140625,217.403,0.2,90.5991
2010-04-09,591.8499145507812,1194.3699951171875,217.403,0.2,90.5991
2010-04-12,588.212890625,1196.47998046875,217.403,0.2,90.5991
2010-04-13,580.7509765625,1197.300048828125,217.403,0.2,90.5991
2010-04-14,593.2998046875,1210.6500244140625,217.403,0.2,90.5991
2010-04-15,590.5479125976562,1211.6700439453125,217.403,0.2,90.5991
2010-04-16,582.2318725585938,1192.1300048828125,217.403,0.2,90.5991
2010-04-19,581.5269165039062,1197.52001953125,217.403,0.2,90.5991
2010-04-20,588.85791015625,1207.1700439453125,217.403,0.2,90.5991
2010-04-21,584.505859375,1205.93994140625,217.403,0.2,90.5991
2010-04-22,583.380859375,1208.6700439453125,217.403,0.2,90.5991
2010-04-23,583.380859375,1217.280029296875,217.403,0.2,90.5991
2010-04-26,590.4288940429688,1212.050048828125,217.403,0.2,90.5991
2010-04-27,582.1708984375,1183.7099609375,217.403,0.2,90.5991
2010-04-28,579.3279418945312,1191.3599853515625,217.403,0.2,90.5991
2010-04-29,587.02490234375,1206.780029296875,217.403,0.2,90.5991
2010-04-30,589.587890625,1186.68994140625,217.403,0.2,90.5991
2010-05-03,583.9989013671875,1202.260009765625,217.29,0.2,91.823
2010-05-04,573.4069213867188,1173.5999755859375,217.29,0.2,91.823
2010-05-05,564.4080200195312,1165.8699951171875,217.29,0.2,91.823
2010-05-06,557.633056640625,1128.1500244140625,217.29,0.2,91.823
2010-05-07,526.8671875,1110.8800048828125,217.29,0.2,91.823
2010-05-10,564.4769897460938,1159.72998046875,217.29,0.2,91.823
2010-05-11,564.614013671875,1155.7900390625,217.29,0.2,91.823
2010-05-12,579.761962890625,1171.6700439453125,217.29,0.2,91.823
2010-05-13,579.2939453125,1157.43994140625,217.29,0.2,91.823
2010-05-14,557.47607421875,1135.6800537109375,217.29,0.2,91.823
2010-05-17,560.7080078125,1136.93994140625,217.29,0.2,91.823
2010-05-18,569.7799682617188,1120.800048828125,217.29,0.2,91.823
2010-05-19,569.7799682617188,1115.050048828125,217.29,0.2,91.823
2010-05-20,544.4961547851562,1071.5899658203125,217.29,0.2,91.823
2010-05-21,541.1131591796875,1087.68994140625,217.29,0.2,91.823
2010-05-24,545.5791015625,1073.6500244140625,217.29,0.2,91.823
2010-05-25,522.5682373046875,1074.030029296875,217.29,0.2,91.823
2010-05-26,541.0321044921875,1067.949951171875,217.29,0.2,91.823
2010-05-27,544.9771118164062,1103.06005859375,217.29,0.2,91.823
2010-05-28,552.3340454101562,1089.4100341796875,217.29,0.2,91.823
2010-05-31,543.8461303710938,1089.4100341796875,217.29,0.2,91.823
2010-06-01,544.6011352539062,1070.7099609375,217.199,0.18,91.9928
2010-06-02,552.1220703125,1098.3800048828125,217.199,0.18,91.9928
2010-06-03,554.069091796875,1102.8299560546875,217.199,0.18,91.9928
2010-06-04,546.1261596679688,1064.8800048828125,217.199,0.18,91.9928
2010-06-07,543.0631103515625,1050.469970703125,217.199,0.18,91.9928
2010-06-08,536.64111328125,1062.0,217.199,0.18,91.9928
2010-06-09,543.046142578125,1055.68994140625,217.199,0.18,91.9928
2010-06-10,548.6150512695312,1086.8399658203125,217.199,0.18,91.9928
2010-06-11,551.3130493164062,1091.5999755859375,217.199,0.18,91.9928
2010-06-14,556.8850708007812,1089.6300048828125,217.199,0.18,91.9928
2010-06-15,564.2100219726562,1115.22998046875,217.199,0.18,91.9928
2010-06-16,564.0260009765625,1114.6099853515625,217.199,0.18,91.9928
2010-06-17,568.906982421875,1116.0400390625,217.199,0.18,91.9928
2010-06-18,570.3419189453125,1117.510009765625,217.199,0.18,91.9928
2010-06-21,572.7689208984375,1113.199951171875,217.199,0.18,91.9928
2010-06-22,570.0669555664062,1095.31005859375,217.199,0.18,91.9928
2010-06-23,559.06103515625,1092.0400390625,217.199,0.18,91.9928
2010-06-24,559.1539916992188,1073.68994140625,217.199,0.18,91.9928
2010-06-25,558.6390380859375,1076.760009765625,217.199,0.18,91.9928
2010-06-28,564.3280029296875,1074.5699462890625,217.199,0.18,91.9928
2010-06-29,552.1500854492188,1041.239990234375,217.199,0.18,91.9928
2010-06-30,548.39208984375,1030.7099609375,217.199,0.18,91.9928
2010-07-01,545.3401489257812,1027.3699951171875,217.605,0.18,92.3421
2010-07-02,556.362060546875,1022.5800170898438,217.605,0.18,92.3421
2010-07-05,557.152099609375,1022.5800170898438,217.605,0.18,92.3421
2010-07-06,567.875,1028.06005859375,217.605,0.18,92.3421
2010-07-07,567.9830322265625,1060.27001953125,217.605,0.18,92.3421
2010-07-08,573.4529418945312,1070.25,217.605,0.18,92.3421
2010-07-09,571.5059204101562,1077.9599609375,217.605,0.18,92.3421
2010-07-12,575.6949462890625,1078.75,217.605,0.18,92.3421
2010-07-13,582.7838745117188,1095.3399658203125,217.605,0.18,92.3421
2010-07-14,583.0098876953125,1095.1700439453125,217.605,0.18,92.3421
2010-07-15,576.8959350585938,1096.47998046875,217.605,0.18,92.3421
2010-07-16,577.2909545898438,1064.8800048828125,217.605,0.18,92.3421
2010-07-19,581.140869140625,1071.25,217.605,0.18,92.3421
2010-07-20,582.27490234375,1083.47998046875,217.605,0.18,92.3421
2010-07-21,594.94384765625,1069.5899658203125,217.605,0.18,92.3421
2010-07-22,599.1918334960938,1093.6700439453125,217.605,0.18,92.3421
2010-07-23,592.9918212890625,1102.6600341796875,217.605,0.18,92.3421
2010-07-26,595.0738525390625,1115.010009765625,217.605,0.18,92.3421
2010-07-27,603.2858276367188,1113.8399658203125,217.605,0.18,92.3421
2010-07-28,604.0398559570312,1106.1300048828125,217.605,0.18,92.3421
2010-07-29,607.3697509765625,1101.530029296875,217.605,0.18,92.3421
2010-07-30,598.6648559570312,1101.5999755859375,217.605,0.18,92.3421
2010-08-02,606.9287719726562,1125.8599853515625,217.923,0.19,92.6805
2010-08-03,600.7817993164062,1120.4599609375,217.923,0.19,92.6805
2010-08-04,598.8038330078125,1127.239990234375,217.923,0.19,92.6805
2010-08-05,596.02783203125,1125.81005859375,217.923,0.19,92.6805
2010-08-06,597.52685546875,1121.6400146484375,217.923,0.19,92.6805
2010-08-09,598.8538208007812,1127.7900390625,217.923,0.19,92.6805
2010-08-10,591.69287109375,1121.06005859375,217.923,0.19,92.6805
2010-08-11,581.5438842773438,1089.469970703125,217.923,0.19,92.6805
2010-08-12,583.8338623046875,1083.6099853515625,217.923,0.19,92.6805
2010-08-13,584.7958984375,1079.25,217.923,0.19,92.6805
2010-08-16,588.2249145507812,1079.3800048828125,217.923,0.19,92.6805
2010-08-17,594.6258544921875,1092.5400390625,217.923,0.19,92.6805
2010-08-18,594.4308471679688,1094.1600341796875,217.923,0.19,92.6805
2010-08-19,588.4909057617188,1075.6300048828125,217.923,0.19,92.6805
2010-08-20,587.4959106445312,1071.68994140625,217.923,0.19,92.6805
2010-08-23,588.9019165039062,1067.3599853515625,217.923,0.19,92.6805
2010-08-24,586.2288818359375,1051.8699951171875,217.923,0.19,92.6805
2010-08-25,582.8538818359375,1055.3299560546875,217.923,0.19,92.6805
2010-08-26,590.577880859375,1047.219970703125,217.923,0.19,92.6805
2010-08-27,593.455810546875,1064.5899658203125,217.923,0.19,92.6805
2010-08-30,593.455810546875,1048.9200439453125,217.923,0.19,92.6805
2010-08-31,599.7228393554688,1049.3299560546875,217.923,0.19,92.6805
2010-09-01,606.8517456054688,1080.2900390625,218.275,0.19,92.9537
2010-09-02,608.6537475585938,1090.0999755859375,218.275,0.19,92.9537
2010-09-03,609.9847412109375,1104.510009765625,218.275,0.19,92.9537
2010-09-06,611.0067749023438,1104.510009765625,218.275,0.19,92.9537
2010-09-07,607.4647827148438,1091.8399658203125,218.275,0.19,92.9537
2010-09-08,606.0777587890625,1098.8699951171875,218.275,0.19,92.9537
2010-09-09,606.0777587890625,1104.1800537109375,218.275,0.19,92.9537
2010-09-10,606.0777587890625,1109.550048828125,218.275,0.19,92.9537
2010-09-13,622.5977172851562,1121.9000244140625,218.275,0.19,92.9537
2010-09-14,624.7866821289062,1121.0999755859375,218.275,0.19,92.9537
2010-09-15,633.9736328125,1125.0699462890625,218.275,0.19,92.9537
2010-09-16,637.3246459960938,1124.6600341796875,218.275,0.19,92.9537
2010-09-17,638.6165771484375,1125.5899658203125,218.275,0.19,92.9537
2010-09-20,642.892578125,1142.7099609375,218.275,0.19,92.9537
2010-09-21,641.2435913085938,1139.780029296875,218.275,0.19,92.9537
2010-09-22,644.78759765625,1134.280029296875,218.275,0.19,92.9537
2010-09-23,641.922607421875,1124.8299560546875,218.275,0.19,92.9537
2010-09-24,642.4115600585938,1148.6700439453125,218.275,0.19,92.9537
2010-09-27,646.2695922851562,1142.1600341796875,218.275,0.19,92.9537
2010-09-28,655.8955078125,1147.699951171875,218.275,0.19,92.9537
2010-09-29,655.510498046875,1144.72998046875,218.275,0.19,92.9537
2010-09-30,657.7405395507812,1141.199951171875,218.275,0.19,92.9537
2010-10-01,648.8236083984375,1146.239990234375,219.035,0.19,92.6903
2010-10-04,654.1465454101562,1137.030029296875,219.035,0.19,92.6903
2010-10-05,662.8284301757812,1160.75,219.035,0.19,92.6903
2010-10-06,668.79345703125,1159.969970703125,219.035,0.19,92.6903
2010-10-07,667.5864868164062,1158.06005859375,219.035,0.19,92.6903
2010-10-08,672.16845703125,1165.1500244140625,219.035,0.19,92.6903
2010-10-11,689.996337890625,1165.3199462890625,219.035,0.19,92.6903
2010-10-12,696.7472534179688,1169.77001953125,219.035,0.19,92.6903
2010-10-13,701.665283203125,1178.0999755859375,219.035,0.19,92.6903
2010-10-14,692.2533569335938,1173.81005859375,219.035,0.19,92.6903
2010-10-15,701.00830078125,1176.18994140625,219.035,0.19,92.6903
2010-10-18,704.5762939453125,1184.7099609375,219.035,0.19,92.6903
2010-10-19,698.38427734375,1165.9000244140625,219.035,0.19,92.6903
2010-10-20,693.641357421875,1178.1700439453125,219.035,0.19,92.6903
2010-10-21,704.499267578125,1180.260009765625,219.035,0.19,92.6903
2010-10-22,710.064208984375,1183.0799560546875,219.035,0.19,92.6903
2010-10-25,709.2341918945312,1185.6199951171875,219.035,0.19,92.6903
2010-10-26,707.4632568359375,1185.6400146484375,219.035,0.19,92.6903
2010-10-27,685.88134765625,1182.449951171875,219.035,0.19,92.6903
2010-10-28,687.601318359375,1183.780029296875,219.035,0.19,92.6903
2010-10-29,687.601318359375,1183.260009765625,219.035,0.19,92.6903
2010-11-01,690.7393188476562,1184.3800048828125,219.59,0.19,92.7709
2010-11-02,685.2183227539062,1193.5699462890625,219.59,0.19,92.7709
2010-11-03,686.0423583984375,1197.9599609375,219.59,0.19,92.7709
2010-11-04,709.0502319335938,1221.06005859375,219.59,0.19,92.7709
2010-11-05,707.7882080078125,1225.8499755859375,219.59,0.19,92.7709
2010-11-08,709.4072265625,1223.25,219.59,0.19,92.7709
2010-11-09,715.42919921875,1213.4000244140625,219.59,0.19,92.7709
2010-11-10,705.6062622070312,1218.7099609375,219.59,0.19,92.7709
2010-11-11,700.8462524414062,1213.5400390625,219.59,0.19,92.7709
2010-11-12,695.52734375,1199.2099609375,219.59,0.19,92.7709
2010-11-15,699.977294921875,1197.75,219.59,0.19,92.7709
2010-11-16,699.977294921875,1178.3399658203125,219.59,0.19,92.7709
2010-11-17,699.977294921875,1178.5899658203125,219.59,0.19,92.7709
2010-11-18,699.977294921875,1196.68994140625,219.59,0.19,92.7709
2010-11-19,699.977294921875,1199.72998046875,219.59,0.19,92.7709
2010-11-22,679.2614135742188,1197.8399658203125,219.59,0.19,92.7709
2010-11-23,663.3504638671875,1180.72998046875,219.59,0.19,92.7709
2010-11-24,672.303466796875,1198.3499755859375,219.59,0.19,92.7709
2010-11-25,671.4854736328125,1198.3499755859375,219.59,0.19,92.7709
2010-11-26,661.4735107421875,1189.4000244140625,219.59,0.19,92.7709
2010-11-29,640.7185668945312,1187.760009765625,219.59,0.19,92.7709
2010-11-30,653.5054931640625,1180.550048828125,219.59,0.19,92.7709
2010-12-01,661.5585327148438,1206.0699462890625,220.472,0.18,93.6787
2010-12-02,669.387451171875,1221.530029296875,220.472,0.18,93.6787
2010-12-03,668.5984497070312,1224.7099609375,220.472,0.18,93.6787
2010-12-06,677.1173706054688,1223.1199951171875,220.472,0.18,93.6787
2010-12-07,678.7313842773438,1223.75,220.472,0.18,93.6787
2010-12-08,677.0424194335938,1228.280029296875,220.472,0.18,93.6787
2010-12-09,659.135498046875,1233.0,220.472,0.18,93.6787
2010-12-10,647.5866088867188,1240.4000244140625,220.472,0.18,93.6787
2010-12-13,663.8004760742188,1240.4599609375,220.472,0.18,93.6787
2010-12-14,665.0934448242188,1241.5899658203125,220.472,0.18,93.6787
2010-12-15,654.988525390625,1235.22998046875,220.472,0.18,93.6787
2010-12-16,644.2915649414062,1242.8699951171875,220.472,0.18,93.6787
2010-12-17,635.2386474609375,1243.9100341796875,220.472,0.18,93.6787
2010-12-20,635.0126342773438,1247.0799560546875,220.472,0.18,93.6787
2010-12-21,648.1925659179688,1254.5999755859375,220.472,0.18,93.6787
2010-12-22,654.3984985351562,1258.8399658203125,220.472,0.18,93.6787
2010-12-23,662.1864624023438,1256.77001953125,220.472,0.18,93.6787
2010-12-24,662.66943359375,1256.77001953125,220.472,0.18,93.6787
2010-12-27,663.5624389648438,1257.5400390625,220.472,0.18,93.6787
2010-12-28,664.4154663085938,1258.510009765625,220.472,0.18,93.6787
2010-12-29,667.1934814453125,1259.780029296875,220.472,0.18,93.6787
2010-12-30,668.2174682617188,1257.8800048828125,220.472,0.18,93.6787
2010-12-31,660.04150390625,1257.6400146484375,220.472,0.18,93.6787
2011-01-03,676.0753784179688,1271.8699951171875,221.187,0.17,93.4814
2011-01-04,682.2153930664062,1270.199951171875,221.187,0.17,93.4814
2011-01-05,688.2863159179688,1276.56005859375,221.187,0.17,93.4814
2011-01-06,693.1083374023438,1273.8499755859375,221.187,0.17,93.4814
2011-01-07,687.6993408203125,1271.5,221.187,0.17,93.4814
2011-01-10,678.743408203125,1269.75,221.187,0.17,93.4814
2011-01-11,676.6864013671875,1274.47998046875,221.187,0.17,93.4814
2011-01-12,679.2354125976562,1285.9599609375,221.187,0.17,93.4814
2011-01-13,685.7513427734375,1283.760009765625,221.187,0.17,93.4814
2011-01-14,678.7924194335938,1293.239990234375,221.187,0.17,93.4814
2011-01-17,668.3104858398438,1293.239990234375,221.187,0.17,93.4814
2011-01-18,664.2794799804688,1295.02001953125,221.187,0.17,93.4814
2011-01-19,664.62548828125,1281.9200439453125,221.187,0.17,93.4814
2011-01-20,652.8765258789062,1280.260009765625,221.187,0.17,93.4814
2011-01-21,659.26953125,1283.3499755859375,221.187,0.17,93.4814
2011-01-24,652.0135498046875,1290.8399658203125,221.187,0.17,93.4814
2011-01-25,651.5255126953125,1291.1800537109375,221.187,0.17,93.4814
2011-01-26,659.6065063476562,1296.6300048828125,221.187,0.17,93.4814
2011-01-27,650.3825073242188,1299.5400390625,221.187,0.17,93.4814
2011-01-28,632.109619140625,1276.3399658203125,221.187,0.17,93.4814
2011-01-31,632.7776489257812,1286.1199951171875,221.187,0.17,93.4814
2011-02-01,648.2225952148438,1307.5899658203125,221.898,0.16,93.1102
2011-02-02,653.0675048828125,1304.030029296875,221.898,0.16,93.1102
2011-02-03,637.2766723632812,1307.0999755859375,221.898,0.16,93.1102
2011-02-04,653.0865478515625,1310.8699951171875,221.898,0.16,93.1102
2011-02-07,649.0526123046875,1319.050048828125,221.898,0.16,93.1102
2011-02-08,652.5375366210938,1324.5699462890625,221.898,0.16,93.1102
2011-02-09,655.6925048828125,1320.8800048828125,221.898,0.16,93.1102
2011-02-10,644.2116088867188,1321.8699951171875,221.898,0.16,93.1102
2011-02-11,647.3005981445312,1329.1500244140625,221.898,0.16,93.1102
2011-02-14,645.6856079101562,1332.3199462890625,221.898,0.16,93.1102
2011-02-15,648.017578125,1328.010009765625,221.898,0.16,93.1102
2011-02-16,653.614501953125,1336.3199462890625,221.898,0.16,93.1102
2011-02-17,659.728515625,1340.4300537109375,221.898,0.16,93.1102
2011-02-18,659.8544921875,1343.010009765625,221.898,0.16,93.1102
2011-02-21,651.2864990234375,1343.010009765625,221.898,0.16,93.1102
2011-02-22,646.5845947265625,1315.43994140625,221.898,0.16,93.1102
2011-02-23,631.3136596679688,1307.4000244140625,221.898,0.16,93.1102
2011-02-24,607.604736328125,1306.0999755859375,221.898,0.16,93.1102
2011-02-25,613.6697387695312,1319.8800048828125,221.898,0.16,93.1102
2011-02-28,612.8357543945312,1327.219970703125,221.898,0.16,93.1102
2011-03-01,587.0899047851562,1306.3299560546875,223.046,0.14,94.0788
2011-03-02,586.638916015625,1308.43994140625,223.046,0.14,94.0788
2011-03-03,603.8668212890625,1330.969970703125,223.046,0.14,94.0788
2011-03-04,611.124755859375,1321.1500244140625,223.046,0.14,94.0788
2011-03-07,602.1728515625,1310.1300048828125,223.046,0.14,94.0788
2011-03-08,613.0137939453125,1321.8199462890625,223.046,0.14,94.0788
2011-03-09,624.834716796875,1320.02001953125,223.046,0.14,94.0788
2011-03-10,631.6886596679688,1295.1099853515625,223.046,0.14,94.0788
2011-03-11,637.8136596679688,1304.280029296875,223.046,0.14,94.0788
2011-03-14,645.297607421875,1296.3900146484375,223.046,0.14,94.0788
2011-03-15,642.1355590820312,1281.8699951171875,223.046,0.14,94.0788
2011-03-16,632.8006591796875,1256.8800048828125,223.046,0.14,94.0788
2011-03-17,634.8186645507812,1273.719970703125,223.046,0.14,94.0788
2011-03-18,638.3896484375,1279.2099609375,223.046,0.14,94.0788
2011-03-21,642.153564453125,1298.3800048828125,223.046,0.14,94.0788
2011-03-22,648.7425537109375,1293.77001953125,223.046,0.14,94.0788
2011-03-23,637.192626953125,1297.5400390625,223.046,0.14,94.0788
2011-03-24,643.5556030273438,1309.6600341796875,223.046,0.14,94.0788
2011-03-25,642.466552734375,1313.800048828125,223.046,0.14,94.0788
2011-03-28,642.6095581054688,1310.18994140625,223.046,0.14,94.0788
2011-03-29,637.6346435546875,1319.43994140625,223.046,0.14,94.0788
2011-03-30,645.652587890625,1328.260009765625,223.046,0.14,94.0788
2011-03-31,644.341552734375,1325.8299560546875,223.046,0.14,94.0788
2011-04-01,657.1405029296875,1332.4100341796875,224.093,0.1,93.7749
2011-04-04,675.81640625,1332.8699951171875,224.093,0.1,93.7749
2011-04-05,676.8914184570312,1332.6300048828125,224.093,0.1,93.7749
2011-04-06,686.4883422851562,1335.5400390625,224.093,0.1,93.7749
2011-04-07,694.9013671875,1333.510009765625,224.093,0.1,93.7749
2011-04-08,680.9293823242188,1328.1700439453125,224.093,0.1,93.7749
2011-04-11,681.9434204101562,1324.4599609375,224.093,0.1,93.7749
2011-04-12,680.0653686523438,1314.1600341796875,224.093,0.1,93.7749
2011-04-13,682.0303955078125,1314.4100341796875,224.093,0.1,93.7749
2011-04-14,679.5913696289062,1314.52001953125,224.093,0.1,93.7749
2011-04-15,684.5014038085938,1319.6800537109375,224.093,0.1,93.7749
2011-04-18,666.0724487304688,1305.1400146484375,224.093,0.1,93.7749
2011-04-19,677.4174194335938,1312.6199951171875,224.093,0.1,93.7749
2011-04-20,680.536376953125,1330.3599853515625,224.093,0.1,93.7749
2011-04-21,685.65234375,1337.3800048828125,224.093,0.1,93.7749
2011-04-22,686.9143676757812,1337.3800048828125,224.093,0.1,93.7749
2011-04-25,688.7033081054688,1335.25,224.093,0.1,93.7749
2011-04-26,685.2403564453125,1347.239990234375,224.093,0.1,93.7749
2011-04-27,677.9234008789062,1355.6600341796875,224.093,0.1,93.7749
2011-04-28,684.3983764648438,1360.47998046875,224.093,0.1,93.7749
2011-04-29,692.497314453125,1363.6099853515625,224.093,0.1,93.7749
2011-05-02,695.2203369140625,1361.219970703125,224.806,0.09,93.888
2011-05-03,700.7162475585938,1356.6199951171875,224.806,0.09,93.888
2011-05-04,694.372314453125,1347.3199462890625,224.806,0.09,93.888
2011-05-05,693.745361328125,1335.0999755859375,224.806,0.09,93.888
2011-05-06,682.4053955078125,1340.199951171875,224.806,0.09,93.888
2011-05-09,679.5614013671875,1346.2900390625,224.806,0.09,93.888
2011-05-10,672.596435546875,1357.1600341796875,224.806,0.09,93.888
2011-05-11,656.4295043945312,1342.0799560546875,224.806,0.09,93.888
2011-05-12,665.3474731445312,1348.6500244140625,224.806,0.09,93.888
2011-05-13,645.8485717773438,1337.77001953125,224.806,0.09,93.888
2011-05-16,654.175537109375,1329.469970703125,224.806,0.09,93.888
2011-05-17,653.8505249023438,1328.97998046875,224.806,0.09,93.888
2011-05-18,637.32861328125,1340.6800537109375,224.806,0.09,93.888
2011-05-19,637.32861328125,1343.5999755859375,224.806,0.09,93.888
2011-05-20,632.982666015625,1333.27001953125,224.806,0.09,93.888
2011-05-23,632.0956420898438,1317.3699951171875,224.806,0.09,93.888
2011-05-24,645.610595703125,1316.280029296875,224.806,0.09,93.888
2011-05-25,636.0896606445312,1320.469970703125,224.806,0.09,93.888
2011-05-26,637.5506591796875,1325.68994140625,224.806,0.09,93.888
2011-05-27,624.0706787109375,1331.0999755859375,224.806,0.09,93.888
2011-05-30,614.9137573242188,1331.0999755859375,224.806,0.09,93.888
2011-05-31,630.4566650390625,1345.199951171875,224.806,0.09,93.888
2011-06-01,632.24365234375,1314.550048828125,224.806,0.09,94.172
2011-06-02,631.1226196289062,1312.93994140625,224.806,0.09,94.172
2011-06-03,628.0656127929688,1300.1600341796875,224.806,0.09,94.172
2011-06-06,635.1646728515625,1286.1700439453125,224.806,0.09,94.172
2011-06-07,644.6286010742188,1284.93994140625,224.806,0.09,94.172
2011-06-08,640.6676025390625,1279.56005859375,224.806,0.09,94.172
2011-06-09,636.6976318359375,1289.0,224.806,0.09,94.172
2011-06-10,636.9996337890625,1270.97998046875,224.806,0.09,94.172
2011-06-13,635.2286376953125,1271.8299560546875,224.806,0.09,94.172
2011-06-14,621.8516845703125,1287.8699951171875,224.806,0.09,94.172
2011-06-15,609.3857421875,1265.4200439453125,224.806,0.09,94.172
2011-06-16,611.1637573242188,1267.6400146484375,224.806,0.09,94.172
2011-06-17,617.1636962890625,1271.5,224.806,0.09,94.172
2011-06-20,610.0737915039062,1278.3599853515625,224.806,0.09,94.172
2011-06-21,620.3286743164062,1295.52001953125,224.806,0.09,94.172
2011-06-22,612.1767578125,1287.1400146484375,224.806,0.09,94.172
2011-06-23,615.8956909179688,1283.5,224.806,0.09,94.172
2011-06-24,620.7227172851562,1268.449951171875,224.806,0.09,94.172
2011-06-27,619.5297241210938,1280.0999755859375,224.806,0.09,94.172
2011-06-28,628.1876220703125,1296.6700439453125,224.806,0.09,94.172
2011-06-29,630.025634765625,1307.4100341796875,224.806,0.09,94.172
2011-06-30,632.6906127929688,1320.6400146484375,224.806,0.09,94.172
2011-07-01,632.6416625976562,1339.6700439453125,225.395,0.07,94.636
2011-07-04,641.8635864257812,1339.6700439453125,225.395,0.07,94.636
2011-07-05,638.6596069335938,1337.8800048828125,225.395,0.07,94.636
2011-07-06,632.3976440429688,1339.219970703125,225.395,0.07,94.636
2011-07-07,641.0045776367188,1353.219970703125,225.395,0.07,94.636
2011-07-08,635.9586181640625,1343.800048828125,225.395,0.07,94.636
2011-07-11,629.0916137695312,1319.489990234375,225.395,0.07,94.636
2011-07-12,626.8947143554688,1313.6400146484375,225.395,0.07,94.636
2011-07-13,632.607666015625,1317.719970703125,225.395,0.07,94.636
2011-07-14,627.4346313476562,1308.8699951171875,225.395,0.07,94.636
2011-07-15,626.3477172851562,1316.1400146484375,225.395,0.07,94.636
2011-07-18,620.2467041015625,1305.43994140625,225.395,0.07,94.636
2011-07-19,618.397705078125,1326.72998046875,225.395,0.07,94.636
2011-07-20,616.3646850585938,1325.8399658203125,225.395,0.07,94.636
2011-07-21,608.8197631835938,1343.800048828125,225.395,0.07,94.636
2011-07-22,598.0198364257812,1345.02001953125,225.395,0.07,94.636
2011-07-25,610.4737548828125,1337.4300537109375,225.395,0.07,94.636
2011-07-26,613.8827514648438,1331.93994140625,225.395,0.07,94.636
2011-07-27,611.812744140625,1304.8900146484375,225.395,0.07,94.636
2011-07-28,625.3057250976562,1300.6700439453125,225.395,0.07,94.636
2011-07-29,622.9536743164062,1292.280029296875,225.395,0.07,94.636
2011-08-01,619.2626953125,1286.93994140625,226.106,0.1,95.2749
2011-08-02,617.5827026367188,1254.050048828125,226.106,0.1,95.2749
2011-08-03,613.1477661132812,1260.3399658203125,226.106,0.1,95.2749
2011-08-04,593.2568359375,1200.0699462890625,226.106,0.1,95.2749
2011-08-05,562.6520385742188,1199.3800048828125,226.106,0.1,95.2749
2011-08-08,522.832275390625,1119.4599609375,226.106,0.1,95.2749
2011-08-09,529.6091918945312,1172.530029296875,226.106,0.1,95.2749
2011-08-10,503.0733337402344,1120.760009765625,226.106,0.1,95.2749
2011-08-11,520.167236328125,1172.6400146484375,226.106,0.1,95.2749
2011-08-12,521.88427734375,1178.81005859375,226.106,0.1,95.2749
2011-08-15,534.8502197265625,1204.489990234375,226.106,0.1,95.2749
2011-08-16,540.9711303710938,1192.760009765625,226.106,0.1,95.2749
2011-08-17,542.1751098632812,1193.8900146484375,226.106,0.1,95.2749
2011-08-18,519.4562377929688,1140.6500244140625,226.106,0.1,95.2749
2011-08-19,530.6141967773438,1123.530029296875,226.106,0.1,95.2749
2011-08-22,532.8671875,1123.8199462890625,226.106,0.1,95.2749
2011-08-23,524.1121826171875,1162.3499755859375,226.106,0.1,95.2749
2011-08-24,530.5482177734375,1177.5999755859375,226.106,0.1,95.2749
2011-08-25,529.6741943359375,1159.27001953125,226.106,0.1,95.2749
2011-08-26,537.0731201171875,1176.800048828125,226.106,0.1,95.2749
2011-08-29,539.4581298828125,1210.0799560546875,226.106,0.1,95.2749
2011-08-30,539.4581298828125,1212.9200439453125,226.106,0.1,95.2749
2011-08-31,539.4581298828125,1218.8900146484375,226.106,0.1,95.2749
2011-09-01,539.4581298828125,1204.4200439453125,226.597,0.08,95.1961
2011-09-02,553.7500610351562,1173.969970703125,226.597,0.08,95.1961
2011-09-05,540.5451049804688,1173.969970703125,226.597,0.08,95.1961
2011-09-06,550.195068359375,1165.239990234375,226.597,0.08,95.1961
2011-09-07,552.3790893554688,1198.6199951171875,226.597,0.08,95.1961
2011-09-08,566.9169921875,1185.9000244140625,226.597,0.08,95.1961
2011-09-09,559.0270385742188,1154.22998046875,226.597,0.08,95.1961
2011-09-12,556.0450439453125,1162.27001953125,226.597,0.08,95.1961
2011-09-13,566.5029907226562,1172.8699951171875,226.597,0.08,95.1961
2011-09-14,561.2160034179688,1188.6800537109375,226.597,0.08,95.1961
2011-09-15,571.1529541015625,1209.1099853515625,226.597,0.08,95.1961
2011-09-16,578.9619750976562,1216.010009765625,226.597,0.08,95.1961
2011-09-19,579.3289184570312,1204.0899658203125,226.597,0.08,95.1961
2011-09-20,608.8877563476562,1202.0899658203125,226.597,0.08,95.1961
2011-09-21,608.2757568359375,1166.760009765625,226.597,0.08,95.1961
2011-09-22,579.7959594726562,1129.56005859375,226.597,0.08,95.1961
2011-09-23,563.2310180664062,1136.4300537109375,226.597,0.08,95.1961
2011-09-26,568.009033203125,1162.949951171875,226.597,0.08,95.1961
2011-09-27,582.60986328125,1175.3800048828125,226.597,0.08,95.1961
2011-09-28,589.8818969726562,1151.06005859375,226.597,0.08,95.1961
2011-09-29,597.5787963867188,1160.4000244140625,226.597,0.08,95.1961
2011-09-30,596.9308471679688,1131.4200439453125,226.597,0.08,95.1961
2011-10-03,594.5938110351562,1099.22998046875,226.75,0.07,95.8568
2011-10-04,572.0889282226562,1123.949951171875,226.75,0.07,95.8568
2011-10-05,573.1089477539062,1144.030029296875,226.75,0.07,95.8568
2011-10-06,572.2819213867188,1164.969970703125,226.75,0.07,95.8568
2011-10-07,573.3849487304688,1155.4599609375,226.75,0.07,95.8568
2011-10-10,583.2728881835938,1194.8900146484375,226.75,0.07,95.8568
2011-10-11,586.6378784179688,1195.5400390625,226.75,0.07,95.8568
2011-10-12,594.1998291015625,1207.25,226.75,0.07,95.8568
2011-10-13,585.430908203125,1203.6600341796875,226.75,0.07,95.8568
2011-10-14,592.9998168945312,1224.5799560546875,226.75,0.07,95.8568
2011-10-17,584.4208984375,1200.8599853515625,226.75,0.07,95.8568
2011-10-18,587.5028686523438,1225.3800048828125,226.75,0.07,95.8568
2011-10-19,577.9839477539062,1209.8800048828125,226.75,0.07,95.8568
2011-10-20,559.0419921875,1215.3900146484375,226.75,0.07,95.8568
2011-10-21,567.9199829101562,1238.25,226.75,0.07,95.8568
2011-10-24,562.5910034179688,1254.18994140625,226.75,0.07,95.8568
2011-10-25,562.781005859375,1229.050048828125,226.75,0.07,95.8568
2011-10-26,554.696044921875,1242.0,226.75,0.07,95.8568
2011-10-27,566.1650390625,1284.5899658203125,226.75,0.07,95.8568
2011-10-28,570.4209594726562,1285.0899658203125,226.75,0.07,95.8568
2011-10-31,560.6119995117188,1253.300048828125,226.75,0.07,95.8568
2011-11-01,548.5120849609375,1218.280029296875,227.169,0.08,95.8485
2011-11-02,557.2110595703125,1237.9000244140625,227.169,0.08,95.8485
2011-11-03,565.2250366210938,1261.1500244140625,227.169,0.08,95.8485
2011-11-04,561.7990112304688,1253.22998046875,227.169,0.08,95.8485
2011-11-07,561.7990112304688,1261.1199951171875,227.169,0.08,95.8485
2011-11-08,561.7990112304688,1275.9200439453125,227.169,0.08,95.8485
2011-11-09,561.7990112304688,1229.0999755859375,227.169,0.08,95.8485
2011-11-10,555.404052734375,1239.699951171875,227.169,0.08,95.8485
2011-11-11,562.0120239257812,1263.8499755859375,227.169,0.08,95.8485
2011-11-14,558.7540283203125,1251.780029296875,227.169,0.08,95.8485
2011-11-15,559.2219848632812,1257.81005859375,227.169,0.08,95.8485
2011-11-16,559.2720336914062,1236.9100341796875,227.169,0.08,95.8485
2011-11-17,550.8950805664062,1216.1300048828125,227.169,0.08,95.8485
2011-11-18,544.7361450195312,1215.6500244140625,227.169,0.08,95.8485
2011-11-21,527.5191650390625,1192.97998046875,227.169,0.08,95.8485
2011-11-22,519.8612670898438,1188.0400390625,227.169,0.08,95.8485
2011-11-23,510.91229248046875,1161.7900390625,227.169,0.08,95.8485
2011-11-24,496.2143859863281,1161.7900390625,227.169,0.08,95.8485
2011-11-25,510.70928955078125,1158.6700439453125,227.169,0.08,95.8485
2011-11-28,522.833251953125,1192.550048828125,227.169,0.08,95.8485
2011-11-29,520.9252319335938,1195.18994140625,227.169,0.08,95.8485
2011-11-30,545.1751098632812,1246.9599609375,227.169,0.08,95.8485
2011-12-01,538.0631103515625,1244.5799560546875,227.223,0.07,96.3571
2011-12-02,547.6900634765625,1244.280029296875,227.223,0.07,96.3571
2011-12-05,551.955078125,1257.0799560546875,227.223,0.07,96.3571
2011-12-06,546.7880859375,1258.469970703125,227.223,0.07,96.3571
2011-12-07,551.3860473632812,1261.010009765625,227.223,0.07,96.3571
2011-12-08,534.9901733398438,1234.3499755859375,227.223,0.07,96.3571
2011-12-09,538.3461303710938,1255.18994140625,227.223,0.07,96.3571
2011-12-12,524.4381713867188,1236.469970703125,227.223,0.07,96.3571
2011-12-13,525.51220703125,1225.72998046875,227.223,0.07,96.3571
2011-12-14,513.3872680664062,1211.8199462890625,227.223,0.07,96.3571
2011-12-15,518.8622436523438,1215.75,227.223,0.07,96.3571
2011-12-16,516.6552734375,1219.6600341796875,227.223,0.07,96.3571
2011-12-19,507.4183044433594,1205.3499755859375,227.223,0.07,96.3571
2011-12-20,521.2662353515625,1241.300048828125,227.223,0.07,96.3571
2011-12-21,517.4712524414062,1243.719970703125,227.223,0.07,96.3571
2011-12-22,515.9132690429688,1254.0,227.223,0.07,96.3571
2011-12-23,519.4832763671875,1265.3299560546875,227.223,0.07,96.3571
2011-12-26,525.170166015625,1265.3299560546875,227.223,0.07,96.3571
2011-12-27,525.6091918945312,1265.4300537109375,227.223,0.07,96.3571
2011-12-28,515.5292358398438,1249.6400146484375,227.223,0.07,96.3571
2011-12-29,520.5332641601562,1263.02001953125,227.223,0.07,96.3571
2011-12-30,512.6632690429688,1257.5999755859375,227.223,0.07,96.3571
2012-01-02,513.4072265625,1257.5999755859375,227.842,0.08,96.9318
2012-01-03,528.5881958007812,1277.06005859375,227.842,0.08,96.9318
2012-01-04,515.3232421875,1277.300048828125,227.842,0.08,96.9318
2012-01-05,512.0432739257812,1281.06005859375,227.842,0.08,96.9318
2012-01-06,501.8223571777344,1277.81005859375,227.842,0.08,96.9318
2012-01-09,498.3673400878906,1280.699951171875,227.842,0.08,96.9318
2012-01-10,507.8153076171875,1292.0799560546875,227.842,0.08,96.9318
2012-01-11,514.1012573242188,1292.47998046875,227.842,0.08,96.9318
2012-01-12,521.540283203125,1295.5,227.842,0.08,96.9318
2012-01-13,515.6142578125,1289.0899658203125,227.842,0.08,96.9318
2012-01-16,527.9691772460938,1289.0899658203125,227.842,0.08,96.9318
2012-01-17,535.2901611328125,1293.6700439453125,227.842,0.08,96.9318
2012-01-18,543.8451538085938,1308.0400390625,227.842,0.08,96.9318
2012-01-19,546.0761108398438,1314.5,227.842,0.08,96.9318
2012-01-20,548.883056640625,1315.3800048828125,227.842,0.08,96.9318
2012-01-23,551.8590698242188,1316.0,227.842,0.08,96.9318
2012-01-24,547.9050903320312,1314.6500244140625,227.842,0.08,96.9318
2012-01-25,549.18408203125,1326.06005859375,227.842,0.08,96.9318
2012-01-26,569.5849609375,1318.4300537109375,227.842,0.08,96.9318
2012-01-27,573.56396484375,1316.3299560546875,227.842,0.08,96.9318
2012-01-30,578.1149291992188,1313.010009765625,227.842,0.08,96.9318
2012-01-31,571.7099609375,1312.4100341796875,227.842,0.08,96.9318
2012-02-01,592.1538696289062,1324.0899658203125,228.329,0.1,97.2435
2012-02-02,600.5158081054688,1325.5400390625,228.329,0.1,97.2435
2012-02-03,601.476806640625,1344.9000244140625,228.329,0.1,97.2435
2012-02-06,606.7457885742188,1344.3299560546875,228.329,0.1,97.2435
2012-02-07,605.4557495117188,1347.050048828125,228.329,0.1,97.2435
2012-02-08,611.77978515625,1349.9599609375,228.329,0.1,97.2435
2012-02-09,601.621826171875,1351.949951171875,228.329,0.1,97.2435
2012-02-10,593.3178100585938,1342.6400146484375,228.329,0.1,97.2435
2012-02-13,605.57177734375,1351.77001953125,228.329,0.1,97.2435
2012-02-14,596.6177978515625,1350.5,228.329,0.1,97.2435
2012-02-15,598.4728393554688,1343.22998046875,228.329,0.1,97.2435
2012-02-16,600.2978515625,1358.0400390625,228.329,0.1,97.2435
2012-02-17,611.1097412109375,1361.22998046875,228.329,0.1,97.2435
2012-02-20,614.48779296875,1361.22998046875,228.329,0.1,97.2435
2012-02-21,612.5247802734375,1362.2099609375,228.329,0.1,97.2435
2012-02-22,608.560791015625,1357.6600341796875,228.329,0.1,97.2435
2012-02-23,596.662841796875,1363.4599609375,228.329,0.1,97.2435
2012-02-24,597.371826171875,1365.739990234375,228.329,0.1,97.2435
2012-02-27,588.2149047851562,1367.5899658203125,228.329,0.1,97.2435
2012-02-28,599.7817993164062,1372.1800537109375,228.329,0.1,97.2435
2012-02-29,607.208740234375,1365.6800537109375,228.329,0.1,97.2435
2012-03-01,607.2557373046875,1374.0899658203125,228.807,0.13,96.74
2012-03-02,609.020751953125,1369.6300048828125,228.807,0.13,96.74
2012-03-05,596.851806640625,1364.3299560546875,228.807,0.13,96.74
2012-03-06,591.430908203125,1343.3599853515625,228.807,0.13,96.74
2012-03-07,594.7938232421875,1352.6300048828125,228.807,0.13,96.74
2012-03-08,596.7348022460938,1365.9100341796875,228.807,0.13,96.74
2012-03-09,592.8008422851562,1370.8699951171875,228.807,0.13,96.74
2012-03-12,590.0918579101562,1371.0899658203125,228.807,0.13,96.74
2012-03-13,593.8868408203125,1395.949951171875,228.807,0.13,96.74
2012-03-14,608.353759765625,1394.280029296875,228.807,0.13,96.74
2012-03-15,612.789794921875,1402.5999755859375,228.807,0.13,96.74
2012-03-16,623.3596801757812,1404.1700439453125,228.807,0.13,96.74
2012-03-19,625.3696899414062,1409.75,228.807,0.13,96.74
2012-03-20,621.6376953125,1405.52001953125,228.807,0.13,96.74
2012-03-21,620.646728515625,1402.8900146484375,228.807,0.13,96.74
2012-03-22,617.8637084960938,1392.780029296875,228.807,0.13,96.74
2012-03-23,614.1707763671875,1397.1099853515625,228.807,0.13,96.74
2012-03-26,625.6116943359375,1416.510009765625,228.807,0.13,96.74
2012-03-27,624.9066772460938,1412.52001953125,228.807,0.13,96.74
2012-03-28,618.147705078125,1405.5400390625,228.807,0.13,96.74
2012-03-29,615.4457397460938,1403.280029296875,228.807,0.13,96.74
2012-03-30,624.2266845703125,1408.469970703125,228.807,0.13,96.74
2012-04-02,629.6896362304688,1419.0400390625,229.187,0.14,97.4359
2012-04-03,632.8416137695312,1413.3800048828125,229.187,0.14,97.4359
2012-04-04,624.63671875,1398.9599609375,229.187,0.14,97.4359
2012-04-05,620.6237182617188,1398.0799560546875,229.187,0.14,97.4359
2012-04-06,609.3927612304688,1398.0799560546875,229.187,0.14,97.4359
2012-04-09,608.1297607421875,1382.199951171875,229.187,0.14,97.4359
2012-04-10,599.8738403320312,1358.5899658203125,229.187,0.14,97.4359
2012-04-11,607.0947875976562,1368.7099609375,229.187,0.14,97.4359
2012-04-12,608.8977661132812,1387.5699462890625,229.187,0.14,97.4359
2012-04-13,605.82275390625,1370.260009765625,229.187,0.14,97.4359
2012-04-16,604.78173828125,1369.5699462890625,229.187,0.14,97.4359
2012-04-17,606.5227661132812,1390.780029296875,229.187,0.14,97.4359
2012-04-18,601.3157958984375,1385.1400146484375,229.187,0.14,97.4359
2012-04-19,598.4818115234375,1376.9200439453125,229.187,0.14,97.4359
2012-04-20,601.225830078125,1378.530029296875,229.187,0.14,97.4359
2012-04-23,601.225830078125,1366.93994140625,229.187,0.14,97.4359
2012-04-24,597.0568237304688,1371.969970703125,229.187,0.14,97.4359
2012-04-25,599.40185546875,1390.68994140625,229.187,0.14,97.4359
2012-04-26,606.7747802734375,1399.97998046875,229.187,0.14,97.4359
2012-04-27,605.9637451171875,1403.3599853515625,229.187,0.14,97.4359
2012-04-30,600.100830078125,1397.9100341796875,229.187,0.14,97.4359
2012-05-01,600.100830078125,1405.8199462890625,228.713,0.16,97.6609
2012-05-02,589.4338989257812,1402.31005859375,228.713,0.16,97.6609
2012-05-03,592.8538208007812,1391.5699462890625,228.713,0.16,97.6609
2012-05-04,590.1538696289062,1369.0999755859375,228.713,0.16,97.6609
2012-05-07,588.0938720703125,1369.5799560546875,228.713,0.16,97.6609
2012-05-08,587.4898681640625,1363.719970703125,228.713,0.16,97.6609
2012-05-09,580.9269409179688,1354.5799560546875,228.713,0.16,97.6609
2012-05-10,588.2048950195312,1357.989990234375,228.713,0.16,97.6609
2012-05-11,588.722900390625,1353.3900146484375,228.713,0.16,97.6609
2012-05-14,578.5359497070312,1338.3499755859375,228.713,0.16,97.6609
2012-05-15,574.5279541015625,1330.6600341796875,228.713,0.16,97.6609
2012-05-16,581.0059204101562,1324.800048828125,228.713,0.16,97.6609
2012-05-17,573.3089599609375,1304.8599853515625,228.713,0.16,97.6609
2012-05-18,569.35498046875,1295.219970703125,228.713,0.16,97.6609
2012-05-21,565.3930053710938,1315.989990234375,228.713,0.16,97.6609
2012-05-22,570.7919311523438,1316.6300048828125,228.713,0.16,97.6609
2012-05-23,557.340087890625,1318.8599853515625,228.713,0.16,97.6609
2012-05-24,549.1630859375,1320.6800537109375,228.713,0.16,97.6609
2012-05-25,548.0960693359375,1317.8199462890625,228.713,0.16,97.6609
2012-05-28,548.4360961914062,1317.8199462890625,228.713,0.16,97.6609
2012-05-29,554.4920654296875,1332.4200439453125,228.713,0.16,97.6609
2012-05-30,551.2500610351562,1313.3199462890625,228.713,0.16,97.6609
2012-05-31,550.9900512695312,1310.3299560546875,228.713,0.16,97.6609
2012-06-01,555.6810913085938,1278.0400390625,228.524,0.16,97.6663
2012-06-04,557.4400634765625,1278.1800537109375,228.524,0.16,97.6663
2012-06-05,557.9950561523438,1285.5,228.524,0.16,97.6663
2012-06-06,562.4819946289062,1315.1300048828125,228.524,0.16,97.6663
2012-06-07,566.9539794921875,1314.989990234375,228.524,0.16,97.6663
2012-06-08,572.9969482421875,1325.6600341796875,228.524,0.16,97.6663
2012-06-11,575.044921875,1308.9300537109375,228.524,0.16,97.6663
2012-06-12,582.0098876953125,1324.1800537109375,228.524,0.16,97.6663
2012-06-13,582.5018920898438,1314.8800048828125,228.524,0.16,97.6663
2012-06-14,583.6438598632812,1329.0999755859375,228.524,0.16,97.6663
2012-06-15,584.6748657226562,1342.8399658203125,228.524,0.16,97.6663
2012-06-18,583.2459106445312,1344.780029296875,228.524,0.16,97.6663
2012-06-19,592.9938354492188,1357.97998046875,228.524,0.16,97.6663
2012-06-20,594.0098266601562,1355.68994140625,228.524,0.16,97.6663
2012-06-21,604.394775390625,1325.510009765625,228.524,0.16,97.6663
2012-06-22,604.5107421875,1335.02001953125,228.524,0.16,97.6663
2012-06-25,594.7908325195312,1313.719970703125,228.524,0.16,97.6663
2012-06-26,601.2628173828125,1319.989990234375,228.524,0.16,97.6663
2012-06-27,611.8397827148438,1331.8499755859375,228.524,0.16,97.6663
2012-06-28,608.2227783203125,1329.0400390625,228.524,0.16,97.6663
2012-06-29,625.4317016601562,1362.1600341796875,228.524,0.16,97.6663
2012-07-02,619.5087280273438,1365.510009765625,228.59,0.16,97.8713
2012-07-03,627.2096557617188,1374.02001953125,228.59,0.16,97.8713
2012-07-04,629.857666015625,1374.02001953125,228.59,0.16,97.8713
2012-07-05,619.7177124023438,1367.5799560546875,228.59,0.16,97.8713
2012-07-06,627.8026733398438,1354.6800537109375,228.59,0.16,97.8713
2012-07-09,626.0776977539062,1352.4599609375,228.59,0.16,97.8713
2012-07-10,631.2366333007812,1341.469970703125,228.59,0.16,97.8713
2012-07-11,630.484619140625,1341.449951171875,228.59,0.16,97.8713
2012-07-12,623.24267578125,1334.760009765625,228.59,0.16,97.8713
2012-07-13,626.6187133789062,1356.780029296875,228.59,0.16,97.8713
2012-07-16,626.7496948242188,1353.6400146484375,228.59,0.16,97.8713
2012-07-17,624.7247314453125,1363.6700439453125,228.59,0.16,97.8713
2012-07-18,624.4456787109375,1372.780029296875,228.59,0.16,97.8713
2012-07-19,623.4047241210938,1376.510009765625,228.59,0.16,97.8713
2012-07-20,617.918701171875,1362.6600341796875,228.59,0.16,97.8713
2012-07-23,607.36474609375,1350.52001953125,228.59,0.16,97.8713
2012-07-24,613.02978515625,1338.31005859375,228.59,0.16,97.8713
2012-07-25,617.0717163085938,1337.8900146484375,228.59,0.16,97.8713
2012-07-26,638.4066162109375,1360.02001953125,228.59,0.16,97.8713
2012-07-27,643.724609375,1385.969970703125,228.59,0.16,97.8713
2012-07-30,650.3175048828125,1385.300048828125,228.59,0.16,97.8713
2012-07-31,642.591552734375,1379.3199462890625,228.59,0.16,97.8713
2012-08-01,640.80859375,1375.3199462890625,229.918,0.13,97.4525
2012-08-02,637.775634765625,1365.0,229.918,0.13,97.4525
2012-08-03,653.0325317382812,1390.989990234375,229.918,0.13,97.4525
2012-08-06,655.7645263671875,1394.22998046875,229.918,0.13,97.4525
2012-08-07,649.3805541992188,1401.3499755859375,229.918,0.13,97.4525
2012-08-08,646.9826049804688,1402.219970703125,229.918,0.13,97.4525
2012-08-09,645.007568359375,1402.800048828125,229.918,0.13,97.4525
2012-08-10,651.2565307617188,1405.8699951171875,229.918,0.13,97.4525
2012-08-13,651.4855346679688,1404.1099853515625,229.918,0.13,97.4525
2012-08-14,641.6045532226562,1403.9300537109375,229.918,0.13,97.4525
2012-08-15,646.1145629882812,1405.530029296875,229.918,0.13,97.4525
2012-08-16,649.1585693359375,1415.510009765625,229.918,0.13,97.4525
2012-08-17,657.58154296875,1418.1600341796875,229.918,0.13,97.4525
2012-08-20,657.58154296875,1418.1300048828125,229.918,0.13,97.4525
2012-08-21,657.58154296875,1413.1700439453125,229.918,0.13,97.4525
2012-08-22,661.0845336914062,1413.489990234375,229.918,0.13,97.4525
2012-08-23,660.79150390625,1402.0799560546875,229.918,0.13,97.4525
2012-08-24,656.53955078125,1411.1300048828125,229.918,0.13,97.4525
2012-08-27,659.4125366210938,1410.43994140625,229.918,0.13,97.4525
2012-08-28,661.3895263671875,1409.300048828125,229.918,0.13,97.4525
2012-08-29,661.5225219726562,1410.489990234375,229.918,0.13,97.4525
2012-08-30,661.5225219726562,1399.47998046875,229.918,0.13,97.4525
2012-08-31,673.6763916015625,1406.5799560546875,229.918,0.13,97.4525
2012-09-03,672.0784301757812,1406.5799560546875,231.015,0.14,97.381
2012-09-04,668.9774780273438,1404.93994140625,231.015,0.14,97.381
2012-09-05,675.5913696289062,1403.43994140625,231.015,0.14,97.381
2012-09-06,677.1444091796875,1432.1199951171875,231.015,0.14,97.381
2012-09-07,679.3673706054688,1437.9200439453125,231.015,0.14,97.381
2012-09-10,681.21240234375,1429.0799560546875,231.015,0.14,97.381
2012-09-11,681.0474243164062,1433.56005859375,231.015,0.14,97.381
2012-09-12,681.83642578125,1436.56005859375,231.015,0.14,97.381
2012-09-13,672.9034423828125,1459.989990234375,231.015,0.14,97.381
2012-09-14,681.8013916015625,1465.77001953125,231.015,0.14,97.381
2012-09-17,680.9193725585938,1461.18994140625,231.015,0.14,97.381
2012-09-18,676.0004272460938,1459.3199462890625,231.015,0.14,97.381
2012-09-19,671.1444702148438,1461.050048828125,231.015,0.14,97.381
2012-09-20,670.0134887695312,1460.260009765625,231.015,0.14,97.381
2012-09-21,678.911376953125,1460.1500244140625,231.015,0.14,97.381
2012-09-24,672.0674438476562,1456.8900146484375,231.015,0.14,97.381
2012-09-25,678.0924072265625,1441.5899658203125,231.015,0.14,97.381
2012-09-26,666.7534790039062,1433.3199462890625,231.015,0.14,97.381
2012-09-27,667.7024536132812,1447.1500244140625,231.015,0.14,97.381
2012-09-28,663.9634399414062,1440.6700439453125,231.015,0.14,97.381
2012-10-01,667.5454711914062,1444.489990234375,231.638,0.16,97.7193
2012-10-02,674.9783935546875,1445.75,231.638,0.16,97.7193
2012-10-03,668.220458984375,1450.989990234375,231.638,0.16,97.7193
2012-10-04,669.0904541015625,1461.4000244140625,231.638,0.16,97.7193
2012-10-05,673.8333740234375,1460.9300537109375,231.638,0.16,97.7193
2012-10-08,674.3504028320312,1455.8800048828125,231.638,0.16,97.7193
2012-10-09,680.6254272460938,1441.47998046875,231.638,0.16,97.7193
2012-10-10,684.5723876953125,1432.56005859375,231.638,0.16,97.7193
2012-10-11,695.7723388671875,1432.8399658203125,231.638,0.16,97.7193
2012-10-12,696.02734375,1428.5899658203125,231.638,0.16,97.7193
2012-10-15,697.6932983398438,1440.1300048828125,231.638,0.16,97.7193
2012-10-16,702.8132934570312,1454.9200439453125,231.638,0.16,97.7193
2012-10-17,706.8612670898438,1460.9100341796875,231.638,0.16,97.7193
2012-10-18,703.5542602539062,1457.3399658203125,231.638,0.16,97.7193
2012-10-19,707.7362060546875,1433.18994140625,231.638,0.16,97.7193
2012-10-22,712.1912231445312,1433.8199462890625,231.638,0.16,97.7193
2012-10-23,707.6192016601562,1413.1099853515625,231.638,0.16,97.7193
2012-10-24,707.0802612304688,1408.75,231.638,0.16,97.7193
2012-10-25,707.0802612304688,1412.969970703125,231.638,0.16,97.7193
2012-10-26,707.0802612304688,1411.93994140625,231.638,0.16,97.7193
2012-10-30,717.1652221679688,1411.93994140625,231.638,0.16,97.7193
2012-10-31,725.2861328125,1412.1600341796875,231.638,0.16,97.7193
2012-11-01,725.5211791992188,1427.5899658203125,231.249,0.16,98.0777
2012-11-02,714.2222290039062,1414.199951171875,231.249,0.16,98.0777
2012-11-05,727.3671264648438,1417.260009765625,231.249,0.16,98.0777
2012-11-06,720.3931274414062,1428.3900146484375,231.249,0.16,98.0777
2012-11-07,716.0452270507812,1394.530029296875,231.249,0.16,98.0777
2012-11-08,726.494140625,1377.510009765625,231.249,0.16,98.0777
2012-11-09,718.19921875,1379.8499755859375,231.249,0.16,98.0777
2012-11-12,713.5662231445312,1380.030029296875,231.249,0.16,98.0777
2012-11-13,720.1481323242188,1374.530029296875,231.249,0.16,98.0777
2012-11-14,713.252197265625,1355.489990234375,231.249,0.16,98.0777
2012-11-15,715.9682006835938,1353.3299560546875,231.249,0.16,98.0777
2012-11-16,707.9012451171875,1359.8800048828125,231.249,0.16,98.0777
2012-11-19,706.0702514648438,1386.8900146484375,231.249,0.16,98.0777
2012-11-20,706.36328125,1387.81005859375,231.249,0.16,98.0777
2012-11-21,704.604248046875,1391.030029296875,231.249,0.16,98.0777
2012-11-22,699.2572631835938,1391.030029296875,231.249,0.16,98.0777
2012-11-23,710.0392456054688,1409.1500244140625,231.249,0.16,98.0777
2012-11-26,718.6652221679688,1406.2900390625,231.249,0.16,98.0777
2012-11-27,719.9931640625,1398.93994140625,231.249,0.16,98.0777
2012-11-28,719.7411499023438,1409.9300537109375,231.249,0.16,98.0777
2012-11-29,724.4851684570312,1415.949951171875,231.249,0.16,98.0777
2012-11-30,730.5811767578125,1416.1800537109375,231.249,0.16,98.0777
2012-12-03,742.9850463867188,1409.4599609375,231.221,0.16,98.3101
2012-12-04,755.2229614257812,1407.050048828125,231.221,0.16,98.3101
2012-12-05,760.3799438476562,1409.280029296875,231.221,0.16,98.3101
2012-12-06,757.8519897460938,1413.93994140625,231.221,0.16,98.3101
2012-12-07,762.41796875,1418.0699462890625,231.221,0.16,98.3101
2012-12-10,767.3399047851562,1418.550048828125,231.221,0.16,98.3101
2012-12-11,768.1439208984375,1427.8399658203125,231.221,0.16,98.3101
2012-12-12,774.0399169921875,1428.47998046875,231.221,0.16,98.3101
2012-12-13,769.62890625,1419.449951171875,231.221,0.16,98.3101
2012-12-14,762.927978515625,1413.5799560546875,231.221,0.16,98.3101
2012-12-17,774.6649169921875,1430.3599853515625,231.221,0.16,98.3101
2012-12-18,772.9808959960938,1446.7900390625,231.221,0.16,98.3101
2012-12-19,768.0989379882812,1435.81005859375,231.221,0.16,98.3101
2012-12-20,768.139892578125,1443.68994140625,231.221,0.16,98.3101
2012-12-21,766.8428955078125,1430.1500244140625,231.221,0.16,98.3101
2012-12-24,773.1409301757812,1426.6600341796875,231.221,0.16,98.3101
2012-12-25,775.9578857421875,1426.6600341796875,231.221,0.16,98.3101
2012-12-26,779.9068603515625,1419.8299560546875,231.221,0.16,98.3101
2012-12-27,784.537841796875,1418.0999755859375,231.221,0.16,98.3101
2012-12-28,785.786865234375,1402.4300537109375,231.221,0.16,98.3101
2012-12-31,782.079833984375,1426.18994140625,231.221,0.16,98.3101
2013-01-02,796.4168090820312,1462.4200439453125,231.679,0.14,98.3342
2013-01-03,800.3287353515625,1459.3699951171875,231.679,0.14,98.3342
2013-01-04,795.6358032226562,1466.469970703125,231.679,0.14,98.3342
2013-01-07,802.23974609375,1461.8900146484375,231.679,0.14,98.3342
2013-01-08,801.6127319335938,1457.1500244140625,231.679,0.14,98.3342
2013-01-09,811.4866943359375,1461.02001953125,231.679,0.14,98.3342
2013-01-10,808.3707275390625,1472.1199951171875,231.679,0.14,98.3342
2013-01-11,810.3307495117188,1472.050048828125,231.679,0.14,98.3342
2013-01-14,819.8956909179688,1470.6800537109375,231.679,0.14,98.3342
2013-01-15,824.0565795898438,1472.3399658203125,231.679,0.14,98.3342
2013-01-16,840.8175659179688,1472.6300048828125,231.679,0.14,98.3342
2013-01-17,848.5985107421875,1480.93994140625,231.679,0.14,98.3342
2013-01-18,850.0444946289062,1485.97998046875,231.679,0.14,98.3342
2013-01-21,852.8104858398438,1485.97998046875,231.679,0.14,98.3342
2013-01-22,856.4644775390625,1492.56005859375,231.679,0.14,98.3342
2013-01-23,863.4053955078125,1494.81005859375,231.679,0.14,98.3342
2013-01-24,864.3744506835938,1494.8199462890625,231.679,0.14,98.3342
2013-01-25,847.5465087890625,1502.9599609375,231.679,0.14,98.3342
2013-01-28,811.6536865234375,1500.1800537109375,231.679,0.14,98.3342
2013-01-29,821.7786865234375,1507.8399658203125,231.679,0.14,98.3342
2013-01-30,789.8247680664062,1501.9599609375,231.679,0.14,98.3342
2013-01-31,787.8308715820312,1498.1099853515625,231.679,0.14,98.3342
2013-02-01,802.2127075195312,1513.1700439453125,232.937,0.15,98.7941
2013-02-04,807.2227172851562,1495.7099609375,232.937,0.15,98.7941
2013-02-05,803.0947265625,1511.2900390625,232.937,0.15,98.7941
2013-02-06,800.5397338867188,1512.1199951171875,232.937,0.15,98.7941
2013-02-07,781.4888305664062,1509.3900146484375,232.937,0.15,98.7941
2013-02-08,786.8358764648438,1517.9300537109375,232.937,0.15,98.7941
2013-02-11,772.5538940429688,1517.010009765625,232.937,0.15,98.7941
2013-02-12,780.7838745117188,1519.4300537109375,232.937,0.15,98.7941
2013-02-13,779.4298706054688,1520.3299560546875,232.937,0.15,98.7941
2013-02-14,775.8009033203125,1521.3800048828125,232.937,0.15,98.7941
2013-02-15,780.8098754882812,1519.7900390625,232.937,0.15,98.7941
2013-02-18,779.0708618164062,1519.7900390625,232.937,0.15,98.7941
2013-02-19,782.744873046875,1530.93994140625,232.937,0.15,98.7941
2013-02-20,788.9088134765625,1511.949951171875,232.937,0.15,98.7941
2013-02-21,772.6879272460938,1502.4200439453125,232.937,0.15,98.7941
2013-02-22,758.9829711914062,1515.5999755859375,232.937,0.15,98.7941
2013-02-25,766.6989135742188,1487.8499755859375,232.937,0.15,98.7941
2013-02-26,775.138916015625,1496.93994140625,232.937,0.15,98.7941
2013-02-27,781.6588745117188,1515.989990234375,232.937,0.15,98.7941
2013-02-28,793.332763671875,1514.6800537109375,232.937,0.15,98.7941
2013-03-01,798.6707763671875,1518.199951171875,232.282,0.14,99.1921
2013-03-04,806.1177368164062,1525.199951171875,232.282,0.14,99.1921
2013-03-05,810.5077514648438,1539.7900390625,232.282,0.14,99.1921
2013-03-06,821.7356567382812,1541.4599609375,232.282,0.14,99.1921
2013-03-07,818.3426513671875,1544.260009765625,232.282,0.14,99.1921
2013-03-08,835.4115600585938,1551.1800537109375,232.282,0.14,99.1921
2013-03-11,831.192626953125,1556.219970703125,232.282,0.14,99.1921
2013-03-12,833.4705810546875,1552.47998046875,232.282,0.14,99.1921
2013-03-13,826.1865844726562,1554.52001953125,232.282,0.14,99.1921
2013-03-14,819.8116455078125,1563.22998046875,232.282,0.14,99.1921
2013-03-15,831.150634765625,1560.699951171875,232.282,0.14,99.1921
2013-03-18,833.7836303710938,1552.0999755859375,232.282,0.14,99.1921
2013-03-19,822.8585815429688,1548.3399658203125,232.282,0.14,99.1921
2013-03-20,821.6036376953125,1558.7099609375,232.282,0.14,99.1921
2013-03-21,823.734619140625,1545.800048828125,232.282,0.14,99.1921
2013-03-22,824.515625,1556.8900146484375,232.282,0.14,99.1921
2013-03-25,827.651611328125,1551.68994140625,232.282,0.14,99.1921
2013-03-26,839.7045288085938,1563.77001953125,232.282,0.14,99.1921
2013-03-27,841.9475708007812,1562.8499755859375,232.282,0.14,99.1921
2013-03-28,852.5354614257812,1569.18994140625,232.282,0.14,99.1921
2013-03-29,858.9854125976562,1569.18994140625,232.282,0.14,99.1921
2013-04-01,861.118408203125,1562.1700439453125,231.797,0.15,99.1065
2013-04-02,860.262451171875,1570.25,231.797,0.15,99.1065
2013-04-03,848.5964965820312,1553.68994140625,231.797,0.15,99.1065
2013-04-04,832.43359375,1559.97998046875,231.797,0.15,99.1065
2013-04-05,820.7086791992188,1553.280029296875,231.797,0.15,99.1065
2013-04-08,833.4606323242188,1563.0699462890625,231.797,0.15,99.1065
2013-04-09,827.6995849609375,1568.6099853515625,231.797,0.15,99.1065
2013-04-10,824.0386352539062,1587.72998046875,231.797,0.15,99.1065
2013-04-11,841.0215454101562,1593.3699951171875,231.797,0.15,99.1065
2013-04-12,845.8064575195312,1588.8499755859375,231.797,0.15,99.1065
2013-04-15,851.0684814453125,1552.3599853515625,231.797,0.15,99.1065
2013-04-16,847.051513671875,1574.5699462890625,231.797,0.15,99.1065
2013-04-17,843.9745483398438,1552.010009765625,231.797,0.15,99.1065
2013-04-18,830.3786010742188,1541.6099853515625,231.797,0.15,99.1065
2013-04-19,832.8505859375,1555.25,231.797,0.15,99.1065
2013-04-22,840.2295532226562,1562.5,231.797,0.15,99.1065
2013-04-23,840.2295532226562,1578.780029296875,231.797,0.15,99.1065
2013-04-24,847.7994995117188,1578.7900390625,231.797,0.15,99.1065
2013-04-25,849.4304809570312,1585.1600341796875,231.797,0.15,99.1065
2013-04-26,851.1184692382812,1582.239990234375,231.797,0.15,99.1065
2013-04-29,851.5374755859375,1593.6099853515625,231.797,0.15,99.1065
2013-04-30,860.4554443359375,1597.5699462890625,231.797,0.15,99.1065
2013-05-01,860.4554443359375,1582.699951171875,231.893,0.11,99.1839
2013-05-02,886.6923217773438,1597.5899658203125,231.893,0.11,99.1839
2013-05-03,890.9323120117188,1614.4200439453125,231.893,0.11,99.1839
2013-05-06,897.1432495117188,1617.5,231.893,0.11,99.1839
2013-05-07,894.5902099609375,1625.9599609375,231.893,0.11,99.1839
2013-05-08,908.5171508789062,1632.68994140625,231.893,0.11,99.1839
2013-05-09,899.3072509765625,1626.6700439453125,231.893,0.11,99.1839
2013-05-10,895.6842651367188,1633.699951171875,231.893,0.11,99.1839
2013-05-13,897.647216796875,1633.77001953125,231.893,0.11,99.1839
2013-05-14,912.8661499023438,1650.3399658203125,231.893,0.11,99.1839
2013-05-15,921.1160888671875,1658.780029296875,231.893,0.11,99.1839
2013-05-16,919.4620971679688,1650.469970703125,231.893,0.11,99.1839
2013-05-17,919.2431030273438,1667.469970703125,231.893,0.11,99.1839
2013-05-20,901.646240234375,1666.2900390625,231.893,0.11,99.1839
2013-05-21,911.9031982421875,1669.1600341796875,231.893,0.11,99.1839
2013-05-22,931.7840576171875,1655.3499755859375,231.893,0.11,99.1839
2013-05-23,913.5091552734375,1650.510009765625,231.893,0.11,99.1839
2013-05-24,910.158203125,1649.5999755859375,231.893,0.11,99.1839
2013-05-27,905.4631958007812,1649.5999755859375,231.893,0.11,99.1839
2013-05-28,899.1592407226562,1660.06005859375,231.893,0.11,99.1839
2013-05-29,871.7403564453125,1648.3599853515625,231.893,0.11,99.1839
2013-05-30,871.6973876953125,1654.4100341796875,231.893,0.11,99.1839
2013-05-31,859.8954467773438,1630.739990234375,231.893,0.11,99.1839
2013-06-03,769.8328857421875,1640.4200439453125,232.445,0.09,99.3897
2013-06-04,807.3287353515625,1631.3800048828125,232.445,0.09,99.3897
2013-06-05,796.36376953125,1608.9000244140625,232.445,0.09,99.3897
2013-06-06,758.948974609375,1622.56005859375,232.445,0.09,99.3897
2013-06-07,783.3218383789062,1643.3800048828125,232.445,0.09,99.3897
2013-06-10,763.8579711914062,1642.81005859375,232.445,0.09,99.3897
2013-06-11,750.406005859375,1626.1300048828125,232.445,0.09,99.3897
2013-06-12,768.8029174804688,1612.52001953125,232.445,0.09,99.3897
2013-06-13,764.8819580078125,1636.3599853515625,232.445,0.09,99.3897
2013-06-14,800.1067504882812,1626.72998046875,232.445,0.09,99.3897
2013-06-17,789.4608154296875,1639.0400390625,232.445,0.09,99.3897
2013-06-18,777.391845703125,1651.81005859375,232.445,0.09,99.3897
2013-06-19,788.341796875,1628.9300537109375,232.445,0.09,99.3897
2013-06-20,734.6151123046875,1588.18994140625,232.445,0.09,99.3897
2013-06-21,731.0140991210938,1592.4300537109375,232.445,0.09,99.3897
2013-06-24,706.4013061523438,1573.0899658203125,232.445,0.09,99.3897
2013-06-25,712.1422119140625,1588.030029296875,232.445,0.09,99.3897
2013-06-26,738.5111083984375,1603.260009765625,232.445,0.09,99.3897
2013-06-27,757.6109619140625,1613.199951171875,232.445,0.09,99.3897
2013-06-28,762.9409790039062,1606.280029296875,232.445,0.09,99.3897
2013-07-01,767.3619384765625,1614.9599609375,232.9,0.09,99.0814
2013-07-02,764.3839721679688,1614.0799560546875,232.9,0.09,99.0814
2013-07-03,737.18310546875,1615.4100341796875,232.9,0.09,99.0814
2013-07-04,754.0919799804688,1615.4100341796875,232.9,0.09,99.0814
2013-07-05,731.1140747070312,1631.8900146484375,232.9,0.09,99.0814
2013-07-08,716.8192138671875,1640.4599609375,232.9,0.09,99.0814
2013-07-09,719.8121337890625,1652.3199462890625,232.9,0.09,99.0814
2013-07-10,710.7372436523438,1652.6199951171875,232.9,0.09,99.0814
2013-07-11,717.8952026367188,1675.02001953125,232.9,0.09,99.0814
2013-07-12,739.216064453125,1680.18994140625,232.9,0.09,99.0814
2013-07-15,762.2760009765625,1682.5,232.9,0.09,99.0814
2013-07-16,756.7769775390625,1676.260009765625,232.9,0.09,99.0814
2013-07-17,770.7169189453125,1680.9100341796875,232.9,0.09,99.0814
2013-07-18,770.2239379882812,1689.3699951171875,232.9,0.09,99.0814
2013-07-19,758.7359619140625,1692.0899658203125,232.9,0.09,99.0814
2013-07-22,758.1559448242188,1695.530029296875,232.9,0.09,99.0814
2013-07-23,753.677001953125,1692.3900146484375,232.9,0.09,99.0814
2013-07-24,740.1480712890625,1685.93994140625,232.9,0.09,99.0814
2013-07-25,738.4931030273438,1690.25,232.9,0.09,99.0814
2013-07-26,725.546142578125,1691.6500244140625,232.9,0.09,99.0814
2013-07-29,729.3851318359375,1685.3299560546875,232.9,0.09,99.0814
2013-07-30,744.2040405273438,1685.9599609375,232.9,0.09,99.0814
2013-07-31,733.7711181640625,1685.72998046875,232.9,0.09,99.0814
2013-08-01,734.0140991210938,1706.8699951171875,233.456,0.08,99.6543
2013-08-02,740.3240966796875,1709.6700439453125,233.456,0.08,99.6543
2013-08-05,742.8970336914062,1707.1400146484375,233.456,0.08,99.6543
2013-08-06,740.3120727539062,1697.3699951171875,233.456,0.08,99.6543
2013-08-07,735.444091796875,1690.9100341796875,233.456,0.08,99.6543
2013-08-08,735.444091796875,1697.47998046875,233.456,0.08,99.6543
2013-08-09,735.444091796875,1691.4200439453125,233.456,0.08,99.6543
2013-08-12,753.740966796875,1689.469970703125,233.456,0.08,99.6543
2013-08-13,755.1380004882812,1694.1600341796875,233.456,0.08,99.6543
2013-08-14,755.85498046875,1685.3900146484375,233.456,0.08,99.6543
2013-08-15,739.778076171875,1661.3199462890625,233.456,0.08,99.6543
2013-08-16,742.7500610351562,1655.8299560546875,233.456,0.08,99.6543
2013-08-19,723.8231811523438,1646.06005859375,233.456,0.08,99.6543
2013-08-20,722.0391845703125,1652.3499755859375,233.456,0.08,99.6543
2013-08-21,697.0912475585938,1642.800048828125,233.456,0.08,99.6543
2013-08-22,682.9973754882812,1656.9599609375,233.456,0.08,99.6543
2013-08-23,679.3193969726562,1663.5,233.456,0.08,99.6543
2013-08-26,687.746337890625,1656.780029296875,233.456,0.08,99.6543
2013-08-27,655.1954956054688,1630.47998046875,233.456,0.08,99.6543
2013-08-28,654.5205078125,1634.9599609375,233.456,0.08,99.6543
2013-08-29,663.9404296875,1638.1700439453125,233.456,0.08,99.6543
2013-08-30,663.9404296875,1632.969970703125,233.456,0.08,99.6543
2013-09-02,685.4503173828125,1632.969970703125,233.544,0.08,100.161
2013-09-03,669.7274780273438,1639.77001953125,233.544,0.08,100.161
2013-09-04,669.6544799804688,1653.0799560546875,233.544,0.08,100.161
2013-09-05,667.1474609375,1655.0799560546875,233.544,0.08,100.161
2013-09-06,672.3204345703125,1655.1700439453125,233.544,0.08,100.161
2013-09-09,696.8883056640625,1671.7099609375,233.544,0.08,100.161
2013-09-10,717.876220703125,1683.989990234375,233.544,0.08,100.161
2013-09-11,717.7122192382812,1689.1300048828125,233.544,0.08,100.161
2013-09-12,727.2191772460938,1683.4200439453125,233.544,0.08,100.161
2013-09-13,716.34619140625,1687.989990234375,233.544,0.08,100.161
2013-09-16,742.58203125,1697.5999755859375,233.544,0.08,100.161
2013-09-17,747.8300170898438,1704.760009765625,233.544,0.08,100.161
2013-09-18,746.6010131835938,1725.52001953125,233.544,0.08,100.161
2013-09-19,794.65576171875,1722.3399658203125,233.544,0.08,100.161
2013-09-20,778.6248779296875,1709.9100341796875,233.544,0.08,100.161
2013-09-23,768.0748901367188,1701.8399658203125,233.544,0.08,100.161
2013-09-24,765.2929077148438,1697.4200439453125,233.544,0.08,100.161
2013-09-25,762.3389892578125,1692.77001953125,233.544,0.08,100.161
2013-09-26,756.177978515625,1698.6700439453125,233.544,0.08,100.161
2013-09-27,747.7190551757812,1691.75,233.544,0.08,100.161
2013-09-30,744.862060546875,1681.550048828125,233.544,0.08,100.161
2013-10-01,764.6959838867188,1695.0,233.669,0.09,100.082
2013-10-02,751.6240234375,1693.8699951171875,233.669,0.09,100.082
2013-10-03,762.6949462890625,1678.6600341796875,233.669,0.09,100.082
2013-10-04,762.0659790039062,1690.5,233.669,0.09,100.082
2013-10-07,759.0079956054688,1676.1199951171875,233.669,0.09,100.082
2013-10-08,750.635009765625,1655.449951171875,233.669,0.09,100.082
2013-10-09,744.8350219726562,1656.4000244140625,233.669,0.09,100.082
2013-10-10,756.3939819335938,1692.56005859375,233.669,0.09,100.082
2013-10-11,761.7599487304688,1703.199951171875,233.669,0.09,100.082
2013-10-14,762.345947265625,1710.1400146484375,233.669,0.09,100.082
2013-10-15,762.345947265625,1698.06005859375,233.669,0.09,100.082
2013-10-16,762.345947265625,1721.5400390625,233.669,0.09,100.082
2013-10-17,762.345947265625,1733.1500244140625,233.669,0.09,100.082
2013-10-18,762.345947265625,1744.5,233.669,0.09,100.082
2013-10-21,788.7658081054688,1744.6600341796875,233.669,0.09,100.082
2013-10-22,792.7197875976562,1754.6700439453125,233.669,0.09,100.082
2013-10-23,785.15185546875,1746.3800048828125,233.669,0.09,100.082
2013-10-24,788.4537963867188,1752.0699462890625,233.669,0.09,100.082
2013-10-25,792.7108154296875,1759.77001953125,233.669,0.09,100.082
2013-10-28,795.6477661132812,1762.1099853515625,233.669,0.09,100.082
2013-10-29,795.6477661132812,1771.949951171875,233.669,0.09,100.082
2013-10-30,789.1897583007812,1763.31005859375,233.669,0.09,100.082
2013-10-31,776.1998901367188,1756.5400390625,233.669,0.09,100.082
2013-11-01,765.0079956054688,1761.6400146484375,234.1,0.08,100.3158
2013-11-04,762.3379516601562,1767.9300537109375,234.1,0.08,100.3158
2013-11-05,747.4390258789062,1762.969970703125,234.1,0.08,100.3158
2013-11-06,757.6819458007812,1770.489990234375,234.1,0.08,100.3158
2013-11-07,758.1109619140625,1747.1500244140625,234.1,0.08,100.3158
2013-11-08,739.1790771484375,1770.6099853515625,234.1,0.08,100.3158
2013-11-11,721.3961791992188,1771.8900146484375,234.1,0.08,100.3158
2013-11-12,719.042236328125,1767.68994140625,234.1,0.08,100.3158
2013-11-13,723.2661743164062,1782.0,234.1,0.08,100.3158
2013-11-14,739.7440795898438,1790.6199951171875,234.1,0.08,100.3158
2013-11-15,742.72802734375,1798.1800537109375,234.1,0.08,100.3158
2013-11-18,755.9729614257812,1791.530029296875,234.1,0.08,100.3158
2013-11-19,746.1730346679688,1787.8699951171875,234.1,0.08,100.3158
2013-11-20,753.81298828125,1781.3699951171875,234.1,0.08,100.3158
2013-11-21,746.7890625,1795.8499755859375,234.1,0.08,100.3158
2013-11-22,756.376953125,1804.760009765625,234.1,0.08,100.3158
2013-11-25,765.3099365234375,1802.47998046875,234.1,0.08,100.3158
2013-11-26,755.6279907226562,1802.75,234.1,0.08,100.3158
2013-11-27,748.9560546875,1807.22998046875,234.1,0.08,100.3158
2013-11-28,745.800048828125,1807.22998046875,234.1,0.08,100.3158
2013-11-29,757.4789428710938,1805.81005859375,234.1,0.08,100.3158
2013-12-02,749.508056640625,1800.9000244140625,234.719,0.09,100.5175
2013-12-03,730.87109375,1795.1500244140625,234.719,0.09,100.5175
2013-12-04,730.8831176757812,1792.81005859375,234.719,0.09,100.5175
2013-12-05,719.9151611328125,1785.030029296875,234.719,0.09,100.5175
2013-12-06,733.7800903320312,1805.0899658203125,234.719,0.09,100.5175
2013-12-09,742.3250122070312,1808.3699951171875,234.719,0.09,100.5175
2013-12-10,741.1760864257812,1802.6199951171875,234.719,0.09,100.5175
2013-12-11,739.6541137695312,1782.219970703125,234.719,0.09,100.5175
2013-12-12,730.714111328125,1775.5,234.719,0.09,100.5175
2013-12-13,740.6461181640625,1775.3199462890625,234.719,0.09,100.5175
2013-12-16,748.4300537109375,1786.5400390625,234.719,0.09,100.5175
2013-12-17,709.4572143554688,1781.0,234.719,0.09,100.5175
2013-12-18,714.169189453125,1810.6500244140625,234.719,0.09,100.5175
2013-12-19,690.996337890625,1809.5999755859375,234.719,0.09,100.5175
2013-12-20,695.724365234375,1818.3199462890625,234.719,0.09,100.5175
2013-12-23,680.857421875,1827.989990234375,234.719,0.09,100.5175
2013-12-24,689.974365234375,1833.3199462890625,234.719,0.09,100.5175
2013-12-25,660.9625244140625,1833.3199462890625,234.719,0.09,100.5175
2013-12-26,645.548583984375,1842.02001953125,234.719,0.09,100.5175
2013-12-27,638.8485717773438,1841.4000244140625,234.719,0.09,100.5175
2013-12-30,679.8533935546875,1841.0699462890625,234.719,0.09,100.5175
2013-12-31,678.013427734375,1848.3599853515625,234.719,0.09,100.5175
2014-01-02,669.8544311523438,1831.97998046875,235.288,0.07,100.1599
2014-01-03,659.6675415039062,1831.3699951171875,235.288,0.07,100.1599
2014-01-06,680.2163696289062,1826.77001953125,235.288,0.07,100.1599
2014-01-07,685.9823608398438,1837.8800048828125,235.288,0.07,100.1599
2014-01-08,673.3134155273438,1837.489990234375,235.288,0.07,100.1599
2014-01-09,664.1324462890625,1838.1300048828125,235.288,0.07,100.1599
2014-01-10,679.1173706054688,1842.3699951171875,235.288,0.07,100.1599
2014-01-13,680.619384765625,1819.199951171875,235.288,0.07,100.1599
2014-01-14,680.7213745117188,1838.8800048828125,235.288,0.07,100.1599
2014-01-15,681.3424072265625,1848.3800048828125,235.288,0.07,100.1599
2014-01-16,668.4324340820312,1845.8900146484375,235.288,0.07,100.1599
2014-01-17,656.3464965820312,1838.699951171875,235.288,0.07,100.1599
2014-01-20,657.6325073242188,1838.699951171875,235.288,0.07,100.1599
2014-01-21,663.1834716796875,1843.800048828125,235.288,0.07,100.1599
2014-01-22,673.6693725585938,1844.8599853515625,235.288,0.07,100.1599
2014-01-23,654.28955078125,1828.4599609375,235.288,0.07,100.1599
2014-01-24,644.2716064453125,1790.2900390625,235.288,0.07,100.1599
2014-01-27,645.68359375,1781.56005859375,235.288,0.07,100.1599
2014-01-28,635.4336547851562,1792.5,235.288,0.07,100.1599
2014-01-29,620.8837280273438,1774.199951171875,235.288,0.07,100.1599
2014-01-30,627.0106811523438,1794.18994140625,235.288,0.07,100.1599
2014-01-31,618.5786743164062,1782.5899658203125,235.288,0.07,100.1599
2014-02-03,616.7487182617188,1741.8900146484375,235.547,0.07,100.9168
2014-02-04,627.3236694335938,1755.199951171875,235.547,0.07,100.9168
2014-02-05,624.4216918945312,1751.6400146484375,235.547,0.07,100.9168
2014-02-06,645.49560546875,1773.4300537109375,235.547,0.07,100.9168
2014-02-07,646.1395874023438,1797.02001953125,235.547,0.07,100.9168
2014-02-10,640.4985961914062,1799.8399658203125,235.547,0.07,100.9168
2014-02-11,642.8035888671875,1819.75,235.547,0.07,100.9168
2014-02-12,645.1336059570312,1819.260009765625,235.547,0.07,100.9168
2014-02-13,637.6466674804688,1829.8299560546875,235.547,0.07,100.9168
2014-02-14,648.8255615234375,1838.6300048828125,235.547,0.07,100.9168
2014-02-17,655.988525390625,1838.6300048828125,235.547,0.07,100.9168
2014-02-18,641.2536010742188,1840.760009765625,235.547,0.07,100.9168
2014-02-19,633.817626953125,1828.75,235.547,0.07,100.9168
2014-02-20,636.806640625,1839.780029296875,235.547,0.07,100.9168
2014-02-21,638.8526000976562,1836.25,235.547,0.07,100.9168
2014-02-24,641.8565673828125,1847.6099853515625,235.547,0.07,100.9168
2014-02-25,621.2346801757812,1845.1199951171875,235.547,0.07,100.9168
2014-02-26,615.0267944335938,1845.1600341796875,235.547,0.07,100.9168
2014-02-27,617.7886962890625,1854.2900390625,235.547,0.07,100.9168
2014-02-28,625.5297241210938,1859.449951171875,235.547,0.07,100.9168
2014-03-03,611.8887939453125,1845.72998046875,236.028,0.08,101.8942
2014-03-04,630.3036499023438,1873.9100341796875,236.028,0.08,101.8942
2014-03-05,634.4436645507812,1873.81005859375,236.028,0.08,101.8942
2014-03-06,640.03857421875,1877.030029296875,236.028,0.08,101.8942
2014-03-07,630.9566650390625,1878.0400390625,236.028,0.08,101.8942
2014-03-10,627.3116455078125,1877.1700439453125,236.028,0.08,101.8942
2014-03-11,630.6526489257812,1867.6300048828125,236.028,0.08,101.8942
2014-03-12,632.5826416015625,1868.199951171875,236.028,0.08,101.8942
2014-03-13,633.4506225585938,1846.3399658203125,236.028,0.08,101.8942
2014-03-14,632.78564453125,1841.1300048828125,236.028,0.08,101.8942
2014-03-17,641.974609375,1858.8299560546875,236.028,0.08,101.8942
2014-03-18,655.7315063476562,1872.25,236.028,0.08,101.8942
2014-03-19,654.8674926757812,1860.77001953125,236.028,0.08,101.8942
2014-03-20,652.6105346679688,1872.010009765625,236.028,0.08,101.8942
2014-03-21,645.7905883789062,1866.52001953125,236.028,0.08,101.8942
2014-03-24,637.1016235351562,1857.43994140625,236.028,0.08,101.8942
2014-03-25,646.9616088867188,1865.6199951171875,236.028,0.08,101.8942
2014-03-26,677.3043823242188,1852.56005859375,236.028,0.08,101.8942
2014-03-27,670.48046875,1849.0400390625,236.028,0.08,101.8942
2014-03-28,691.1693115234375,1857.6199951171875,236.028,0.08,101.8942
2014-03-31,697.3592529296875,1872.3399658203125,236.028,0.08,101.8942
2014-04-01,708.5701904296875,1885.52001953125,236.468,0.09,101.9928
2014-04-02,706.4762573242188,1890.9000244140625,236.468,0.09,101.9928
2014-04-03,715.4442138671875,1888.77001953125,236.468,0.09,101.9928
2014-04-04,725.8251342773438,1865.0899658203125,236.468,0.09,101.9928
2014-04-07,724.8871459960938,1845.0400390625,236.468,0.09,101.9928
2014-04-08,739.4611206054688,1851.9599609375,236.468,0.09,101.9928
2014-04-09,724.2821655273438,1872.1800537109375,236.468,0.09,101.9928
2014-04-10,731.4981079101562,1833.0799560546875,236.468,0.09,101.9928
2014-04-11,727.359130859375,1815.68994140625,236.468,0.09,101.9928
2014-04-14,737.7451171875,1830.6099853515625,236.468,0.09,101.9928
2014-04-15,724.3761596679688,1842.97998046875,236.468,0.09,101.9928
2014-04-16,723.9901733398438,1862.31005859375,236.468,0.09,101.9928
2014-04-17,735.6140747070312,1864.8499755859375,236.468,0.09,101.9928
2014-04-18,734.756103515625,1864.8499755859375,236.468,0.09,101.9928
2014-04-21,734.4630737304688,1871.8900146484375,236.468,0.09,101.9928
2014-04-22,731.6961059570312,1879.550048828125,236.468,0.09,101.9928
2014-04-23,731.6961059570312,1875.3900146484375,236.468,0.09,101.9928
2014-04-24,723.9091796875,1878.6099853515625,236.468,0.09,101.9928
2014-04-25,713.8832397460938,1863.4000244140625,236.468,0.09,101.9928
2014-04-28,723.9811401367188,1869.4300537109375,236.468,0.09,101.9928
2014-04-29,723.1461791992188,1878.3299560546875,236.468,0.09,101.9928
2014-04-30,738.7111206054688,1883.949951171875,236.468,0.09,101.9928
2014-05-01,738.7111206054688,1883.6800537109375,236.918,0.09,102.3836
2014-05-02,751.5870361328125,1881.1400146484375,236.918,0.09,102.3836
2014-05-05,747.60400390625,1884.6600341796875,236.918,0.09,102.3836
2014-05-06,751.8990478515625,1867.719970703125,236.918,0.09,102.3836
2014-05-07,749.6680297851562,1878.2099609375,236.918,0.09,102.3836
2014-05-08,757.81298828125,1875.6300048828125,236.918,0.09,102.3836
2014-05-09,755.6259765625,1878.47998046875,236.918,0.09,102.3836
2014-05-12,759.3519897460938,1896.6500244140625,236.918,0.09,102.3836
2014-05-13,757.760986328125,1897.449951171875,236.918,0.09,102.3836
2014-05-14,760.4739990234375,1888.530029296875,236.918,0.09,102.3836
2014-05-15,752.280029296875,1870.8499755859375,236.918,0.09,102.3836
2014-05-16,750.0890502929688,1877.8599853515625,236.918,0.09,102.3836
2014-05-19,750.0890502929688,1885.0799560546875,236.918,0.09,102.3836
2014-05-20,752.5490112304688,1872.8299560546875,236.918,0.09,102.3836
2014-05-21,764.5419921875,1888.030029296875,236.918,0.09,102.3836
2014-05-22,780.4278564453125,1892.489990234375,236.918,0.09,102.3836
2014-05-23,780.6018676757812,1900.530029296875,236.918,0.09,102.3836
2014-05-26,786.02783203125,1900.530029296875,236.918,0.09,102.3836
2014-05-27,775.327880859375,1911.9100341796875,236.918,0.09,102.3836
2014-05-28,779.9498291015625,1909.780029296875,236.918,0.09,102.3836
2014-05-29,792.9957885742188,1920.030029296875,236.918,0.09,102.3836
2014-05-30,792.893798828125,1923.5699462890625,236.918,0.09,102.3836
2014-06-02,786.4838256835938,1924.969970703125,237.231,0.1,102.735
2014-06-03,788.1787719726562,1924.239990234375,237.231,0.1,102.735
2014-06-04,783.8428344726562,1927.8800048828125,237.231,0.1,102.735
2014-06-05,798.0258178710938,1940.4599609375,237.231,0.1,102.735
2014-06-06,803.9717407226562,1949.43994140625,237.231,0.1,102.735
2014-06-09,807.5337524414062,1951.27001953125,237.231,0.1,102.735
2014-06-10,816.7156372070312,1950.7900390625,237.231,0.1,102.735
2014-06-11,790.2017822265625,1943.8900146484375,237.231,0.1,102.735
2014-06-12,798.3388061523438,1930.1099853515625,237.231,0.1,102.735
2014-06-13,790.11181640625,1936.1600341796875,237.231,0.1,102.735
2014-06-16,776.452880859375,1937.780029296875,237.231,0.1,102.735
2014-06-17,780.15283203125,1941.989990234375,237.231,0.1,102.735
2014-06-18,780.9248657226562,1956.97998046875,237.231,0.1,102.735
2014-06-19,790.5687866210938,1959.47998046875,237.231,0.1,102.735
2014-06-20,784.0028686523438,1962.8699951171875,237.231,0.1,102.735
2014-06-23,793.2608032226562,1962.6099853515625,237.231,0.1,102.735
2014-06-24,789.8568115234375,1949.97998046875,237.231,0.1,102.735
2014-06-25,789.9747924804688,1959.530029296875,237.231,0.1,102.735
2014-06-26,781.036865234375,1957.219970703125,237.231,0.1,102.735
2014-06-27,784.7198486328125,1960.9599609375,237.231,0.1,102.735
2014-06-30,784.8858642578125,1960.22998046875,237.231,0.1,102.735
2014-07-01,771.06591796875,1973.3199462890625,237.498,0.09,102.9632
2014-07-02,768.3139038085938,1974.6199951171875,237.498,0.09,102.9632
2014-07-03,775.2808837890625,1985.43994140625,237.498,0.09,102.9632
2014-07-04,775.3439331054688,1985.43994140625,237.498,0.09,102.9632
2014-07-07,789.5067749023438,1977.6500244140625,237.498,0.09,102.9632
2014-07-08,792.90380859375,1963.7099609375,237.498,0.09,102.9632
2014-07-09,794.5838012695312,1972.8299560546875,237.498,0.09,102.9632
2014-07-10,785.5118408203125,1964.6800537109375,237.498,0.09,102.9632
2014-07-11,793.6397705078125,1967.5699462890625,237.498,0.09,102.9632
2014-07-14,806.2117309570312,1977.0999755859375,237.498,0.09,102.9632
2014-07-15,812.4466552734375,1973.280029296875,237.498,0.09,102.9632
2014-07-16,822.7006225585938,1981.5699462890625,237.498,0.09,102.9632
2014-07-17,817.82763671875,1958.1199951171875,237.498,0.09,102.9632
2014-07-18,823.140625,1978.219970703125,237.498,0.09,102.9632
2014-07-21,822.6986083984375,1973.6300048828125,237.498,0.09,102.9632
2014-07-22,825.3005981445312,1983.530029296875,237.498,0.09,102.9632
2014-07-23,828.5416259765625,1987.010009765625,237.498,0.09,102.9632
2014-07-24,838.2425537109375,1987.97998046875,237.498,0.09,102.9632
2014-07-25,842.175537109375,1978.3399658203125,237.498,0.09,102.9632
2014-07-28,842.175537109375,1978.9100341796875,237.498,0.09,102.9632
2014-07-29,842.175537109375,1969.949951171875,237.498,0.09,102.9632
2014-07-30,842.175537109375,1970.0699462890625,237.498,0.09,102.9632
2014-07-31,821.5646362304688,1930.6700439453125,237.498,0.09,102.9632
2014-08-01,820.9346923828125,1925.1500244140625,237.46,0.09,102.7688
2014-08-04,818.9286499023438,1938.989990234375,237.46,0.09,102.7688
2014-08-05,806.4147338867188,1920.2099609375,237.46,0.09,102.7688
2014-08-06,794.3187866210938,1920.239990234375,237.46,0.09,102.7688
2014-08-07,788.4287719726562,1909.5699462890625,237.46,0.09,102.7688
2014-08-08,791.9898071289062,1931.5899658203125,237.46,0.09,102.7688
2014-08-11,772.7089233398438,1936.9200439453125,237.46,0.09,102.7688
2014-08-12,778.267822265625,1933.75,237.46,0.09,102.7688
2014-08-13,776.181884765625,1946.719970703125,237.46,0.09,102.7688
2014-08-14,775.6948852539062,1955.1800537109375,237.46,0.09,102.7688
2014-08-15,766.9169311523438,1955.06005859375,237.46,0.09,102.7688
2014-08-18,773.4169311523438,1971.739990234375,237.46,0.09,102.7688
2014-08-19,792.7547607421875,1981.5999755859375,237.46,0.09,102.7688
2014-08-20,788.664794921875,1986.510009765625,237.46,0.09,102.7688
2014-08-21,789.57080078125,1992.3699951171875,237.46,0.09,102.7688
2014-08-22,789.2918090820312,1988.4000244140625,237.46,0.09,102.7688
2014-08-25,792.6198120117188,1997.9200439453125,237.46,0.09,102.7688
2014-08-26,807.5387573242188,2000.02001953125,237.46,0.09,102.7688
2014-08-27,804.6697387695312,2000.1199951171875,237.46,0.09,102.7688
2014-08-28,808.3727416992188,1996.739990234375,237.46,0.09,102.7688
2014-08-29,803.124755859375,2003.3699951171875,237.46,0.09,102.7688
2014-09-01,808.2427368164062,2003.3699951171875,237.477,0.09,103.0641
2014-09-02,807.095703125,2002.280029296875,237.477,0.09,103.0641
2014-09-03,812.919677734375,2000.719970703125,237.477,0.09,103.0641
2014-09-04,822.2556762695312,1997.6500244140625,237.477,0.09,103.0641
2014-09-05,821.9266967773438,2007.7099609375,237.477,0.09,103.0641
2014-09-08,821.9906616210938,2001.5400390625,237.477,0.09,103.0641
2014-09-09,800.7977294921875,1988.43994140625,237.477,0.09,103.0641
2014-09-10,795.5017700195312,1995.68994140625,237.477,0.09,103.0641
2014-09-11,789.6597900390625,1997.449951171875,237.477,0.09,103.0641
2014-09-12,778.203857421875,1985.5400390625,237.477,0.09,103.0641
2014-09-15,779.1768798828125,1984.1300048828125,237.477,0.09,103.0641
2014-09-16,786.3418579101562,1998.97998046875,237.477,0.09,103.0641
2014-09-17,789.6768188476562,2001.5699462890625,237.477,0.09,103.0641
2014-09-18,774.9598999023438,2011.3599853515625,237.477,0.09,103.0641
2014-09-19,769.2149047851562,2010.4000244140625,237.477,0.09,103.0641
2014-09-22,768.6948852539062,1994.2900390625,237.477,0.09,103.0641
2014-09-23,766.6849365234375,1982.77001953125,237.477,0.09,103.0641
2014-09-24,751.926025390625,1998.300048828125,237.477,0.09,103.0641
2014-09-25,745.9030151367188,1965.989990234375,237.477,0.09,103.0641
2014-09-26,746.3200073242188,1982.8499755859375,237.477,0.09,103.0641
2014-09-29,746.4530029296875,1977.800048828125,237.477,0.09,103.0641
2014-09-30,749.3740234375,1972.2900390625,237.477,0.09,103.0641
2014-10-01,741.5410766601562,1946.1600341796875,237.43,0.09,103.0764
2014-10-02,738.5761108398438,1946.1700439453125,237.43,0.09,103.0764
2014-10-03,743.8400268554688,1967.9000244140625,237.43,0.09,103.0764
2014-10-06,743.8400268554688,1964.8199462890625,237.43,0.09,103.0764
2014-10-07,743.8400268554688,1935.0999755859375,237.43,0.09,103.0764
2014-10-08,729.43115234375,1968.8900146484375,237.43,0.09,103.0764
2014-10-09,752.0760498046875,1928.2099609375,237.43,0.09,103.0764
2014-10-10,734.9370727539062,1906.1300048828125,237.43,0.09,103.0764
2014-10-13,751.1530151367188,1874.739990234375,237.43,0.09,103.0764
2014-10-14,746.862060546875,1877.699951171875,237.43,0.09,103.0764
2014-10-15,748.5560302734375,1862.489990234375,237.43,0.09,103.0764
2014-10-16,745.7550048828125,1862.760009765625,237.43,0.09,103.0764
2014-10-17,755.3289794921875,1886.760009765625,237.43,0.09,103.0764
2014-10-20,763.3099975585938,1904.010009765625,237.43,0.09,103.0764
2014-10-21,776.451904296875,1941.280029296875,237.43,0.09,103.0764
2014-10-22,780.8038330078125,1927.1099853515625,237.43,0.09,103.0764
2014-10-23,794.9428100585938,1950.8199462890625,237.43,0.09,103.0764
2014-10-24,794.1668090820312,1964.5799560546875,237.43,0.09,103.0764
2014-10-27,792.3497924804688,1961.6300048828125,237.43,0.09,103.0764
2014-10-28,795.8867797851562,1985.050048828125,237.43,0.09,103.0764
2014-10-29,795.8867797851562,1982.300048828125,237.43,0.09,103.0764
2014-10-30,798.9818115234375,1994.6500244140625,237.43,0.09,103.0764
2014-10-31,805.792724609375,2018.050048828125,237.43,0.09,103.0764
2014-11-03,800.2747192382812,2017.81005859375,236.983,0.09,103.7126
2014-11-04,802.677734375,2012.0999755859375,236.983,0.09,103.7126
2014-11-05,789.5567626953125,2023.5699462890625,236.983,0.09,103.7126
2014-11-06,775.0989379882812,2031.2099609375,236.983,0.09,103.7126
2014-11-07,779.5738525390625,2031.9200439453125,236.983,0.09,103.7126
2014-11-10,777.4298706054688,2038.260009765625,236.983,0.09,103.7126
2014-11-11,784.0298461914062,2039.6800537109375,236.983,0.09,103.7126
2014-11-12,803.9447021484375,2038.25,236.983,0.09,103.7126
2014-11-13,808.7567138671875,2039.3299560546875,236.983,0.09,103.7126
2014-11-14,812.1116943359375,2039.8199462890625,236.983,0.09,103.7126
2014-11-17,804.9937133789062,2041.3199462890625,236.983,0.09,103.7126
2014-11-18,813.294677734375,2051.800048828125,236.983,0.09,103.7126
2014-11-19,814.6116943359375,2048.719970703125,236.983,0.09,103.7126
2014-11-20,825.1146240234375,2052.75,236.983,0.09,103.7126
2014-11-21,832.8135986328125,2063.5,236.983,0.09,103.7126
2014-11-24,832.515625,2069.409912109375,236.983,0.09,103.7126
2014-11-25,835.300537109375,2067.030029296875,236.983,0.09,103.7126
2014-11-26,842.4285278320312,2072.830078125,236.983,0.09,103.7126
2014-11-27,846.8804931640625,2072.830078125,236.983,0.09,103.7126
2014-11-28,861.6824340820312,2067.56005859375,236.983,0.09,103.7126
2014-12-01,861.4684448242188,2053.43994140625,236.252,0.12,103.7044
2014-12-02,849.1474609375,2066.550048828125,236.252,0.12,103.7044
2014-12-03,849.146484375,2074.330078125,236.252,0.12,103.7044
2014-12-04,862.33642578125,2071.919921875,236.252,0.12,103.7044
2014-12-05,852.3944702148438,2075.3701171875,236.252,0.12,103.7044
2014-12-08,848.1824951171875,2060.31005859375,236.252,0.12,103.7044
2014-12-09,835.2685546875,2059.820068359375,236.252,0.12,103.7044
2014-12-10,841.258544921875,2026.1400146484375,236.252,0.12,103.7044
2014-12-11,847.177490234375,2035.3299560546875,236.252,0.12,103.7044
2014-12-12,832.2595825195312,2002.3299560546875,236.252,0.12,103.7044
2014-12-15,828.0396118164062,1989.6300048828125,236.252,0.12,103.7044
2014-12-16,791.9077758789062,1972.739990234375,236.252,0.12,103.7044
2014-12-17,808.2026977539062,2012.8900146484375,236.252,0.12,103.7044
2014-12-18,832.2576293945312,2061.22998046875,236.252,0.12,103.7044
2014-12-19,835.7315673828125,2070.64990234375,236.252,0.12,103.7044
2014-12-22,851.4334716796875,2078.5400390625,236.252,0.12,103.7044
2014-12-23,844.8755493164062,2082.169921875,236.252,0.12,103.7044
2014-12-24,848.2124633789062,2081.8798828125,236.252,0.12,103.7044
2014-12-25,848.240478515625,2081.8798828125,236.252,0.12,103.7044
2014-12-26,849.468505859375,2088.77001953125,236.252,0.12,103.7044
2014-12-29,841.0135498046875,2090.570068359375,236.252,0.12,103.7044
2014-12-30,845.3665161132812,2080.35009765625,236.252,0.12,103.7044
2014-12-31,857.2064208984375,2058.89990234375,236.252,0.12,103.7044
2015-01-02,854.58447265625,2058.199951171875,234.747,0.11,102.8905
2015-01-05,864.6213989257812,2020.5799560546875,234.747,0.11,102.8905
2015-01-06,869.0913696289062,2002.6099853515625,234.747,0.11,102.8905
2015-01-07,867.7614135742188,2025.9000244140625,234.747,0.11,102.8905
2015-01-08,876.891357421875,2062.139892578125,234.747,0.11,102.8905
2015-01-09,876.4793701171875,2044.81005859375,234.747,0.11,102.8905
2015-01-12,878.642333984375,2028.260009765625,234.747,0.11,102.8905
2015-01-13,883.1303100585938,2023.030029296875,234.747,0.11,102.8905
2015-01-14,875.63037109375,2011.27001953125,234.747,0.11,102.8905
2015-01-15,877.42333984375,1992.6700439453125,234.747,0.11,102.8905
2015-01-16,874.1593627929688,2019.4200439453125,234.747,0.11,102.8905
2015-01-19,880.0603637695312,2019.4200439453125,234.747,0.11,102.8905
2015-01-20,892.000244140625,2022.550048828125,234.747,0.11,102.8905
2015-01-21,903.1232299804688,2032.1199951171875,234.747,0.11,102.8905
2015-01-22,909.023193359375,2063.14990234375,234.747,0.11,102.8905
2015-01-23,907.356201171875,2051.820068359375,234.747,0.11,102.8905
2015-01-26,914.1242065429688,2057.090087890625,234.747,0.11,102.8905
2015-01-27,911.4961547851562,2029.550048828125,234.747,0.11,102.8905
2015-01-28,903.4111938476562,2002.1600341796875,234.747,0.11,102.8905
2015-01-29,885.5733032226562,2021.25,234.747,0.11,102.8905
2015-01-30,889.4533081054688,1994.989990234375,234.747,0.11,102.8905
2015-02-02,897.1232299804688,2020.8499755859375,235.342,0.11,102.2335
2015-02-03,875.0803833007812,2050.030029296875,235.342,0.11,102.2335
2015-02-04,859.096435546875,2041.510009765625,235.342,0.11,102.2335
2015-02-05,857.888427734375,2062.52001953125,235.342,0.11,102.2335
2015-02-06,849.8695068359375,2055.469970703125,235.342,0.11,102.2335
2015-02-09,845.7384643554688,2046.739990234375,235.342,0.11,102.2335
2015-02-10,831.1596069335938,2068.590087890625,235.342,0.11,102.2335
2015-02-11,834.29052734375,2068.530029296875,235.342,0.11,102.2335
2015-02-12,860.8214111328125,2088.47998046875,235.342,0.11,102.2335
2015-02-13,858.0884399414062,2096.989990234375,235.342,0.11,102.2335
2015-02-16,860.4004516601562,2096.989990234375,235.342,0.11,102.2335
2015-02-17,844.2445678710938,2100.340087890625,235.342,0.11,102.2335
2015-02-18,854.4124755859375,2099.679931640625,235.342,0.11,102.2335
2015-02-19,864.138427734375,2097.449951171875,235.342,0.11,102.2335
2015-02-20,854.8844604492188,2110.300048828125,235.342,0.11,102.2335
2015-02-23,862.87841796875,2109.659912109375,235.342,0.11,102.2335
2015-02-24,866.9074096679688,2115.47998046875,235.342,0.11,102.2335
2015-02-25,867.3304443359375,2113.860107421875,235.342,0.11,102.2335
2015-02-26,859.1494140625,2110.739990234375,235.342,0.11,102.2335
2015-02-27,841.4705200195312,2104.5,235.342,0.11,102.2335
2015-03-02,839.4645385742188,2117.389892578125,235.976,0.11,101.8914
2015-03-03,843.0345458984375,2107.780029296875,235.976,0.11,101.8914
2015-03-04,820.6676635742188,2098.530029296875,235.976,0.11,101.8914
2015-03-05,807.791748046875,2101.0400390625,235.976,0.11,101.8914
2015-03-06,803.0977172851562,2071.260009765625,235.976,0.11,101.8914
2015-03-09,806.44970703125,2079.429931640625,235.976,0.11,101.8914
2015-03-10,779.7708740234375,2044.1600341796875,235.976,0.11,101.8914
2015-03-11,782.765869140625,2040.239990234375,235.976,0.11,101.8914
2015-03-12,782.9278564453125,2065.949951171875,235.976,0.11,101.8914
2015-03-13,766.4169311523438,2053.39990234375,235.976,0.11,101.8914
2015-03-16,781.9528198242188,2081.18994140625,235.976,0.11,101.8914
2015-03-17,800.302734375,2074.280029296875,235.976,0.11,101.8914
2015-03-18,799.4187622070312,2099.5,235.976,0.11,101.8914
2015-03-19,819.2156372070312,2089.27001953125,235.976,0.11,101.8914
2015-03-20,825.0596313476562,2108.10009765625,235.976,0.11,101.8914
2015-03-23,837.41552734375,2104.419921875,235.976,0.11,101.8914
2015-03-24,820.3216552734375,2091.5,235.976,0.11,101.8914
2015-03-25,826.4876098632812,2061.050048828125,235.976,0.11,101.8914
2015-03-26,814.8196411132812,2056.14990234375,235.976,0.11,101.8914
2015-03-27,808.937744140625,2061.02001953125,235.976,0.11,101.8914
2015-03-30,821.835693359375,2086.239990234375,235.976,0.11,101.8914
2015-03-31,808.4557495117188,2067.889892578125,235.976,0.11,101.8914
2015-04-01,812.0806884765625,2059.68994140625,236.222,0.12,101.3355
2015-04-02,816.7596435546875,2066.9599609375,236.222,0.12,101.3355
2015-04-03,829.9385986328125,2066.9599609375,236.222,0.12,101.3355
2015-04-06,831.297607421875,2080.6201171875,236.222,0.12,101.3355
2015-04-07,824.6546020507812,2076.330078125,236.222,0.12,101.3355
2015-04-08,827.9896240234375,2081.89990234375,236.222,0.12,101.3355
2015-04-09,835.1315307617188,2091.179931640625,236.222,0.12,101.3355
2015-04-10,826.45361328125,2102.06005859375,236.222,0.12,101.3355
2015-04-13,819.3716430664062,2092.429931640625,236.222,0.12,101.3355
2015-04-14,823.192626953125,2095.840087890625,236.222,0.12,101.3355
2015-04-15,813.5706787109375,2106.6298828125,236.222,0.12,101.3355
2015-04-16,824.3626098632812,2104.989990234375,236.222,0.12,101.3355
2015-04-17,824.172607421875,2081.179931640625,236.222,0.12,101.3355
2015-04-20,823.0216064453125,2100.39990234375,236.222,0.12,101.3355
2015-04-21,842.7725219726562,2097.2900390625,236.222,0.12,101.3355
2015-04-22,837.799560546875,2107.9599609375,236.222,0.12,101.3355
2015-04-23,837.799560546875,2112.929931640625,236.222,0.12,101.3355
2015-04-24,855.5084838867188,2117.68994140625,236.222,0.12,101.3355
2015-04-27,864.014404296875,2108.919921875,236.222,0.12,101.3355
2015-04-28,862.0903930664062,2114.760009765625,236.222,0.12,101.3355
2015-04-29,859.7794189453125,2106.85009765625,236.222,0.12,101.3355
2015-04-30,839.4655151367188,2085.510009765625,236.222,0.12,101.3355
2015-05-01,839.4655151367188,2108.2900390625,237.001,0.12,100.8883
2015-05-04,840.1845703125,2114.489990234375,237.001,0.12,100.8883
2015-05-05,833.8026123046875,2089.4599609375,237.001,0.12,100.8883
2015-05-06,824.4096069335938,2080.14990234375,237.001,0.12,100.8883
2015-05-07,825.6976318359375,2088.0,237.001,0.12,100.8883
2015-05-08,840.5945434570312,2116.10009765625,237.001,0.12,100.8883
2015-05-11,847.5234985351562,2105.330078125,237.001,0.12,100.8883
2015-05-12,853.6304931640625,2099.1201171875,237.001,0.12,100.8883
2015-05-13,864.17041015625,2098.47998046875,237.001,0.12,100.8883
2015-05-14,872.432373046875,2121.10009765625,237.001,0.12,100.8883
2015-05-15,876.0443725585938,2122.72998046875,237.001,0.12,100.8883
2015-05-18,886.5142822265625,2129.199951171875,237.001,0.12,100.8883
2015-05-19,886.5142822265625,2127.830078125,237.001,0.12,100.8883
2015-05-20,877.9063720703125,2125.85009765625,237.001,0.12,100.8883
2015-05-21,865.6454467773438,2130.820068359375,237.001,0.12,100.8883
2015-05-22,858.034423828125,2126.06005859375,237.001,0.12,100.8883
2015-05-25,845.6654663085938,2126.06005859375,237.001,0.12,100.8883
2015-05-26,836.4895629882812,2104.199951171875,237.001,0.12,100.8883
2015-05-27,842.9165649414062,2123.47998046875,237.001,0.12,100.8883
2015-05-28,835.6915283203125,2120.7900390625,237.001,0.12,100.8883
2015-05-29,829.8076171875,2107.389892578125,237.001,0.12,100.8883
2015-06-01,804.2867431640625,2111.72998046875,237.657,0.13,100.571
2015-06-02,814.1976928710938,2109.60009765625,237.657,0.13,100.571
2015-06-03,833.9315795898438,2114.070068359375,237.657,0.13,100.571
2015-06-04,824.985595703125,2095.840087890625,237.657,0.13,100.571
2015-06-05,819.4296875,2092.830078125,237.657,0.13,100.571
2015-06-08,778.0498657226562,2079.280029296875,237.657,0.13,100.571
2015-06-09,781.4588623046875,2080.14990234375,237.657,0.13,100.571
2015-06-10,797.4747924804688,2105.199951171875,237.657,0.13,100.571
2015-06-11,808.44775390625,2108.860107421875,237.657,0.13,100.571
2015-06-12,805.3207397460938,2094.110107421875,237.657,0.13,100.571
2015-06-15,789.509765625,2084.429931640625,237.657,0.13,100.571
2015-06-16,801.833740234375,2096.2900390625,237.657,0.13,100.571
2015-06-17,807.1287231445312,2100.43994140625,237.657,0.13,100.571
2015-06-18,819.3206787109375,2121.239990234375,237.657,0.13,100.571
2015-06-19,824.5396118164062,2109.989990234375,237.657,0.13,100.571
2015-06-22,834.257568359375,2122.85009765625,237.657,0.13,100.571
2015-06-23,830.6806030273438,2124.199951171875,237.657,0.13,100.571
2015-06-24,841.4025268554688,2108.580078125,237.657,0.13,100.571
2015-06-25,832.7666015625,2102.31005859375,237.657,0.13,100.571
2015-06-26,835.45654296875,2101.489990234375,237.657,0.13,100.571
2015-06-29,817.5576782226562,2057.639892578125,237.657,0.13,100.571
2015-06-30,822.4906616210938,2063.110107421875,237.657,0.13,100.571
2015-07-01,816.8126831054688,2077.419921875,238.034,0.13,101.2228
2015-07-02,818.795654296875,2076.780029296875,238.034,0.13,101.2228
2015-07-03,812.1656494140625,2076.780029296875,238.034,0.13,101.2228
2015-07-06,823.6546020507812,2068.760009765625,238.034,0.13,101.2228
2015-07-07,815.7186889648438,2081.340087890625,238.034,0.13,101.2228
2015-07-08,803.8617553710938,2046.6800537109375,238.034,0.13,101.2228
2015-07-09,822.8585815429688,2051.31005859375,238.034,0.13,101.2228
2015-07-10,827.9146118164062,2076.6201171875,238.034,0.13,101.2228
2015-07-13,833.8786010742188,2099.60009765625,238.034,0.13,101.2228
2015-07-14,830.4066162109375,2108.949951171875,238.034,0.13,101.2228
2015-07-15,827.2745971679688,2107.39990234375,238.034,0.13,101.2228
2015-07-16,827.8936157226562,2124.2900390625,238.034,0.13,101.2228
2015-07-17,827.8936157226562,2126.639892578125,238.034,0.13,101.2228
2015-07-20,813.1956787109375,2128.280029296875,238.034,0.13,101.2228
2015-07-21,815.8316650390625,2119.2099609375,238.034,0.13,101.2228
2015-07-22,812.2196655273438,2114.14990234375,238.034,0.13,101.2228
2015-07-23,783.3618774414062,2102.14990234375,238.034,0.13,101.2228
2015-07-24,787.1168212890625,2079.64990234375,238.034,0.13,101.2228
2015-07-27,773.5159301757812,2067.639892578125,238.034,0.13,101.2228
2015-07-28,780.23583984375,2093.25,238.034,0.13,101.2228
2015-07-29,780.7938232421875,2108.570068359375,238.034,0.13,101.2228
2015-07-30,782.7108764648438,2108.6298828125,238.034,0.13,101.2228
2015-07-31,799.0927734375,2103.840087890625,238.034,0.13,101.2228
2015-08-03,781.6368408203125,2098.0400390625,238.033,0.14,101.0367
2015-08-04,782.3448486328125,2093.320068359375,238.033,0.14,101.0367
2015-08-05,781.3388671875,2099.840087890625,238.033,0.14,101.0367
2015-08-06,788.02685546875,2083.56005859375,238.033,0.14,101.0367
2015-08-07,784.266845703125,2077.570068359375,238.033,0.14,101.0367
2015-08-10,774.9489135742188,2104.179931640625,238.033,0.14,101.0367
2015-08-11,797.19580078125,2084.070068359375,238.033,0.14,101.0367
2015-08-12,781.7438354492188,2086.050048828125,238.033,0.14,101.0367
2015-08-13,770.8508911132812,2083.389892578125,238.033,0.14,101.0367
2015-08-14,773.0859375,2091.5400390625,238.033,0.14,101.0367
2015-08-17,769.2199096679688,2102.43994140625,238.033,0.14,101.0367
2015-08-18,759.5969848632812,2096.919921875,238.033,0.14,101.0367
2015-08-19,752.9920043945312,2079.610107421875,238.033,0.14,101.0367
2015-08-20,746.8140258789062,2035.72998046875,238.033,0.14,101.0367
2015-08-21,737.97412109375,1970.8900146484375,238.033,0.14,101.0367
2015-08-24,713.4161987304688,1893.2099609375,238.033,0.14,101.0367
2015-08-25,735.0930786132812,1867.6099853515625,238.033,0.14,101.0367
2015-08-26,736.1550903320312,1940.510009765625,238.033,0.14,101.0367
2015-08-27,748.1310424804688,1987.6600341796875,238.033,0.14,101.0367
2015-08-28,746.4120483398438,1988.8699951171875,238.033,0.14,101.0367
2015-08-31,752.1000366210938,1972.1800537109375,238.033,0.14,101.0367
2015-09-01,735.693115234375,1913.8499755859375,237.498,0.14,100.7547
2015-09-02,736.5570678710938,1948.8599853515625,237.498,0.14,100.7547
2015-09-03,740.037109375,1951.1300048828125,237.498,0.14,100.7547
2015-09-04,729.4971313476562,1921.219970703125,237.498,0.14,100.7547
2015-09-07,718.6542358398438,1921.219970703125,237.498,0.14,100.7547
2015-09-08,720.51416015625,1969.4100341796875,237.498,0.14,100.7547
2015-09-09,720.0291748046875,1942.0400390625,237.498,0.14,100.7547
2015-09-10,718.4612426757812,1952.2900390625,237.498,0.14,100.7547
2015-09-11,713.5051879882812,1961.050048828125,237.498,0.14,100.7547
2015-09-14,712.990234375,1953.030029296875,237.498,0.14,100.7547
2015-09-15,731.7301025390625,1978.0899658203125,237.498,0.14,100.7547
2015-09-16,741.4910888671875,1995.31005859375,237.498,0.14,100.7547
2015-09-17,749.8020629882812,1990.199951171875,237.498,0.14,100.7547
2015-09-18,750.9860229492188,1958.030029296875,237.498,0.14,100.7547
2015-09-21,758.6029663085938,1966.969970703125,237.498,0.14,100.7547
2015-09-22,749.9330444335938,1942.739990234375,237.498,0.14,100.7547
2015-09-23,746.0980224609375,1938.760009765625,237.498,0.14,100.7547
2015-09-24,746.0980224609375,1932.239990234375,237.498,0.14,100.7547
2015-09-25,746.0980224609375,1931.3399658203125,237.498,0.14,100.7547
2015-09-28,733.1461181640625,1881.77001953125,237.498,0.14,100.7547
2015-09-29,742.5730590820312,1884.0899658203125,237.498,0.14,100.7547
2015-09-30,742.0510864257812,1920.030029296875,237.498,0.14,100.7547
2015-10-01,745.3060302734375,1923.8199462890625,237.733,0.12,100.2675
2015-10-02,743.9630126953125,1951.3599853515625,237.733,0.12,100.2675
2015-10-05,769.0209350585938,1987.050048828125,237.733,0.12,100.2675
2015-10-06,772.5819091796875,1979.9200439453125,237.733,0.12,100.2675
2015-10-07,786.9778442382812,1995.8299560546875,237.733,0.12,100.2675
2015-10-08,786.6058349609375,2013.4300537109375,237.733,0.12,100.2675
2015-10-09,792.144775390625,2014.8900146484375,237.733,0.12,100.2675
2015-10-12,792.9967651367188,2017.4599609375,237.733,0.12,100.2675
2015-10-13,783.5818481445312,2003.68994140625,237.733,0.12,100.2675
2015-10-14,793.7977905273438,1994.239990234375,237.733,0.12,100.2675
2015-10-15,792.6287841796875,2023.8599853515625,237.733,0.12,100.2675
2015-10-16,784.8318481445312,2033.1099853515625,237.733,0.12,100.2675
2015-10-19,797.3407592773438,2033.6600341796875,237.733,0.12,100.2675
2015-10-20,804.9607543945312,2030.77001953125,237.733,0.12,100.2675
2015-10-21,797.6488037109375,2018.93994140625,237.733,0.12,100.2675
2015-10-22,802.5547485351562,2052.510009765625,237.733,0.12,100.2675
2015-10-23,801.2437133789062,2075.14990234375,237.733,0.12,100.2675
2015-10-26,792.6187744140625,2071.179931640625,237.733,0.12,100.2675
2015-10-27,786.620849609375,2065.889892578125,237.733,0.12,100.2675
2015-10-28,785.3588256835938,2090.35009765625,237.733,0.12,100.2675
2015-10-29,785.3588256835938,2089.409912109375,237.733,0.12,100.2675
2015-10-30,794.0858154296875,2079.360107421875,237.733,0.12,100.2675
2015-11-02,836.9315185546875,2104.050048828125,238.017,0.12,99.5298
2015-11-03,829.1345825195312,2109.7900390625,238.017,0.12,99.5298
2015-11-04,836.8365478515625,2102.31005859375,238.017,0.12,99.5298
2015-11-05,829.5526123046875,2099.929931640625,238.017,0.12,99.5298
2015-11-06,819.2976684570312,2099.199951171875,238.017,0.12,99.5298
2015-11-09,820.4966430664062,2078.580078125,238.017,0.12,99.5298
2015-11-10,811.7366943359375,2081.719970703125,238.017,0.12,99.5298
2015-11-11,817.1756591796875,2075.0,238.017,0.12,99.5298
2015-11-12,821.4296875,2045.969970703125,238.017,0.12,99.5298
2015-11-13,818.78369140625,2023.0400390625,238.017,0.12,99.5298
2015-11-16,810.459716796875,2053.18994140625,238.017,0.12,99.5298
2015-11-17,811.524658203125,2050.43994140625,238.017,0.12,99.5298
2015-11-18,805.1377563476562,2083.580078125,238.017,0.12,99.5298
2015-11-19,804.40771484375,2081.239990234375,238.017,0.12,99.5298
2015-11-20,806.812744140625,2089.169921875,238.017,0.12,99.5298
2015-11-23,797.4437866210938,2086.590087890625,238.017,0.12,99.5298
2015-11-24,762.4259643554688,2089.139892578125,238.017,0.12,99.5298
2015-11-25,768.3609008789062,2088.8701171875,238.017,0.12,99.5298
2015-11-26,749.9720458984375,2088.8701171875,238.017,0.12,99.5298
2015-11-27,756.3799438476562,2090.110107421875,238.017,0.12,99.5298
2015-11-30,752.3240356445312,2080.409912109375,238.017,0.12,99.5298
2015-12-01,767.8508911132812,2102.6298828125,237.761,0.24,99.0417
2015-12-02,763.9459838867188,2079.510009765625,237.761,0.24,99.0417
2015-12-03,754.5239868164062,2049.6201171875,237.761,0.24,99.0417
2015-12-04,742.6490478515625,2091.68994140625,237.761,0.24,99.0417
2015-12-07,739.0850830078125,2077.070068359375,237.761,0.24,99.0417
2015-12-08,731.0050659179688,2063.590087890625,237.761,0.24,99.0417
2015-12-09,745.8330078125,2047.6199951171875,237.761,0.24,99.0417
2015-12-10,723.5381469726562,2052.22998046875,237.761,0.24,99.0417
2015-12-11,702.7992553710938,2012.3699951171875,237.761,0.24,99.0417
2015-12-14,693.0833129882812,2021.93994140625,237.761,0.24,99.0417
2015-12-15,721.5641479492188,2043.4100341796875,237.761,0.24,99.0417
2015-12-16,728.3141479492188,2073.070068359375,237.761,0.24,99.0417
2015-12-17,737.1151123046875,2041.8900146484375,237.761,0.24,99.0417
2015-12-18,724.6001586914062,2005.550048828125,237.761,0.24,99.0417
2015-12-21,733.278076171875,2021.1500244140625,237.761,0.24,99.0417
2015-12-22,731.01708984375,2038.969970703125,237.761,0.24,99.0417
2015-12-23,740.445068359375,2064.2900390625,237.761,0.24,99.0417
2015-12-24,740.5001220703125,2060.989990234375,237.761,0.24,99.0417
2015-12-25,741.89111328125,2060.989990234375,237.761,0.24,99.0417
2015-12-28,742.4280395507812,2056.5,237.761,0.24,99.0417
2015-12-29,739.1220703125,2078.360107421875,237.761,0.24,99.0417
2015-12-30,732.0031127929688,2063.360107421875,237.761,0.24,99.0417
2015-12-31,717.2662353515625,2043.93994140625,237.761,0.24,99.0417
2016-01-04,705.1802978515625,2012.6600341796875,237.652,0.34,99.5607
2016-01-05,706.8772583007812,2016.7099609375,237.652,0.34,99.5607
2016-01-06,711.9752197265625,1990.260009765625,237.652,0.34,99.5607
2016-01-07,714.9552001953125,1943.0899658203125,237.652,0.34,99.5607
2016-01-08,706.1282958984375,1922.030029296875,237.652,0.34,99.5607
2016-01-11,710.4862060546875,1923.6700439453125,237.652,0.34,99.5607
2016-01-12,717.4002075195312,1938.6800537109375,237.652,0.34,99.5607
2016-01-13,725.0831298828125,1890.280029296875,237.652,0.34,99.5607
2016-01-14,719.4021606445312,1921.8399658203125,237.652,0.34,99.5607
2016-01-15,710.6162109375,1880.3299560546875,237.652,0.34,99.5607
2016-01-18,710.3931884765625,1880.3299560546875,237.652,0.34,99.5607
2016-01-19,710.7282104492188,1881.3299560546875,237.652,0.34,99.5607
2016-01-20,696.0363159179688,1859.3299560546875,237.652,0.34,99.5607
2016-01-21,685.6753540039062,1868.989990234375,237.652,0.34,99.5607
2016-01-22,702.435302734375,1906.9000244140625,237.652,0.34,99.5607
2016-01-25,705.3862915039062,1877.0799560546875,237.652,0.34,99.5607
2016-01-26,718.085205078125,1903.6300048828125,237.652,0.34,99.5607
2016-01-27,720.525146484375,1882.949951171875,237.652,0.34,99.5607
2016-01-28,724.2701416015625,1893.3599853515625,237.652,0.34,99.5607
2016-01-29,734.8070678710938,1940.239990234375,237.652,0.34,99.5607
2016-02-01,734.4730834960938,1939.3800048828125,237.336,0.38,99.0445
2016-02-02,725.0581665039062,1903.030029296875,237.336,0.38,99.0445
2016-02-03,732.6701049804688,1912.530029296875,237.336,0.38,99.0445
2016-02-04,745.050048828125,1915.449951171875,237.336,0.38,99.0445
2016-02-05,742.0310668945312,1880.050048828125,237.336,0.38,99.0445
2016-02-08,720.0481567382812,1853.43994140625,237.336,0.38,99.0445
2016-02-09,714.148193359375,1852.2099609375,237.336,0.38,99.0445
2016-02-10,716.1382446289062,1851.8599853515625,237.336,0.38,99.0445
2016-02-11,709.4132080078125,1829.0799560546875,237.336,0.38,99.0445
2016-02-12,709.3702392578125,1864.780029296875,237.336,0.38,99.0445
2016-02-15,710.0772094726562,1864.780029296875,237.336,0.38,99.0445
2016-02-16,709.4882202148438,1895.5799560546875,237.336,0.38,99.0445
2016-02-17,728.0471801757812,1926.8199462890625,237.336,0.38,99.0445
2016-02-18,734.4611206054688,1917.8299560546875,237.336,0.38,99.0445
2016-02-19,730.150146484375,1917.780029296875,237.336,0.38,99.0445
2016-02-22,748.93505859375,1945.5,237.336,0.38,99.0445
2016-02-23,754.9939575195312,1921.27001953125,237.336,0.38,99.0445
2016-02-24,740.6680908203125,1929.800048828125,237.336,0.38,99.0445
2016-02-25,752.0150146484375,1951.699951171875,237.336,0.38,99.0445
2016-02-26,749.2860107421875,1948.050048828125,237.336,0.38,99.0445
2016-02-29,758.1399536132812,1932.22998046875,237.336,0.38,99.0445
2016-03-01,759.5499877929688,1978.3499755859375,238.08,0.36,98.3096
2016-03-02,767.8759155273438,1986.449951171875,238.08,0.36,98.3096
2016-03-03,768.2789306640625,1993.4000244140625,238.08,0.36,98.3096
2016-03-04,771.9069213867188,1999.989990234375,238.08,0.36,98.3096
2016-03-07,774.8348999023438,2001.760009765625,238.08,0.36,98.3096
2016-03-08,776.8248291015625,1979.260009765625,238.08,0.36,98.3096
2016-03-09,787.3778686523438,1989.260009765625,238.08,0.36,98.3096
2016-03-10,790.2427978515625,1989.5699462890625,238.08,0.36,98.3096
2016-03-11,793.7977905273438,2022.18994140625,238.08,0.36,98.3096
2016-03-14,801.104736328125,2019.6400146484375,238.08,0.36,98.3096
2016-03-15,790.3067626953125,2015.9300537109375,238.08,0.36,98.3096
2016-03-16,793.6878051757812,2027.219970703125,238.08,0.36,98.3096
2016-03-17,813.7666625976562,2040.5899658203125,238.08,0.36,98.3096
2016-03-18,829.4296264648438,2049.580078125,238.08,0.36,98.3096
2016-03-21,834.0225830078125,2051.60009765625,238.08,0.36,98.3096
2016-03-22,817.6566772460938,2049.800048828125,238.08,0.36,98.3096
2016-03-23,803.8327026367188,2036.7099609375,238.08,0.36,98.3096
2016-03-24,813.5796508789062,2035.93994140625,238.08,0.36,98.3096
2016-03-25,813.5606689453125,2035.93994140625,238.08,0.36,98.3096
2016-03-28,813.441650390625,2037.050048828125,238.08,0.36,98.3096
2016-03-29,817.3316650390625,2055.010009765625,238.08,0.36,98.3096
2016-03-30,829.173583984375,2063.949951171875,238.08,0.36,98.3096
2016-03-31,832.6755981445312,2059.739990234375,238.08,0.36,98.3096
2016-04-01,823.589599609375,2072.780029296875,238.992,0.37,98.6421
2016-04-04,838.7245483398438,2066.1298828125,238.992,0.37,98.6421
2016-04-05,829.6365966796875,2045.1700439453125,238.992,0.37,98.6421
2016-04-06,815.108642578125,2066.659912109375,238.992,0.37,98.6421
2016-04-07,811.6426391601562,2041.9100341796875,238.992,0.37,98.6421
2016-04-08,825.0166015625,2047.5999755859375,238.992,0.37,98.6421
2016-04-11,839.8705444335938,2041.989990234375,238.992,0.37,98.6421
2016-04-12,837.1935424804688,2061.719970703125,238.992,0.37,98.6421
2016-04-13,856.9624633789062,2082.419921875,238.992,0.37,98.6421
2016-04-14,857.8453979492188,2082.780029296875,238.992,0.37,98.6421
2016-04-15,855.7284545898438,2080.72998046875,238.992,0.37,98.6421
2016-04-18,863.4324340820312,2094.340087890625,238.992,0.37,98.6421
2016-04-19,862.5054321289062,2100.800048828125,238.992,0.37,98.6421
2016-04-20,855.4974975585938,2102.39990234375,238.992,0.37,98.6421
2016-04-21,856.7034912109375,2091.47998046875,238.992,0.37,98.6421
2016-04-22,858.2824096679688,2091.580078125,238.992,0.37,98.6421
2016-04-25,851.0894775390625,2087.7900390625,238.992,0.37,98.6421
2016-04-26,857.5594482421875,2091.699951171875,238.992,0.37,98.6421
2016-04-27,853.7374877929688,2095.14990234375,238.992,0.37,98.6421
2016-04-28,854.7734985351562,2075.81005859375,238.992,0.37,98.6421
2016-04-29,853.2734985351562,2065.300048828125,238.992,0.37,98.6421
2016-05-02,838.2945556640625,2081.429931640625,239.557,0.37,98.4184
2016-05-03,810.6937255859375,2063.3701171875,239.557,0.37,98.4184
2016-05-04,793.82177734375,2051.1201171875,239.557,0.37,98.4184
2016-05-05,786.9838256835938,2050.6298828125,239.557,0.37,98.4184
2016-05-06,783.6768798828125,2057.139892578125,239.557,0.37,98.4184
2016-05-09,790.6167602539062,2058.68994140625,239.557,0.37,98.4184
2016-05-10,788.0198364257812,2084.389892578125,239.557,0.37,98.4184
2016-05-11,790.2738037109375,2064.4599609375,239.557,0.37,98.4184
2016-05-12,783.037841796875,2064.110107421875,239.557,0.37,98.4184
2016-05-13,778.079833984375,2046.6099853515625,239.557,0.37,98.4184
2016-05-16,769.992919921875,2066.659912109375,239.557,0.37,98.4184
2016-05-17,772.7678833007812,2047.2099609375,239.557,0.37,98.4184
2016-05-18,772.4349365234375,2047.6300048828125,239.557,0.37,98.4184
2016-05-19,772.4349365234375,2040.0400390625,239.557,0.37,98.4184
2016-05-20,763.572998046875,2052.320068359375,239.557,0.37,98.4184
2016-05-23,767.6549072265625,2048.0400390625,239.557,0.37,98.4184
2016-05-24,794.341796875,2076.06005859375,239.557,0.37,98.4184
2016-05-25,786.0868530273438,2090.5400390625,239.557,0.37,98.4184
2016-05-26,780.3518676757812,2090.10009765625,239.557,0.37,98.4184
2016-05-27,780.2848510742188,2099.06005859375,239.557,0.37,98.4184
2016-05-30,785.3478393554688,2099.06005859375,239.557,0.37,98.4184
2016-05-31,778.0298461914062,2096.949951171875,239.557,0.37,98.4184
2016-06-01,770.3449096679688,2099.330078125,240.222,0.38,98.8833
2016-06-02,762.7169799804688,2105.260009765625,240.222,0.38,98.8833
2016-06-03,781.390869140625,2099.1298828125,240.222,0.38,98.8833
2016-06-06,785.923828125,2109.409912109375,240.222,0.38,98.8833
2016-06-07,781.5718383789062,2112.1298828125,240.222,0.38,98.8833
2016-06-08,788.3228149414062,2119.1201171875,240.222,0.38,98.8833
2016-06-09,777.1128540039062,2115.47998046875,240.222,0.38,98.8833
2016-06-10,768.868896484375,2096.070068359375,240.222,0.38,98.8833
2016-06-13,765.337890625,2079.06005859375,240.222,0.38,98.8833
2016-06-14,757.5909423828125,2075.320068359375,240.222,0.38,98.8833
2016-06-15,762.3699951171875,2071.5,240.222,0.38,98.8833
2016-06-16,746.7130126953125,2077.989990234375,240.222,0.38,98.8833
2016-06-17,754.3009643554688,2071.219970703125,240.222,0.38,98.8833
2016-06-20,775.2269287109375,2083.25,240.222,0.38,98.8833
2016-06-21,775.3099365234375,2088.89990234375,240.222,0.38,98.8833
2016-06-22,772.6708984375,2085.449951171875,240.222,0.38,98.8833
2016-06-23,779.8948364257812,2113.320068359375,240.222,0.38,98.8833
2016-06-24,753.6559448242188,2037.4100341796875,240.222,0.38,98.8833
2016-06-27,751.6080322265625,2000.5400390625,240.222,0.38,98.8833
2016-06-28,769.2889404296875,2036.0899658203125,240.222,0.38,98.8833
2016-06-29,767.1159057617188,2070.77001953125,240.222,0.38,98.8833
2016-06-30,768.1679077148438,2098.860107421875,240.222,0.38,98.8833
2016-07-01,779.516845703125,2102.949951171875,240.101,0.39,98.9992
2016-07-04,783.8728637695312,2102.949951171875,240.101,0.39,98.9992
2016-07-05,783.8728637695312,2088.550048828125,240.101,0.39,98.9992
2016-07-06,783.8728637695312,2099.72998046875,240.101,0.39,98.9992
2016-07-07,783.8728637695312,2097.89990234375,240.101,0.39,98.9992
2016-07-08,780.1908569335938,2129.89990234375,240.101,0.39,98.9992
2016-07-11,792.3457641601562,2137.159912109375,240.101,0.39,98.9992
2016-07-12,811.4116821289062,2152.139892578125,240.101,0.39,98.9992
2016-07-13,813.212646484375,2152.429931640625,240.101,0.39,98.9992
2016-07-14,825.8936157226562,2163.75,240.101,0.39,98.9992
2016-07-15,828.2496337890625,2161.739990234375,240.101,0.39,98.9992
2016-07-18,769.5718994140625,2166.889892578125,240.101,0.39,98.9992
2016-07-19,761.7739868164062,2163.780029296875,240.101,0.39,98.9992
2016-07-20,749.0240478515625,2173.02001953125,240.101,0.39,98.9992
2016-07-21,715.9462280273438,2165.169921875,240.101,0.39,98.9992
2016-07-22,717.3801879882812,2175.030029296875,240.101,0.39,98.9992
2016-07-25,741.736083984375,2168.47998046875,240.101,0.39,98.9992
2016-07-26,736.8900756835938,2169.179931640625,240.101,0.39,98.9992
2016-07-27,750.7530517578125,2166.580078125,240.101,0.39,98.9992
2016-07-28,752.43701171875,2170.06005859375,240.101,0.39,98.9992
2016-07-29,754.0509643554688,2173.60009765625,240.101,0.39,98.9992
2016-08-01,767.1129150390625,2170.840087890625,240.545,0.4,98.85
2016-08-02,758.0349731445312,2157.030029296875,240.545,0.4,98.85
2016-08-03,745.5180053710938,2163.7900390625,240.545,0.4,98.85
2016-08-04,761.251953125,2164.25,240.545,0.4,98.85
2016-08-05,760.6529541015625,2182.8701171875,240.545,0.4,98.85
2016-08-08,777.786865234375,2180.889892578125,240.545,0.4,98.85
2016-08-09,785.244873046875,2181.739990234375,240.545,0.4,98.85
2016-08-10,779.5528564453125,2175.489990234375,240.545,0.4,98.85
2016-08-11,790.331787109375,2185.7900390625,240.545,0.4,98.85
2016-08-12,782.2818603515625,2184.050048828125,240.545,0.4,98.85
2016-08-15,784.7218627929688,2190.14990234375,240.545,0.4,98.85
2016-08-16,777.0668334960938,2178.14990234375,240.545,0.4,98.85
2016-08-17,781.473876953125,2182.219970703125,240.545,0.4,98.85
2016-08-18,779.704833984375,2187.02001953125,240.545,0.4,98.85
2016-08-19,781.4518432617188,2183.8701171875,240.545,0.4,98.85
2016-08-22,779.5288696289062,2182.639892578125,240.545,0.4,98.85
2016-08-23,773.3319091796875,2186.89990234375,240.545,0.4,98.85
2016-08-24,761.1589965820312,2175.43994140625,240.545,0.4,98.85
2016-08-25,767.8948974609375,2172.469970703125,240.545,0.4,98.85
2016-08-26,771.1929321289062,2169.0400390625,240.545,0.4,98.85
2016-08-29,761.1839599609375,2180.3798828125,240.545,0.4,98.85
2016-08-30,761.1839599609375,2176.1201171875,240.545,0.4,98.85
2016-08-31,759.6719970703125,2170.949951171875,240.545,0.4,98.85
2016-09-01,758.5239868164062,2170.860107421875,241.176,0.4,98.7457
2016-09-02,768.8389282226562,2179.97998046875,241.176,0.4,98.7457
2016-09-05,777.911865234375,2179.97998046875,241.176,0.4,98.7457
2016-09-06,779.94384765625,2186.47998046875,241.176,0.4,98.7457
2016-09-07,776.4279174804688,2186.159912109375,241.176,0.4,98.7457
2016-09-08,778.4308471679688,2181.300048828125,241.176,0.4,98.7457
2016-09-09,770.5308837890625,2127.81005859375,241.176,0.4,98.7457
2016-09-12,770.5308837890625,2159.0400390625,241.176,0.4,98.7457
2016-09-13,770.5308837890625,2127.02001953125,241.176,0.4,98.7457
2016-09-14,770.5308837890625,2125.77001953125,241.176,0.4,98.7457
2016-09-15,770.5308837890625,2147.260009765625,241.176,0.4,98.7457
2016-09-16,760.198974609375,2139.159912109375,241.176,0.4,98.7457
2016-09-19,776.703857421875,2139.1201171875,241.176,0.4,98.7457
2016-09-20,773.1309204101562,2139.760009765625,241.176,0.4,98.7457
2016-09-21,779.1548461914062,2163.1201171875,241.176,0.4,98.7457
2016-09-22,797.9547729492188,2177.179931640625,241.176,0.4,98.7457
2016-09-23,797.559814453125,2164.68994140625,241.176,0.4,98.7457
2016-09-26,767.2529296875,2146.10009765625,241.176,0.4,98.7457
2016-09-27,771.6029052734375,2159.929931640625,241.176,0.4,98.7457
2016-09-28,776.7738647460938,2171.3701171875,241.176,0.4,98.7457
2016-09-29,770.763916015625,2151.1298828125,241.176,0.4,98.7457
2016-09-30,764.8799438476562,2168.27001953125,241.176,0.4,98.7457
2016-10-03,772.2499389648438,2161.199951171875,241.741,0.4,98.7611
2016-10-04,770.5739135742188,2150.489990234375,241.741,0.4,98.7611
2016-10-05,778.5328369140625,2159.72998046875,241.741,0.4,98.7611
2016-10-06,778.94287109375,2160.77001953125,241.741,0.4,98.7611
2016-10-07,779.755859375,2153.739990234375,241.741,0.4,98.7611
2016-10-10,778.348876953125,2163.659912109375,241.741,0.4,98.7611
2016-10-11,776.431884765625,2136.72998046875,241.741,0.4,98.7611
2016-10-12,774.60888671875,2139.179931640625,241.741,0.4,98.7611
2016-10-13,768.0989379882812,2132.550048828125,241.741,0.4,98.7611
2016-10-14,775.5379028320312,2132.97998046875,241.741,0.4,98.7611
2016-10-17,774.3718872070312,2126.5,241.741,0.4,98.7611
2016-10-18,783.3998413085938,2139.60009765625,241.741,0.4,98.7611
2016-10-19,792.0947875976562,2144.2900390625,241.741,0.4,98.7611
2016-10-20,792.519775390625,2141.340087890625,241.741,0.4,98.7611
2016-10-21,788.4328002929688,2141.159912109375,241.741,0.4,98.7611
2016-10-24,799.32177734375,2151.330078125,241.741,0.4,98.7611
2016-10-25,794.3287963867188,2143.159912109375,241.741,0.4,98.7611
2016-10-26,793.9747924804688,2139.429931640625,241.741,0.4,98.7611
2016-10-27,787.3878784179688,2133.0400390625,241.741,0.4,98.7611
2016-10-28,783.3248291015625,2126.409912109375,241.741,0.4,98.7611
2016-10-31,785.3578491210938,2126.14990234375,241.741,0.4,98.7611
2016-11-01,774.2819213867188,2111.719970703125,242.026,0.41,98.3491
2016-11-02,771.7119140625,2097.93994140625,242.026,0.41,98.3491
2016-11-03,766.8099365234375,2088.659912109375,242.026,0.41,98.3491
2016-11-04,742.6680297851562,2085.179931640625,242.026,0.41,98.3491
2016-11-07,756.8159790039062,2131.52001953125,242.026,0.41,98.3491
2016-11-08,763.6739501953125,2139.56005859375,242.026,0.41,98.3491
2016-11-09,762.0859985351562,2163.260009765625,242.026,0.41,98.3491
2016-11-10,763.5999755859375,2167.47998046875,242.026,0.41,98.3491
2016-11-11,751.738037109375,2164.449951171875,242.026,0.41,98.3491
2016-11-14,744.18701171875,2164.199951171875,242.026,0.41,98.3491
2016-11-15,751.5020141601562,2180.389892578125,242.026,0.41,98.3491
2016-11-16,747.5870361328125,2176.93994140625,242.026,0.41,98.3491
2016-11-17,751.3580322265625,2187.1201171875,242.026,0.41,98.3491
2016-11-18,756.385986328125,2181.89990234375,242.026,0.41,98.3491
2016-11-21,755.4319458007812,2198.179931640625,242.026,0.41,98.3491
2016-11-22,758.115966796875,2202.93994140625,242.026,0.41,98.3491
2016-11-23,750.3650512695312,2204.719970703125,242.026,0.41,98.3491
2016-11-24,741.9271240234375,2204.719970703125,242.026,0.41,98.3491
2016-11-25,743.6310424804688,2213.35009765625,242.026,0.41,98.3491
2016-11-28,749.8980102539062,2201.719970703125,242.026,0.41,98.3491
2016-11-29,742.0510864257812,2204.659912109375,242.026,0.41,98.3491
2016-11-30,739.9481201171875,2198.81005859375,242.026,0.41,98.3491
2016-12-01,725.1951293945312,2191.080078125,242.637,0.54,99.0214
2016-12-02,733.9050903320312,2191.949951171875,242.637,0.54,99.0214
2016-12-05,735.9931030273438,2204.7099609375,242.637,0.54,99.0214
2016-12-06,754.3289794921875,2212.22998046875,242.637,0.54,99.0214
2016-12-07,760.303955078125,2241.35009765625,242.637,0.54,99.0214
2016-12-08,759.2890014648438,2246.18994140625,242.637,0.54,99.0214
2016-12-09,757.2689819335938,2259.530029296875,242.637,0.54,99.0214
2016-12-12,762.3919677734375,2256.9599609375,242.637,0.54,99.0214
2016-12-13,769.9489135742188,2271.719970703125,242.637,0.54,99.0214
2016-12-14,768.804931640625,2253.280029296875,242.637,0.54,99.0214
2016-12-15,776.7818603515625,2262.030029296875,242.637,0.54,99.0214
2016-12-16,775.8928833007812,2258.070068359375,242.637,0.54,99.0214
2016-12-19,771.5739135742188,2262.530029296875,242.637,0.54,99.0214
2016-12-20,778.0748291015625,2270.760009765625,242.637,0.54,99.0214
2016-12-21,776.19091796875,2265.179931640625,242.637,0.54,99.0214
2016-12-22,774.0429077148438,2260.9599609375,242.637,0.54,99.0214
2016-12-23,769.7178955078125,2263.7900390625,242.637,0.54,99.0214
2016-12-26,770.2808837890625,2263.7900390625,242.637,0.54,99.0214
2016-12-27,766.9899291992188,2268.8798828125,242.637,0.54,99.0214
2016-12-28,775.472900390625,2249.919921875,242.637,0.54,99.0214
2016-12-29,778.3548583984375,2249.260009765625,242.637,0.54,99.0214
2016-12-30,781.3828735351562,2238.830078125,242.637,0.54,99.0214
2017-01-02,777.5408325195312,2238.830078125,243.618,0.65,98.7611
2017-01-03,766.1779174804688,2257.830078125,243.618,0.65,98.7611
2017-01-04,761.4319458007812,2270.75,243.618,0.65,98.7611
2017-01-05,763.8589477539062,2269.0,243.618,0.65,98.7611
2017-01-06,771.0618896484375,2276.97998046875,243.618,0.65,98.7611
2017-01-09,773.9398803710938,2268.89990234375,243.618,0.65,98.7611
2017-01-10,773.9329223632812,2268.89990234375,243.618,0.65,98.7611
2017-01-11,776.661865234375,2275.320068359375,243.618,0.65,98.7611
2017-01-12,808.9057006835938,2270.43994140625,243.618,0.65,98.7611
2017-01-13,815.2386474609375,2274.639892578125,243.618,0.65,98.7611
2017-01-16,817.1126708984375,2274.639892578125,243.618,0.65,98.7611
2017-01-17,823.6235961914062,2267.889892578125,243.618,0.65,98.7611
2017-01-18,827.7886352539062,2271.889892578125,243.618,0.65,98.7611
2017-01-19,822.9985961914062,2263.68994140625,243.618,0.65,98.7611
2017-01-20,830.6676025390625,2271.31005859375,243.618,0.65,98.7611
2017-01-23,830.4736328125,2265.199951171875,243.618,0.65,98.7611
2017-01-24,842.0745239257812,2280.070068359375,243.618,0.65,98.7611
2017-01-25,831.2786254882812,2298.3701171875,243.618,0.65,98.7611
2017-01-26,838.2605590820312,2296.679931640625,243.618,0.65,98.7611
2017-01-27,838.26953125,2294.68994140625,243.618,0.65,98.7611
2017-01-30,862.3704223632812,2280.89990234375,243.618,0.65,98.7611
2017-01-31,862.952392578125,2278.8701171875,243.618,0.65,98.7611
2017-02-01,868.4754028320312,2279.550048828125,244.006,0.66,98.3646
2017-02-02,873.9373779296875,2280.85009765625,244.006,0.66,98.3646
2017-02-03,883.8903198242188,2297.419921875,244.006,0.66,98.3646
2017-02-06,873.5743408203125,2292.56005859375,244.006,0.66,98.3646
2017-02-07,874.7623901367188,2293.080078125,244.006,0.66,98.3646
2017-02-08,882.486328125,2294.669921875,244.006,0.66,98.3646
2017-02-09,888.2973022460938,2307.8701171875,244.006,0.66,98.3646
2017-02-10,874.7283325195312,2316.10009765625,244.006,0.66,98.3646
2017-02-13,885.7783203125,2328.25,244.006,0.66,98.3646
2017-02-14,880.8173217773438,2337.580078125,244.006,0.66,98.3646
2017-02-15,878.8153686523438,2349.25,244.006,0.66,98.3646
2017-02-16,881.8643188476562,2347.219970703125,244.006,0.66,98.3646
2017-02-17,888.29931640625,2351.159912109375,244.006,0.66,98.3646
2017-02-20,885.872314453125,2351.159912109375,244.006,0.66,98.3646
2017-02-21,889.6463012695312,2365.3798828125,244.006,0.66,98.3646
2017-02-22,885.3082885742188,2362.820068359375,244.006,0.66,98.3646
2017-02-23,891.3792724609375,2363.81005859375,244.006,0.66,98.3646
2017-02-24,882.580322265625,2367.340087890625,244.006,0.66,98.3646
2017-02-27,877.6493530273438,2369.75,244.006,0.66,98.3646
2017-02-28,874.7783813476562,2363.639892578125,244.006,0.66,98.3646
2017-03-01,893.1982421875,2395.9599609375,243.892,0.79,99.0137
2017-03-02,899.334228515625,2381.919921875,243.892,0.79,99.0137
2017-03-03,897.2162475585938,2383.1201171875,243.892,0.79,99.0137
2017-03-06,910.4451904296875,2375.31005859375,243.892,0.79,99.0137
2017-03-07,908.1311645507812,2368.389892578125,243.892,0.79,99.0137
2017-03-08,894.84423828125,2362.97998046875,243.892,0.79,99.0137
2017-03-09,890.0213012695312,2364.8701171875,243.892,0.79,99.0137
2017-03-10,896.1092529296875,2372.60009765625,243.892,0.79,99.0137
2017-03-13,894.292236328125,2373.469970703125,243.892,0.79,99.0137
2017-03-14,891.3602905273438,2365.449951171875,243.892,0.79,99.0137
2017-03-15,894.4512329101562,2385.260009765625,243.892,0.79,99.0137
2017-03-16,902.67822265625,2381.3798828125,243.892,0.79,99.0137
2017-03-17,904.9091796875,2378.25,243.892,0.79,99.0137
2017-03-20,909.0161743164062,2373.469970703125,243.892,0.79,99.0137
2017-03-21,906.0601806640625,2344.02001953125,243.892,0.79,99.0137
2017-03-22,898.0862426757812,2348.449951171875,243.892,0.79,99.0137
2017-03-23,897.63623046875,2345.9599609375,243.892,0.79,99.0137
2017-03-24,903.8222045898438,2343.97998046875,243.892,0.79,99.0137
2017-03-27,896.9462280273438,2341.590087890625,243.892,0.79,99.0137
2017-03-28,901.812255859375,2358.570068359375,243.892,0.79,99.0137
2017-03-29,892.6922607421875,2361.1298828125,243.892,0.79,99.0137
2017-03-30,892.8182373046875,2368.06005859375,243.892,0.79,99.0137
2017-03-31,889.4692993164062,2362.719970703125,243.892,0.79,99.0137
2017-04-03,886.6903076171875,2358.840087890625,244.193,0.9,100.0224
2017-04-04,886.1212768554688,2360.159912109375,244.193,0.9,100.0224
2017-04-05,890.3703002929688,2352.949951171875,244.193,0.9,100.0224
2017-04-06,886.7852783203125,2357.489990234375,244.193,0.9,100.0224
2017-04-07,884.9683227539062,2355.5400390625,244.193,0.9,100.0224
2017-04-10,912.4002075195312,2357.159912109375,244.193,0.9,100.0224
2017-04-11,909.0401611328125,2353.780029296875,244.193,0.9,100.0224
2017-04-12,909.5171508789062,2344.929931640625,244.193,0.9,100.0224
2017-04-13,898.7022094726562,2328.949951171875,244.193,0.9,100.0224
2017-04-14,900.6322631835938,2328.949951171875,244.193,0.9,100.0224
2017-04-17,906.533203125,2349.010009765625,244.193,0.9,100.0224
2017-04-18,913.733154296875,2342.18994140625,244.193,0.9,100.0224
2017-04-19,908.0361938476562,2338.169921875,244.193,0.9,100.0224
2017-04-20,920.3890991210938,2355.840087890625,244.193,0.9,100.0224
2017-04-21,924.234130859375,2348.68994140625,244.193,0.9,100.0224
2017-04-24,938.0230102539062,2374.14990234375,244.193,0.9,100.0224
2017-04-25,946.343994140625,2388.610107421875,244.193,0.9,100.0224
2017-04-26,945.218017578125,2387.449951171875,244.193,0.9,100.0224
2017-04-27,942.8200073242188,2388.77001953125,244.193,0.9,100.0224
2017-04-28,946.5479736328125,2384.199951171875,244.193,0.9,100.0224
2017-05-01,946.5479736328125,2388.330078125,244.004,0.91,100.1408
2017-05-02,943.5540161132812,2391.169921875,244.004,0.91,100.1408
2017-05-03,938.6220092773438,2388.1298828125,244.004,0.91,100.1408
2017-05-04,930.3800659179688,2389.52001953125,244.004,0.91,100.1408
2017-05-05,939.2789916992188,2399.2900390625,244.004,0.91,100.1408
2017-05-08,938.322021484375,2399.3798828125,244.004,0.91,100.1408
2017-05-09,953.2289428710938,2396.919921875,244.004,0.91,100.1408
2017-05-10,961.9368896484375,2399.6298828125,244.004,0.91,100.1408
2017-05-11,951.1359252929688,2394.43994140625,244.004,0.91,100.1408
2017-05-12,949.9589233398438,2390.89990234375,244.004,0.91,100.1408
2017-05-15,955.8729248046875,2402.320068359375,244.004,0.91,100.1408
2017-05-16,961.60986328125,2400.669921875,244.004,0.91,100.1408
2017-05-17,957.2449340820312,2357.030029296875,244.004,0.91,100.1408
2017-05-18,951.4679565429688,2365.719970703125,244.004,0.91,100.1408
2017-05-19,951.4679565429688,2381.72998046875,244.004,0.91,100.1408
2017-05-22,963.994873046875,2394.02001953125,244.004,0.91,100.1408
2017-05-23,977.1697998046875,2398.419921875,244.004,0.91,100.1408
2017-05-24,983.1328125,2404.389892578125,244.004,0.91,100.1408
2017-05-25,977.1238403320312,2415.070068359375,244.004,0.91,100.1408
2017-05-26,975.3278198242188,2415.820068359375,244.004,0.91,100.1408
2017-05-29,977.2548217773438,2415.820068359375,244.004,0.91,100.1408
2017-05-30,973.4708251953125,2412.909912109375,244.004,0.91,100.1408
2017-05-31,975.4108276367188,2411.800048828125,244.004,0.91,100.1408
2017-06-01,973.65283203125,2430.06005859375,244.163,1.04,100.3471
2017-06-02,988.6737670898438,2439.070068359375,244.163,1.04,100.3471
2017-06-05,981.914794921875,2436.10009765625,244.163,1.04,100.3471
2017-06-06,983.309814453125,2429.330078125,244.163,1.04,100.3471
2017-06-07,976.1597900390625,2433.139892578125,244.163,1.04,100.3471
2017-06-08,979.7698364257812,2433.7900390625,244.163,1.04,100.3471
2017-06-09,989.4237670898438,2431.77001953125,244.163,1.04,100.3471
2017-06-12,994.415771484375,2429.389892578125,244.163,1.04,100.3471
2017-06-13,992.9917602539062,2440.35009765625,244.163,1.04,100.3471
2017-06-14,996.357666015625,2437.919921875,244.163,1.04,100.3471
2017-06-15,987.36474609375,2432.4599609375,244.163,1.04,100.3471
2017-06-16,981.9208374023438,2433.14990234375,244.163,1.04,100.3471
2017-06-19,993.3157348632812,2453.4599609375,244.163,1.04,100.3471
2017-06-20,992.687744140625,2437.030029296875,244.163,1.04,100.3471
2017-06-21,993.895751953125,2435.610107421875,244.163,1.04,100.3471
2017-06-22,1000.7166748046875,2434.5,244.163,1.04,100.3471
2017-06-23,996.3817138671875,2438.300048828125,244.163,1.04,100.3471
2017-06-26,996.3817138671875,2439.070068359375,244.163,1.04,100.3471
2017-06-27,996.3817138671875,2419.3798828125,244.163,1.04,100.3471
2017-06-28,1006.1716918945312,2440.68994140625,244.163,1.04,100.3471
2017-06-29,1001.897705078125,2419.699951171875,244.163,1.04,100.3471
2017-06-30,1004.398681640625,2423.409912109375,244.163,1.04,100.3471
2017-07-03,1005.2177124023438,2429.010009765625,244.243,1.15,100.1068
2017-07-04,1012.0726318359375,2429.010009765625,244.243,1.15,100.1068
2017-07-05,1007.4396362304688,2432.5400390625,244.243,1.15,100.1068
2017-07-06,1006.2647094726562,2409.75,244.243,1.15,100.1068
2017-07-07,1000.8386840820312,2425.179931640625,244.243,1.15,100.1068
2017-07-10,1010.9666137695312,2427.429931640625,244.243,1.15,100.1068
2017-07-11,1031.820556640625,2425.530029296875,244.243,1.15,100.1068
2017-07-12,1038.092529296875,2443.25,244.243,1.15,100.1068
2017-07-13,1042.0965576171875,2447.830078125,244.243,1.15,100.1068
2017-07-14,1051.7513427734375,2459.27001953125,244.243,1.15,100.1068
2017-07-17,1062.1644287109375,2459.139892578125,244.243,1.15,100.1068
2017-07-18,1057.1773681640625,2460.610107421875,244.243,1.15,100.1068
2017-07-19,1074.1693115234375,2473.830078125,244.243,1.15,100.1068
2017-07-20,1067.350341796875,2473.449951171875,244.243,1.15,100.1068
2017-07-21,1068.42236328125,2472.5400390625,244.243,1.15,100.1068
2017-07-24,1067.099365234375,2469.909912109375,244.243,1.15,100.1068
2017-07-25,1070.4012451171875,2477.1298828125,244.243,1.15,100.1068
2017-07-26,1072.0562744140625,2477.830078125,244.243,1.15,100.1068
2017-07-27,1083.9112548828125,2475.419921875,244.243,1.15,100.1068
2017-07-28,1076.9912109375,2472.10009765625,244.243,1.15,100.1068
2017-07-31,1075.3082275390625,2470.300048828125,244.243,1.15,100.1068
2017-08-01,1061.4683837890625,2476.35009765625,245.183,1.16,99.6925
2017-08-02,1065.2484130859375,2477.570068359375,245.183,1.16,99.6925
2017-08-03,1071.5322265625,2472.159912109375,245.183,1.16,99.6925
2017-08-04,1085.447265625,2476.830078125,245.183,1.16,99.6925
2017-08-07,1097.80517578125,2480.909912109375,245.183,1.16,99.6925
2017-08-08,1096.3851318359375,2474.919921875,245.183,1.16,99.6925
2017-08-09,1087.1402587890625,2474.02001953125,245.183,1.16,99.6925
2017-08-10,1077.998291015625,2438.2099609375,245.183,1.16,99.6925
2017-08-11,1069.6253662109375,2441.320068359375,245.183,1.16,99.6925
2017-08-14,1095.3681640625,2465.840087890625,245.183,1.16,99.6925
2017-08-15,1069.12744140625,2464.610107421875,245.183,1.16,99.6925
2017-08-16,1068.6143798828125,2468.110107421875,245.183,1.16,99.6925
2017-08-17,1068.2474365234375,2430.010009765625,245.183,1.16,99.6925
2017-08-18,1072.018310546875,2425.550048828125,245.183,1.16,99.6925
2017-08-21,1086.143310546875,2428.3701171875,245.183,1.16,99.6925
2017-08-22,1085.939208984375,2452.510009765625,245.183,1.16,99.6925
2017-08-23,1089.521240234375,2444.0400390625,245.183,1.16,99.6925
2017-08-24,1091.533203125,2438.969970703125,245.183,1.16,99.6925
2017-08-25,1097.545166015625,2443.050048828125,245.183,1.16,99.6925
2017-08-28,1103.3941650390625,2444.239990234375,245.183,1.16,99.6925
2017-08-29,1104.22509765625,2446.300048828125,245.183,1.16,99.6925
2017-08-30,1104.22509765625,2457.590087890625,245.183,1.16,99.6925
2017-08-31,1100.09912109375,2471.64990234375,245.183,1.16,99.6925
2017-09-01,1100.09912109375,2476.550048828125,246.435,1.15,99.7954
2017-09-05,1088.7242431640625,2457.85009765625,246.435,1.15,99.7954
2017-09-06,1096.1121826171875,2465.5400390625,246.435,1.15,99.7954
2017-09-07,1097.4241943359375,2465.10009765625,246.435,1.15,99.7954
2017-09-08,1084.51123046875,2461.429931640625,246.435,1.15,99.7954
2017-09-11,1094.5740966796875,2488.110107421875,246.435,1.15,99.7954
2017-09-12,1091.291259765625,2496.47998046875,246.435,1.15,99.7954
2017-09-13,1081.54931640625,2498.3701171875,246.435,1.15,99.7954
2017-09-14,1082.436279296875,2495.6201171875,246.435,1.15,99.7954
2017-09-15,1077.4112548828125,2500.22998046875,246.435,1.15,99.7954
2017-09-18,1065.34033203125,2503.8701171875,246.435,1.15,99.7954
2017-09-19,1049.17236328125,2506.64990234375,246.435,1.15,99.7954
2017-09-20,1053.2314453125,2508.239990234375,246.435,1.15,99.7954
2017-09-21,1040.0064697265625,2500.60009765625,246.435,1.15,99.7954
2017-09-22,1041.2235107421875,2502.219970703125,246.435,1.15,99.7954
2017-09-25,1022.6965942382812,2496.659912109375,246.435,1.15,99.7954
2017-09-26,1039.2874755859375,2496.840087890625,246.435,1.15,99.7954
2017-09-27,1012.1776123046875,2507.0400390625,246.435,1.15,99.7954
2017-09-28,1026.5054931640625,2510.06005859375,246.435,1.15,99.7954
2017-09-29,1029.071533203125,2519.360107421875,246.435,1.15,99.7954
2017-10-02,1039.301513671875,2529.1201171875,246.626,1.15,101.0247
2017-10-03,1039.070556640625,2534.580078125,246.626,1.15,101.0247
2017-10-04,1045.4735107421875,2537.739990234375,246.626,1.15,101.0247
2017-10-05,1043.3375244140625,2552.070068359375,246.626,1.15,101.0247
2017-10-06,1041.3695068359375,2549.330078125,246.626,1.15,101.0247
2017-10-09,1012.974609375,2544.72998046875,246.626,1.15,101.0247
2017-10-10,1033.9344482421875,2550.639892578125,246.626,1.15,101.0247
2017-10-11,1038.154541015625,2555.239990234375,246.626,1.15,101.0247
2017-10-12,1059.3173828125,2550.929931640625,246.626,1.15,101.0247
2017-10-13,1062.2513427734375,2553.169921875,246.626,1.15,101.0247
2017-10-16,1064.7393798828125,2557.639892578125,246.626,1.15,101.0247
2017-10-17,1069.9034423828125,2559.360107421875,246.626,1.15,101.0247
2017-10-18,1069.2584228515625,2561.260009765625,246.626,1.15,101.0247
2017-10-19,1084.330322265625,2562.10009765625,246.626,1.15,101.0247
2017-10-20,1084.8812255859375,2575.2099609375,246.626,1.15,101.0247
2017-10-23,1073.0272216796875,2564.97998046875,246.626,1.15,101.0247
2017-10-24,1072.0572509765625,2569.1298828125,246.626,1.15,101.0247
2017-10-25,1083.542236328125,2557.14990234375,246.626,1.15,101.0247
2017-10-26,1073.34228515625,2560.39990234375,246.626,1.15,101.0247
2017-10-27,1078.834228515625,2581.070068359375,246.626,1.15,101.0247
2017-10-30,1084.6622314453125,2572.830078125,246.626,1.15,101.0247
2017-10-31,1101.420166015625,2575.260009765625,246.626,1.15,101.0247
2017-11-01,1130.237060546875,2579.360107421875,247.284,1.16,101.2664
2017-11-02,1129.9429931640625,2579.85009765625,247.284,1.16,101.2664
2017-11-03,1112.922119140625,2587.840087890625,247.284,1.16,101.2664
2017-11-06,1141.65087890625,2591.1298828125,247.284,1.16,101.2664
2017-11-07,1122.7130126953125,2590.639892578125,247.284,1.16,101.2664
2017-11-08,1118.93896484375,2594.3798828125,247.284,1.16,101.2664
2017-11-09,1102.4591064453125,2584.6201171875,247.284,1.16,101.2664
2017-11-10,1089.48828125,2582.300048828125,247.284,1.16,101.2664
2017-11-13,1088.5902099609375,2584.840087890625,247.284,1.16,101.2664
2017-11-14,1101.4791259765625,2578.8701171875,247.284,1.16,101.2664
2017-11-15,1077.1593017578125,2564.6201171875,247.284,1.16,101.2664
2017-11-16,1069.7613525390625,2585.639892578125,247.284,1.16,101.2664
2017-11-17,1062.389404296875,2578.85009765625,247.284,1.16,101.2664
2017-11-20,1039.113525390625,2582.139892578125,247.284,1.16,101.2664
2017-11-21,1052.67236328125,2599.030029296875,247.284,1.16,101.2664
2017-11-22,1059.63037109375,2597.080078125,247.284,1.16,101.2664
2017-11-23,1050.25537109375,2597.080078125,247.284,1.16,101.2664
2017-11-24,1045.3885498046875,2602.419921875,247.284,1.16,101.2664
2017-11-27,1047.5914306640625,2601.419921875,247.284,1.16,101.2664
2017-11-28,1020.674560546875,2627.0400390625,247.284,1.16,101.2664
2017-11-29,1023.41259765625,2626.070068359375,247.284,1.16,101.2664
2017-11-30,1039.8385009765625,2647.580078125,247.284,1.16,101.2664
2017-12-01,1035.58447265625,2642.219970703125,247.805,1.3,101.4644
2017-12-04,1052.1434326171875,2639.43994140625,247.805,1.3,101.4644
2017-12-05,1062.5943603515625,2629.570068359375,247.805,1.3,101.4644
2017-12-06,1053.0333251953125,2629.27001953125,247.805,1.3,101.4644
2017-12-07,1064.4693603515625,2636.97998046875,247.805,1.3,101.4644
2017-12-08,1079.207275390625,2651.5,247.805,1.3,101.4644
2017-12-11,1091.5592041015625,2659.989990234375,247.805,1.3,101.4644
2017-12-12,1090.4892578125,2664.110107421875,247.805,1.3,101.4644
2017-12-13,1081.5262451171875,2662.85009765625,247.805,1.3,101.4644
2017-12-14,1096.6580810546875,2652.010009765625,247.805,1.3,101.4644
2017-12-15,1093.296142578125,2675.81005859375,247.805,1.3,101.4644
2017-12-18,1102.47314453125,2690.159912109375,247.805,1.3,101.4644
2017-12-19,1101.76513671875,2681.469970703125,247.805,1.3,101.4644
2017-12-20,1104.5411376953125,2679.25,247.805,1.3,101.4644
2017-12-21,1112.714111328125,2684.570068359375,247.805,1.3,101.4644
2017-12-22,1110.9891357421875,2683.340087890625,247.805,1.3,101.4644
2017-12-26,1120.06103515625,2680.5,247.805,1.3,101.4644
2017-12-27,1121.490966796875,2682.6201171875,247.805,1.3,101.4644
2017-12-28,1144.7989501953125,2687.5400390625,247.805,1.3,101.4644
2017-12-29,1153.3238525390625,2673.610107421875,247.805,1.3,101.4644
2018-01-02,1175.2357177734375,2695.81005859375,248.859,1.41,101.4625
2018-01-03,1160.515869140625,2713.06005859375,248.859,1.41,101.4625
2018-01-04,1154.9058837890625,2723.989990234375,248.859,1.41,101.4625
2018-01-05,1166.372802734375,2743.14990234375,248.859,1.41,101.4625
2018-01-08,1163.038818359375,2747.7099609375,248.859,1.41,101.4625
2018-01-09,1150.221923828125,2751.2900390625,248.859,1.41,101.4625
2018-01-10,1135.8890380859375,2748.22998046875,248.859,1.41,101.4625
2018-01-11,1147.181884765625,2767.56005859375,248.859,1.41,101.4625
2018-01-12,1146.43994140625,2786.239990234375,248.859,1.41,101.4625
2018-01-15,1121.5860595703125,2786.239990234375,248.859,1.41,101.4625
2018-01-16,1144.1778564453125,2776.419921875,248.859,1.41,101.4625
2018-01-17,1165.9188232421875,2802.56005859375,248.859,1.41,101.4625
2018-01-18,1168.5538330078125,2798.030029296875,248.859,1.41,101.4625
2018-01-19,1151.46484375,2810.300048828125,248.859,1.41,101.4625
2018-01-22,1172.3487548828125,2832.969970703125,248.859,1.41,101.4625
2018-01-23,1183.9947509765625,2839.1298828125,248.859,1.41,101.4625
2018-01-24,1196.4776611328125,2837.5400390625,248.859,1.41,101.4625
2018-01-25,1186.03466796875,2839.25,248.859,1.41,101.4625
2018-01-26,1207.0126953125,2872.8701171875,248.859,1.41,101.4625
2018-01-29,1208.446533203125,2853.530029296875,248.859,1.41,101.4625
2018-01-30,1193.024658203125,2822.429931640625,248.859,1.41,101.4625
2018-01-31,1195.2816162109375,2823.81005859375,248.859,1.41,101.4625
2018-02-01,1190.4376220703125,2821.97998046875,249.529,1.42,101.7085
2018-02-02,1181.187744140625,2762.1298828125,249.529,1.42,101.7085
2018-02-05,1168.520751953125,2648.93994140625,249.529,1.42,101.7085
2018-02-06,1154.56689453125,2695.139892578125,249.529,1.42,101.7085
2018-02-07,1155.6959228515625,2681.659912109375,249.529,1.42,101.7085
2018-02-08,1142.62890625,2581.0,249.529,1.42,101.7085
2018-02-09,1135.89697265625,2619.550048828125,249.529,1.42,101.7085
2018-02-12,1148.2098388671875,2656.0,249.529,1.42,101.7085
2018-02-13,1144.9388427734375,2662.93994140625,249.529,1.42,101.7085
2018-02-14,1134.5440673828125,2698.6298828125,249.529,1.42,101.7085
2018-02-15,1162.249755859375,2731.199951171875,249.529,1.42,101.7085
2018-02-16,1165.103759765625,2732.219970703125,249.529,1.42,101.7085
2018-02-19,1158.8138427734375,2732.219970703125,249.529,1.42,101.7085
2018-02-20,1134.322998046875,2716.260009765625,249.529,1.42,101.7085
2018-02-21,1163.15380859375,2701.330078125,249.529,1.42,101.7085
2018-02-22,1168.40283203125,2703.9599609375,249.529,1.42,101.7085
2018-02-23,1175.208740234375,2747.300048828125,249.529,1.42,101.7085
2018-02-26,1187.91259765625,2779.60009765625,249.529,1.42,101.7085
2018-02-27,1188.3096923828125,2744.280029296875,249.529,1.42,101.7085
2018-02-28,1189.501708984375,2713.830078125,249.529,1.42,101.7085
2018-03-01,1176.3148193359375,2677.669921875,249.577,1.51,102.2067
2018-03-02,1168.5858154296875,2691.25,249.577,1.51,102.2067
2018-03-05,1169.455810546875,2720.93994140625,249.577,1.51,102.2067
2018-03-06,1167.0927734375,2728.1201171875,249.577,1.51,102.2067
2018-03-07,1168.417724609375,2726.800048828125,249.577,1.51,102.2067
2018-03-08,1165.664794921875,2738.969970703125,249.577,1.51,102.2067
2018-03-09,1169.1387939453125,2786.570068359375,249.577,1.51,102.2067
2018-03-12,1184.1077880859375,2783.02001953125,249.577,1.51,102.2067
2018-03-13,1182.6627197265625,2765.31005859375,249.577,1.51,102.2067
2018-03-14,1175.9207763671875,2749.47998046875,249.577,1.51,102.2067
2018-03-15,1172.0087890625,2747.330078125,249.577,1.51,102.2067
2018-03-16,1172.15673828125,2752.010009765625,249.577,1.51,102.2067
2018-03-19,1154.4969482421875,2712.919921875,249.577,1.51,102.2067
2018-03-20,1164.311767578125,2716.93994140625,249.577,1.51,102.2067
2018-03-21,1176.5067138671875,2711.929931640625,249.577,1.51,102.2067
2018-03-22,1171.0968017578125,2643.68994140625,249.577,1.51,102.2067
2018-03-23,1166.021728515625,2588.260009765625,249.577,1.51,102.2067
2018-03-26,1164.19677734375,2658.550048828125,249.577,1.51,102.2067
2018-03-27,1161.9588623046875,2612.6201171875,249.577,1.51,102.2067
2018-03-28,1141.286865234375,2605.0,249.577,1.51,102.2067
2018-03-29,1148.43994140625,2640.8701171875,249.577,1.51,102.2067
2018-03-30,1149.2958984375,2640.8701171875,249.577,1.51,102.2067
2018-04-02,1144.4149169921875,2581.8798828125,250.227,1.69,103.3329
2018-04-03,1145.9349365234375,2614.449951171875,250.227,1.69,103.3329
2018-04-04,1139.7498779296875,2644.68994140625,250.227,1.69,103.3329
2018-04-05,1149.4698486328125,2662.840087890625,250.227,1.69,103.3329
2018-04-06,1147.368896484375,2604.469970703125,250.227,1.69,103.3329
2018-04-09,1131.5550537109375,2613.159912109375,250.227,1.69,103.3329
2018-04-10,1107.12109375,2656.8701171875,250.227,1.69,103.3329
2018-04-11,1092.5262451171875,2642.18994140625,250.227,1.69,103.3329
2018-04-12,1102.34814453125,2663.989990234375,250.227,1.69,103.3329
2018-04-13,1096.0341796875,2656.300048828125,250.227,1.69,103.3329
2018-04-16,1106.87109375,2677.840087890625,250.227,1.69,103.3329
2018-04-17,1087.4422607421875,2706.389892578125,250.227,1.69,103.3329
2018-04-18,1120.9840087890625,2708.639892578125,250.227,1.69,103.3329
2018-04-19,1121.216064453125,2693.1298828125,250.227,1.69,103.3329
2018-04-20,1109.319091796875,2670.139892578125,250.227,1.69,103.3329
2018-04-23,1109.319091796875,2670.2900390625,250.227,1.69,103.3329
2018-04-24,1100.5802001953125,2634.56005859375,250.227,1.69,103.3329
2018-04-25,1074.00830078125,2639.39990234375,250.227,1.69,103.3329
2018-04-26,1070.145263671875,2666.93994140625,250.227,1.69,103.3329
2018-04-27,1076.13720703125,2669.909912109375,250.227,1.69,103.3329
2018-04-30,1042.822509765625,2648.050048828125,250.227,1.69,103.3329
2018-05-01,1042.822509765625,2654.800048828125,250.792,1.7,102.4024
2018-05-02,1047.2513427734375,2635.669921875,250.792,1.7,102.4024
2018-05-03,1029.08544921875,2629.72998046875,250.792,1.7,102.4024
2018-05-04,1025.9864501953125,2663.419921875,250.792,1.7,102.4024
2018-05-07,1008.6566162109375,2672.6298828125,250.792,1.7,102.4024
2018-05-08,993.6327514648438,2671.919921875,250.792,1.7,102.4024
2018-05-09,1007.8006591796875,2697.7900390625,250.792,1.7,102.4024
2018-05-10,1023.8015747070312,2723.070068359375,250.792,1.7,102.4024
2018-05-11,1018.5195922851562,2727.719970703125,250.792,1.7,102.4024
2018-05-14,1033.698486328125,2730.1298828125,250.792,1.7,102.4024
2018-05-15,1015.3986206054688,2711.449951171875,250.792,1.7,102.4024
2018-05-16,1021.5735473632812,2722.4599609375,250.792,1.7,102.4024
2018-05-17,1018.6885375976562,2720.1298828125,250.792,1.7,102.4024
2018-05-18,1024.0975341796875,2712.969970703125,250.792,1.7,102.4024
2018-05-21,1022.5715942382812,2733.010009765625,250.792,1.7,102.4024
2018-05-22,1033.271484375,2724.43994140625,250.792,1.7,102.4024
2018-05-23,1018.9115600585938,2733.2900390625,250.792,1.7,102.4024
2018-05-24,1011.3756103515625,2727.760009765625,250.792,1.7,102.4024
2018-05-25,1031.9954833984375,2721.330078125,250.792,1.7,102.4024
2018-05-28,1065.2474365234375,2721.330078125,250.792,1.7,102.4024
2018-05-29,1051.12841796875,2689.860107421875,250.792,1.7,102.4024
2018-05-30,1038.6844482421875,2724.010009765625,250.792,1.7,102.4024
2018-05-31,1006.5177001953125,2705.27001953125,250.792,1.7,102.4024
2018-06-01,991.7067260742188,2734.6201171875,251.018,1.82,103.198
2018-06-04,992.4927368164062,2746.8701171875,251.018,1.82,103.198
2018-06-05,978.226806640625,2748.800048828125,251.018,1.82,103.198
2018-06-06,966.5718994140625,2772.35009765625,251.018,1.82,103.198
2018-06-07,986.2317504882812,2770.3701171875,251.018,1.82,103.198
2018-06-08,958.751953125,2779.030029296875,251.018,1.82,103.198
2018-06-11,966.60888671875,2782.0,251.018,1.82,103.198
2018-06-12,953.06494140625,2786.85009765625,251.018,1.82,103.198
2018-06-13,935.0430297851562,2775.6298828125,251.018,1.82,103.198
2018-06-14,945.4030151367188,2782.489990234375,251.018,1.82,103.198
2018-06-15,945.4030151367188,2779.659912109375,251.018,1.82,103.198
2018-06-18,930.4280395507812,2773.75,251.018,1.82,103.198
2018-06-19,944.364013671875,2762.590087890625,251.018,1.82,103.198
2018-06-20,945.5139770507812,2767.320068359375,251.018,1.82,103.198
2018-06-21,950.5669555664062,2749.760009765625,251.018,1.82,103.198
2018-06-22,958.5159301757812,2754.8798828125,251.018,1.82,103.198
2018-06-25,940.0780029296875,2717.070068359375,251.018,1.82,103.198
2018-06-26,944.0769653320312,2723.06005859375,251.018,1.82,103.198
2018-06-27,959.5429077148438,2699.6298828125,251.018,1.82,103.198
2018-06-28,962.264892578125,2716.31005859375,251.018,1.82,103.198
2018-06-29,965.1958618164062,2718.3701171875,251.018,1.82,103.198
2018-07-02,967.7298583984375,2726.7099609375,251.214,1.91,103.3646
2018-07-03,965.8768920898438,2713.219970703125,251.214,1.91,103.3646
2018-07-04,972.2958374023438,2713.219970703125,251.214,1.91,103.3646
2018-07-05,990.9647216796875,2736.610107421875,251.214,1.91,103.3646
2018-07-06,987.333740234375,2759.820068359375,251.214,1.91,103.3646
2018-07-09,992.5227661132812,2784.169921875,251.214,1.91,103.3646
2018-07-10,962.7418823242188,2793.840087890625,251.214,1.91,103.3646
2018-07-11,912.8901977539062,2774.02001953125,251.214,1.91,103.3646
2018-07-12,895.708251953125,2798.2900390625,251.214,1.91,103.3646
2018-07-13,898.9722290039062,2801.31005859375,251.214,1.91,103.3646
2018-07-16,897.4352416992188,2798.429931640625,251.214,1.91,103.3646
2018-07-17,916.2911376953125,2809.550048828125,251.214,1.91,103.3646
2018-07-18,923.215087890625,2815.6201171875,251.214,1.91,103.3646
2018-07-19,930.0240478515625,2804.489990234375,251.214,1.91,103.3646
2018-07-20,940.8179931640625,2801.830078125,251.214,1.91,103.3646
2018-07-23,953.0469360351562,2806.97998046875,251.214,1.91,103.3646
2018-07-24,921.3331298828125,2820.39990234375,251.214,1.91,103.3646
2018-07-25,953.680908203125,2846.070068359375,251.214,1.91,103.3646
2018-07-26,948.16796875,2837.43994140625,251.214,1.91,103.3646
2018-07-27,955.8429565429688,2818.820068359375,251.214,1.91,103.3646
2018-07-30,961.5718994140625,2802.60009765625,251.214,1.91,103.3646
2018-07-31,969.516845703125,2816.2900390625,251.214,1.91,103.3646
2018-08-01,972.1008911132812,2813.360107421875,251.663,1.91,104.0327
2018-08-02,945.427978515625,2827.219970703125,251.663,1.91,104.0327
2018-08-03,956.0999145507812,2840.35009765625,251.663,1.91,104.0327
2018-08-06,941.7349853515625,2850.39990234375,251.663,1.91,104.0327
2018-08-07,961.6048583984375,2858.449951171875,251.663,1.91,104.0327
2018-08-08,969.73388671875,2857.699951171875,251.663,1.91,104.0327
2018-08-09,971.8458862304688,2853.580078125,251.663,1.91,104.0327
2018-08-10,949.3909301757812,2833.280029296875,251.663,1.91,104.0327
2018-08-13,926.841064453125,2821.929931640625,251.663,1.91,104.0327
2018-08-14,934.1820678710938,2839.9599609375,251.663,1.91,104.0327
2018-08-15,902.625244140625,2818.3701171875,251.663,1.91,104.0327
2018-08-16,871.4273681640625,2840.68994140625,251.663,1.91,104.0327
2018-08-17,887.3433227539062,2850.1298828125,251.663,1.91,104.0327
2018-08-20,901.855224609375,2857.050048828125,251.663,1.91,104.0327
2018-08-21,901.855224609375,2862.9599609375,251.663,1.91,104.0327
2018-08-22,901.855224609375,2861.820068359375,251.663,1.91,104.0327
2018-08-23,901.855224609375,2856.97998046875,251.663,1.91,104.0327
2018-08-24,901.855224609375,2874.68994140625,251.663,1.91,104.0327
2018-08-27,912.835205078125,2896.739990234375,251.663,1.91,104.0327
2018-08-28,938.6640014648438,2897.52001953125,251.663,1.91,104.0327
2018-08-29,932.8020629882812,2914.0400390625,251.663,1.91,104.0327
2018-08-30,932.8020629882812,2901.1298828125,251.663,1.91,104.0327
2018-08-31,927.2290649414062,2901.52001953125,251.663,1.91,104.0327
2018-09-03,939.1510009765625,2901.52001953125,252.182,1.95,104.1004
2018-09-04,931.8880615234375,2896.719970703125,252.182,1.95,104.1004
2018-09-05,927.905029296875,2888.60009765625,252.182,1.95,104.1004
2018-09-06,927.6280517578125,2878.050048828125,252.182,1.95,104.1004
2018-09-07,932.737060546875,2871.679931640625,252.182,1.95,104.1004
2018-09-10,916.9780883789062,2877.1298828125,252.182,1.95,104.1004
2018-09-11,923.8861083984375,2887.889892578125,252.182,1.95,104.1004
2018-09-12,922.2691040039062,2888.919921875,252.182,1.95,104.1004
2018-09-13,944.18701171875,2904.179931640625,252.182,1.95,104.1004
2018-09-14,947.5910034179688,2904.97998046875,252.182,1.95,104.1004
2018-09-17,943.4719848632812,2888.800048828125,252.182,1.95,104.1004
2018-09-18,948.864013671875,2904.31005859375,252.182,1.95,104.1004
2018-09-19,966.0328979492188,2907.949951171875,252.182,1.95,104.1004
2018-09-20,961.2058715820312,2930.75,252.182,1.95,104.1004
2018-09-21,979.8768310546875,2929.669921875,252.182,1.95,104.1004
2018-09-24,995.4686889648438,2919.3701171875,252.182,1.95,104.1004
2018-09-25,992.9197387695312,2915.56005859375,252.182,1.95,104.1004
2018-09-26,991.4837646484375,2905.969970703125,252.182,1.95,104.1004
2018-09-27,1002.981689453125,2914.0,252.182,1.95,104.1004
2018-09-28,999.5636596679688,2913.97998046875,252.182,1.95,104.1004
2018-10-01,985.3667602539062,2924.590087890625,252.772,2.19,103.9856
2018-10-02,981.601806640625,2923.429931640625,252.772,2.19,103.9856
2018-10-03,971.8739013671875,2925.510009765625,252.772,2.19,103.9856
2018-10-04,944.9630126953125,2901.610107421875,252.772,2.19,103.9856
2018-10-05,948.8300170898438,2885.570068359375,252.772,2.19,103.9856
2018-10-08,960.8678588867188,2884.429931640625,252.772,2.19,103.9856
2018-10-09,967.3128662109375,2880.340087890625,252.772,2.19,103.9856
2018-10-10,944.4019775390625,2785.679931640625,252.772,2.19,103.9856
2018-10-11,947.469970703125,2728.3701171875,252.772,2.19,103.9856
2018-10-12,966.56884765625,2767.1298828125,252.772,2.19,103.9856
2018-10-15,986.3077392578125,2750.7900390625,252.772,2.19,103.9856
2018-10-16,984.6587524414062,2809.919921875,252.772,2.19,103.9856
2018-10-17,989.9047241210938,2809.2099609375,252.772,2.19,103.9856
2018-10-18,974.5347900390625,2768.780029296875,252.772,2.19,103.9856
2018-10-19,964.5408935546875,2767.780029296875,252.772,2.19,103.9856
2018-10-22,946.81201171875,2755.8798828125,252.772,2.19,103.9856
2018-10-23,934.68505859375,2740.68994140625,252.772,2.19,103.9856
2018-10-24,926.9170532226562,2656.10009765625,252.772,2.19,103.9856
2018-10-25,937.4720458984375,2705.570068359375,252.772,2.19,103.9856
2018-10-26,905.41015625,2658.68994140625,252.772,2.19,103.9856
2018-10-29,905.41015625,2641.25,252.772,2.19,103.9856
2018-10-30,899.9942626953125,2682.6298828125,252.772,2.19,103.9856
2018-10-31,902.0022583007812,2711.739990234375,252.772,2.19,103.9856
2018-11-01,923.869140625,2740.3701171875,252.594,2.2,104.0681
2018-11-02,941.2249755859375,2723.06005859375,252.594,2.2,104.0681
2018-11-05,959.471923828125,2738.31005859375,252.594,2.2,104.0681
2018-11-06,947.27197265625,2755.449951171875,252.594,2.2,104.0681
2018-11-07,954.9279174804688,2813.889892578125,252.594,2.2,104.0681
2018-11-08,935.0570678710938,2806.830078125,252.594,2.2,104.0681
2018-11-09,928.3870849609375,2781.010009765625,252.594,2.2,104.0681
2018-11-12,914.4481811523438,2726.219970703125,252.594,2.2,104.0681
2018-11-13,927.0810546875,2722.179931640625,252.594,2.2,104.0681
2018-11-14,932.8670654296875,2701.580078125,252.594,2.2,104.0681
2018-11-15,932.9630737304688,2730.199951171875,252.594,2.2,104.0681
2018-11-16,936.1600341796875,2736.27001953125,252.594,2.2,104.0681
2018-11-19,945.7039794921875,2690.72998046875,252.594,2.2,104.0681
2018-11-20,916.859130859375,2641.889892578125,252.594,2.2,104.0681
2018-11-21,927.0750732421875,2649.929931640625,252.594,2.2,104.0681
2018-11-22,926.2830810546875,2649.929931640625,252.594,2.2,104.0681
2018-11-23,930.028076171875,2632.56005859375,252.594,2.2,104.0681
2018-11-26,939.6190185546875,2673.449951171875,252.594,2.2,104.0681
2018-11-27,935.1650390625,2682.169921875,252.594,2.2,104.0681
2018-11-28,940.7050170898438,2743.7900390625,252.594,2.2,104.0681
2018-11-29,951.2509155273438,2737.800048828125,252.594,2.2,104.0681
2018-11-30,954.1549072265625,2760.169921875,252.594,2.2,104.0681
2018-12-03,949.7399291992188,2790.3701171875,252.767,2.27,104.0936
2018-12-04,938.7999877929688,2700.06005859375,252.767,2.27,104.0936
2018-12-05,939.697021484375,2700.06005859375,252.767,2.27,104.0936
2018-12-06,928.26806640625,2695.949951171875,252.767,2.27,104.0936
2018-12-07,936.9900512695312,2633.080078125,252.767,2.27,104.0936
2018-12-10,922.2681274414062,2637.719970703125,252.767,2.27,104.0936
2018-12-11,918.0040893554688,2636.780029296875,252.767,2.27,104.0936
2018-12-12,900.5062255859375,2651.070068359375,252.767,2.27,104.0936
2018-12-13,913.8601684570312,2650.5400390625,252.767,2.27,104.0936
2018-12-14,905.2811889648438,2599.949951171875,252.767,2.27,104.0936
2018-12-17,899.6142578125,2545.93994140625,252.767,2.27,104.0936
2018-12-18,910.7362060546875,2546.159912109375,252.767,2.27,104.0936
2018-12-19,925.5220947265625,2506.9599609375,252.767,2.27,104.0936
2018-12-20,918.5361328125,2467.419921875,252.767,2.27,104.0936
2018-12-21,918.6030883789062,2416.6201171875,252.767,2.27,104.0936
2018-12-24,915.2640991210938,2351.10009765625,252.767,2.27,104.0936
2018-12-26,910.0171508789062,2467.699951171875,252.767,2.27,104.0936
2018-12-27,909.7431640625,2488.830078125,252.767,2.27,104.0936
2018-12-28,904.3482055664062,2485.739990234375,252.767,2.27,104.0936
2018-12-31,912.7001953125,2506.85009765625,252.767,2.27,104.0936
2019-01-02,888.6453247070312,2510.030029296875,252.561,2.4,103.4021
2019-01-03,873.9853515625,2447.889892578125,252.561,2.4,103.4021
2019-01-04,888.3032836914062,2531.93994140625,252.561,2.4,103.4021
2019-01-07,899.5062255859375,2549.68994140625,252.561,2.4,103.4021
2019-01-08,906.9651489257812,2574.409912109375,252.561,2.4,103.4021
2019-01-09,911.5641479492188,2584.9599609375,252.561,2.4,103.4021
2019-01-10,911.9581909179688,2596.639892578125,252.561,2.4,103.4021
2019-01-11,916.8651123046875,2596.260009765625,252.561,2.4,103.4021
2019-01-14,920.5331420898438,2582.610107421875,252.561,2.4,103.4021
2019-01-15,931.72802734375,2610.300048828125,252.561,2.4,103.4021
2019-01-16,954.1099243164062,2616.10009765625,252.561,2.4,103.4021
2019-01-17,968.1688842773438,2635.9599609375,252.561,2.4,103.4021
2019-01-18,984.5437622070312,2670.7099609375,252.561,2.4,103.4021
2019-01-21,979.5468139648438,2670.7099609375,252.561,2.4,103.4021
2019-01-22,996.7656860351562,2632.89990234375,252.561,2.4,103.4021
2019-01-23,1001.4046630859375,2638.699951171875,252.561,2.4,103.4021
2019-01-24,1017.7376098632812,2642.330078125,252.561,2.4,103.4021
2019-01-25,1018.0086059570312,2664.760009765625,252.561,2.4,103.4021
2019-01-28,1012.8926391601562,2643.85009765625,252.561,2.4,103.4021
2019-01-29,1040.978515625,2640.0,252.561,2.4,103.4021
2019-01-30,1041.8895263671875,2681.050048828125,252.561,2.4,103.4021
2019-01-31,1040.7364501953125,2704.10009765625,252.561,2.4,103.4021
2019-02-01,1029.365478515625,2706.530029296875,253.319,2.4,102.8371
2019-02-04,1022.5445556640625,2724.8701171875,253.319,2.4,102.8371
2019-02-05,1024.478515625,2737.699951171875,253.319,2.4,102.8371
2019-02-06,1025.8375244140625,2731.610107421875,253.319,2.4,102.8371
2019-02-07,1027.83447265625,2706.050048828125,253.319,2.4,102.8371
2019-02-08,1024.511474609375,2707.8798828125,253.319,2.4,102.8371
2019-02-11,1043.9415283203125,2709.800048828125,253.319,2.4,102.8371
2019-02-12,1037.6195068359375,2744.72998046875,253.319,2.4,102.8371
2019-02-13,1016.45263671875,2753.030029296875,253.319,2.4,102.8371
2019-02-14,1021.2945556640625,2745.72998046875,253.319,2.4,102.8371
2019-02-15,1027.14453125,2775.60009765625,253.319,2.4,102.8371
2019-02-18,1017.2796020507812,2775.60009765625,253.319,2.4,102.8371
2019-02-19,1017.4156494140625,2779.760009765625,253.319,2.4,102.8371
2019-02-20,1019.7075805664062,2784.699951171875,253.319,2.4,102.8371
2019-02-21,1024.9344482421875,2774.8798828125,253.319,2.4,102.8371
2019-02-22,1031.8515625,2792.669921875,253.319,2.4,102.8371
2019-02-25,1043.2955322265625,2796.110107421875,253.319,2.4,102.8371
2019-02-26,1050.8173828125,2793.89990234375,253.319,2.4,102.8371
2019-02-27,1041.404541015625,2792.3798828125,253.319,2.4,102.8371
2019-02-28,1045.29345703125,2784.489990234375,253.319,2.4,102.8371
2019-03-01,1032.6605224609375,2803.68994140625,254.277,2.41,102.8757
2019-03-04,1041.927490234375,2792.81005859375,254.277,2.41,102.8757
2019-03-05,1037.300537109375,2789.64990234375,254.277,2.41,102.8757
2019-03-06,1034.5235595703125,2771.449951171875,254.277,2.41,102.8757
2019-03-07,1022.8215942382812,2748.929931640625,254.277,2.41,102.8757
2019-03-08,1015.3776245117188,2743.070068359375,254.277,2.41,102.8757
2019-03-11,1008.4986572265625,2783.300048828125,254.277,2.41,102.8757
2019-03-12,1017.2056274414062,2791.52001953125,254.277,2.41,102.8757
2019-03-13,1021.9605712890625,2810.919921875,254.277,2.41,102.8757
2019-03-14,1024.3175048828125,2808.47998046875,254.277,2.41,102.8757
2019-03-15,1033.0355224609375,2822.47998046875,254.277,2.41,102.8757
2019-03-18,1045.9415283203125,2832.93994140625,254.277,2.41,102.8757
2019-03-19,1048.6103515625,2832.570068359375,254.277,2.41,102.8757
2019-03-20,1033.0965576171875,2824.22998046875,254.277,2.41,102.8757
2019-03-21,1034.072509765625,2854.8798828125,254.277,2.41,102.8757
2019-03-22,998.3477172851562,2800.7099609375,254.277,2.41,102.8757
2019-03-25,993.2537231445312,2798.360107421875,254.277,2.41,102.8757
2019-03-26,973.7808227539062,2818.4599609375,254.277,2.41,102.8757
2019-03-27,918.546142578125,2805.3701171875,254.277,2.41,102.8757
2019-03-28,921.1981201171875,2815.43994140625,254.277,2.41,102.8757
2019-03-29,937.8369750976562,2834.39990234375,254.277,2.41,102.8757
2019-04-01,941.0079956054688,2867.18994140625,255.233,2.42,102.274
2019-04-02,935.3260498046875,2867.239990234375,255.233,2.42,102.274
2019-04-03,944.406005859375,2873.39990234375,255.233,2.42,102.274
2019-04-04,983.3638305664062,2879.389892578125,255.233,2.42,102.274
2019-04-05,987.8287353515625,2892.739990234375,255.233,2.42,102.274
2019-04-08,969.7778930664062,2895.77001953125,255.233,2.42,102.274
2019-04-09,981.3478393554688,2878.199951171875,255.233,2.42,102.274
2019-04-10,970.1448974609375,2888.2099609375,255.233,2.42,102.274
2019-04-11,960.724853515625,2888.320068359375,255.233,2.42,102.274
2019-04-12,959.762939453125,2907.409912109375,255.233,2.42,102.274
2019-04-15,951.9119262695312,2905.580078125,255.233,2.42,102.274
2019-04-16,968.0848999023438,2907.06005859375,255.233,2.42,102.274
2019-04-17,982.0267944335938,2900.449951171875,255.233,2.42,102.274
2019-04-18,968.85986328125,2905.030029296875,255.233,2.42,102.274
2019-04-19,968.60888671875,2905.030029296875,255.233,2.42,102.274
2019-04-22,959.52294921875,2907.969970703125,255.233,2.42,102.274
2019-04-23,959.52294921875,2933.679931640625,255.233,2.42,102.274
2019-04-24,961.4168701171875,2927.25,255.233,2.42,102.274
2019-04-25,944.97998046875,2926.169921875,255.233,2.42,102.274
2019-04-26,947.8259887695312,2939.8798828125,255.233,2.42,102.274
2019-04-29,945.3460083007812,2943.030029296875,255.233,2.42,102.274
2019-04-30,954.1509399414062,2945.830078125,255.233,2.42,102.274
2019-05-01,954.1509399414062,2923.72998046875,255.296,2.39,102.392
2019-05-02,941.7890014648438,2917.52001953125,255.296,2.39,102.392
2019-05-03,939.4559936523438,2945.639892578125,255.296,2.39,102.392
2019-05-06,929.8180541992188,2932.469970703125,255.296,2.39,102.392
2019-05-07,914.8201293945312,2884.050048828125,255.296,2.39,102.392
2019-05-08,902.7172241210938,2879.419921875,255.296,2.39,102.392
2019-05-09,886.8543090820312,2870.719970703125,255.296,2.39,102.392
2019-05-10,885.3292846679688,2881.39990234375,255.296,2.39,102.392
2019-05-13,862.8204345703125,2811.8701171875,255.296,2.39,102.392
2019-05-14,880.2243041992188,2834.409912109375,255.296,2.39,102.392
2019-05-15,873.7993774414062,2850.9599609375,255.296,2.39,102.392
2019-05-16,872.0343627929688,2876.320068359375,255.296,2.39,102.392
2019-05-17,867.9564208984375,2859.530029296875,255.296,2.39,102.392
2019-05-20,867.71044921875,2840.22998046875,255.296,2.39,102.392
2019-05-21,853.0914916992188,2864.360107421875,255.296,2.39,102.392
2019-05-22,836.74853515625,2856.27001953125,255.296,2.39,102.392
2019-05-23,845.9574584960938,2822.239990234375,255.296,2.39,102.392
2019-05-24,860.7184448242188,2826.06005859375,255.296,2.39,102.392
2019-05-27,855.449462890625,2826.06005859375,255.296,2.39,102.392
2019-05-28,867.7714233398438,2802.389892578125,255.296,2.39,102.392
2019-05-29,871.8583374023438,2783.02001953125,255.296,2.39,102.392
2019-05-30,900.1112670898438,2788.860107421875,255.296,2.39,102.392
2019-05-31,905.8921508789062,2752.06005859375,255.296,2.39,102.392
2019-06-03,903.451171875,2744.449951171875,255.213,2.38,102.4375
2019-06-04,903.451171875,2803.27001953125,255.213,2.38,102.4375
2019-06-05,903.451171875,2826.14990234375,255.213,2.38,102.4375
2019-06-06,903.451171875,2843.489990234375,255.213,2.38,102.4375
2019-06-07,938.0859985351562,2873.340087890625,255.213,2.38,102.4375
2019-06-10,941.0260009765625,2886.72998046875,255.213,2.38,102.4375
2019-06-11,928.2510375976562,2885.719970703125,255.213,2.38,102.4375
2019-06-12,926.0531005859375,2879.840087890625,255.213,2.38,102.4375
2019-06-13,905.0101928710938,2891.639892578125,255.213,2.38,102.4375
2019-06-14,907.8651733398438,2886.97998046875,255.213,2.38,102.4375
2019-06-17,922.4931030273438,2889.669921875,255.213,2.38,102.4375
2019-06-18,942.1820068359375,2917.75,255.213,2.38,102.4375
2019-06-19,942.4359741210938,2926.4599609375,255.213,2.38,102.4375
2019-06-20,941.572021484375,2954.179931640625,255.213,2.38,102.4375
2019-06-21,940.218017578125,2950.4599609375,255.213,2.38,102.4375
2019-06-24,951.8199462890625,2945.35009765625,255.213,2.38,102.4375
2019-06-25,954.2059326171875,2917.3798828125,255.213,2.38,102.4375
2019-06-26,948.3070068359375,2913.780029296875,255.213,2.38,102.4375
2019-06-27,955.7259521484375,2924.919921875,255.213,2.38,102.4375
2019-06-28,964.847900390625,2941.760009765625,255.213,2.38,102.4375
2019-07-01,997.3516845703125,2964.330078125,255.802,2.4,101.9408
2019-07-02,1002.0046997070312,2973.010009765625,255.802,2.4,101.9408
2019-07-03,993.6277465820312,2995.820068359375,255.802,2.4,101.9408
2019-07-04,993.8167724609375,2995.820068359375,255.802,2.4,101.9408
2019-07-05,996.3427124023438,2990.409912109375,255.802,2.4,101.9408
2019-07-08,986.94873046875,2975.949951171875,255.802,2.4,101.9408
2019-07-09,968.1068725585938,2979.6298828125,255.802,2.4,101.9408
2019-07-10,985.8477783203125,2993.070068359375,255.802,2.4,101.9408
2019-07-11,994.0587768554688,2999.909912109375,255.802,2.4,101.9408
2019-07-12,970.9778442382812,3013.77001953125,255.802,2.4,101.9408
2019-07-15,970.9778442382812,3014.300048828125,255.802,2.4,101.9408
2019-07-16,980.27978515625,3004.0400390625,255.802,2.4,101.9408
2019-07-17,998.0567016601562,2984.419921875,255.802,2.4,101.9408
2019-07-18,1015.6576538085938,2995.110107421875,255.802,2.4,101.9408
2019-07-19,1018.486572265625,2976.610107421875,255.802,2.4,101.9408
2019-07-22,1010.8816528320312,2985.030029296875,255.802,2.4,101.9408
2019-07-23,1025.5565185546875,3005.469970703125,255.802,2.4,101.9408
2019-07-24,1034.5675048828125,3019.56005859375,255.802,2.4,101.9408
2019-07-25,1020.444580078125,3003.669921875,255.802,2.4,101.9408
2019-07-26,1028.366455078125,3025.860107421875,255.802,2.4,101.9408
2019-07-29,1033.7254638671875,3020.969970703125,255.802,2.4,101.9408
2019-07-30,1026.85546875,3013.179931640625,255.802,2.4,101.9408
2019-07-31,1020.819580078125,2980.3798828125,255.802,2.4,101.9408
2019-08-01,1018.99755859375,2953.56005859375,256.036,2.13,102.639
2019-08-02,996.7886962890625,2932.050048828125,256.036,2.13,102.639
2019-08-05,986.7277221679688,2844.739990234375,256.036,2.13,102.639
2019-08-06,995.8327026367188,2881.77001953125,256.036,2.13,102.639
2019-08-07,980.559814453125,2883.97998046875,256.036,2.13,102.639
2019-08-08,992.0797729492188,2938.090087890625,256.036,2.13,102.639
2019-08-09,994.0447387695312,2918.64990234375,256.036,2.13,102.639
2019-08-12,994.0447387695312,2882.699951171875,256.036,2.13,102.639
2019-08-13,994.0447387695312,2926.320068359375,256.036,2.13,102.639
2019-08-14,994.0447387695312,2840.60009765625,256.036,2.13,102.639
2019-08-15,965.7818603515625,2847.60009765625,256.036,2.13,102.639
2019-08-16,957.3369140625,2888.679931640625,256.036,2.13,102.639
2019-08-19,952.85693359375,2923.64990234375,256.036,2.13,102.639
2019-08-20,960.3129272460938,2900.510009765625,256.036,2.13,102.639
2019-08-21,955.2159423828125,2924.429931640625,256.036,2.13,102.639
2019-08-22,953.9369506835938,2922.949951171875,256.036,2.13,102.639
2019-08-23,971.48486328125,2847.110107421875,256.036,2.13,102.639
2019-08-26,971.0078735351562,2878.3798828125,256.036,2.13,102.639
2019-08-27,960.2999267578125,2869.159912109375,256.036,2.13,102.639
2019-08-28,959.0789184570312,2887.93994140625,256.036,2.13,102.639
2019-08-29,967.1798706054688,2924.580078125,256.036,2.13,102.639
2019-08-30,967.1798706054688,2926.4599609375,256.036,2.13,102.639
2019-09-02,983.423828125,2926.4599609375,256.43,2.04,102.2917
2019-09-03,988.2557373046875,2906.27001953125,256.43,2.04,102.2917
2019-09-04,1000.7697143554688,2937.780029296875,256.43,2.04,102.2917
2019-09-05,1002.7786865234375,2976.0,256.43,2.04,102.2917
2019-09-06,989.8697509765625,2978.7099609375,256.43,2.04,102.2917
2019-09-09,1006.044677734375,2978.429931640625,256.43,2.04,102.2917
2019-09-10,1012.1236572265625,2979.389892578125,256.43,2.04,102.2917
2019-09-11,1019.216552734375,3000.929931640625,256.43,2.04,102.2917
2019-09-12,1024.467529296875,3009.570068359375,256.43,2.04,102.2917
2019-09-13,1030.7125244140625,3007.389892578125,256.43,2.04,102.2917
2019-09-16,1025.8914794921875,2997.9599609375,256.43,2.04,102.2917
2019-09-17,1014.4686279296875,3005.699951171875,256.43,2.04,102.2917
2019-09-18,1019.2955932617188,3006.72998046875,256.43,2.04,102.2917
2019-09-19,1003.3826904296875,3006.7900390625,256.43,2.04,102.2917
2019-09-20,1002.3616943359375,2992.070068359375,256.43,2.04,102.2917
2019-09-23,1000.20166015625,2991.780029296875,256.43,2.04,102.2917
2019-09-24,1018.4635620117188,2966.60009765625,256.43,2.04,102.2917
2019-09-25,1026.178466796875,2984.8701171875,256.43,2.04,102.2917
2019-09-26,1019.3975830078125,2977.6201171875,256.43,2.04,102.2917
2019-09-27,1051.516357421875,2961.7900390625,256.43,2.04,102.2917
2019-09-30,1050.3243408203125,2976.739990234375,256.43,2.04,102.2917
2019-10-01,1038.760498046875,2940.25,257.155,1.83,101.4281
2019-10-02,1035.0865478515625,2887.610107421875,257.155,1.83,101.4281
2019-10-03,1027.8375244140625,2910.6298828125,257.155,1.83,101.4281
2019-10-04,1034.6295166015625,2952.010009765625,257.155,1.83,101.4281
2019-10-07,1029.926513671875,2938.7900390625,257.155,1.83,101.4281
2019-10-08,1018.5875854492188,2893.06005859375,257.155,1.83,101.4281
2019-10-09,996.481689453125,2919.39990234375,257.155,1.83,101.4281
2019-10-10,987.7987670898438,2938.1298828125,257.155,1.83,101.4281
2019-10-11,990.2727661132812,2970.27001953125,257.155,1.83,101.4281
2019-10-14,939.8090209960938,2966.14990234375,257.155,1.83,101.4281
2019-10-15,952.5709228515625,2995.679931640625,257.155,1.83,101.4281
2019-10-16,941.3670043945312,2989.68994140625,257.155,1.83,101.4281
2019-10-17,948.9569702148438,2997.949951171875,257.155,1.83,101.4281
2019-10-18,984.1477661132812,2986.199951171875,257.155,1.83,101.4281
2019-10-21,973.2348022460938,3006.719970703125,257.155,1.83,101.4281
2019-10-22,978.8588256835938,2995.989990234375,257.155,1.83,101.4281
2019-10-23,997.8466796875,3004.52001953125,257.155,1.83,101.4281
2019-10-24,1003.45068359375,3010.2900390625,257.155,1.83,101.4281
2019-10-25,1002.1546630859375,3022.550048828125,257.155,1.83,101.4281
2019-10-28,998.377685546875,3039.419921875,257.155,1.83,101.4281
2019-10-29,998.377685546875,3036.889892578125,257.155,1.83,101.4281
2019-10-30,986.9147338867188,3046.77001953125,257.155,1.83,101.4281
2019-10-31,984.6797485351562,3037.56005859375,257.155,1.83,101.4281
2019-11-01,984.6217651367188,3066.909912109375,257.879,1.55,101.9372
2019-11-04,1000.8726806640625,3078.27001953125,257.879,1.55,101.9372
2019-11-05,1005.2476806640625,3074.6201171875,257.879,1.55,101.9372
2019-11-06,1011.431640625,3076.780029296875,257.879,1.55,101.9372
2019-11-07,1035.4384765625,3085.179931640625,257.879,1.55,101.9372
2019-11-08,1031.5264892578125,3093.080078125,257.879,1.55,101.9372
2019-11-11,1031.1795654296875,3087.010009765625,257.879,1.55,101.9372
2019-11-12,1039.718505859375,3091.840087890625,257.879,1.55,101.9372
2019-11-13,1048.2763671875,3094.0400390625,257.879,1.55,101.9372
2019-11-14,1037.800537109375,3096.6298828125,257.879,1.55,101.9372
2019-11-15,1053.7913818359375,3120.4599609375,257.879,1.55,101.9372
2019-11-18,1068.4564208984375,3122.030029296875,257.879,1.55,101.9372
2019-11-19,1075.28125,3120.179931640625,257.879,1.55,101.9372
2019-11-20,1067.8453369140625,3108.4599609375,257.879,1.55,101.9372
2019-11-21,1068.04638671875,3103.5400390625,257.879,1.55,101.9372
2019-11-22,1065.87841796875,3110.2900390625,257.879,1.55,101.9372
2019-11-25,1053.8193359375,3133.639892578125,257.879,1.55,101.9372
2019-11-26,1059.825439453125,3140.52001953125,257.879,1.55,101.9372
2019-11-27,1058.4364013671875,3153.6298828125,257.879,1.55,101.9372
2019-11-28,1071.2562255859375,3153.6298828125,257.879,1.55,101.9372
2019-11-29,1069.0313720703125,3140.97998046875,257.879,1.55,101.9372
2019-12-02,1080.0372314453125,3113.8701171875,258.63,1.55,101.7003
2019-12-03,1067.8934326171875,3093.199951171875,258.63,1.55,101.7003
2019-12-04,1077.0072021484375,3112.760009765625,258.63,1.55,101.7003
2019-12-05,1086.584228515625,3117.429931640625,258.63,1.55,101.7003
2019-12-06,1088.685302734375,3145.909912109375,258.63,1.55,101.7003
2019-12-09,1087.855224609375,3135.9599609375,258.63,1.55,101.7003
2019-12-10,1080.1092529296875,3132.52001953125,258.63,1.55,101.7003
2019-12-11,1079.2113037109375,3141.6298828125,258.63,1.55,101.7003
2019-12-12,1101.14111328125,3168.570068359375,258.63,1.55,101.7003
2019-12-13,1104.7601318359375,3168.800048828125,258.63,1.55,101.7003
2019-12-16,1111.2491455078125,3191.449951171875,258.63,1.55,101.7003
2019-12-17,1110.731201171875,3192.52001953125,258.63,1.55,101.7003
2019-12-18,1105.7410888671875,3191.139892578125,258.63,1.55,101.7003
2019-12-19,1105.9881591796875,3205.3701171875,258.63,1.55,101.7003
2019-12-20,1111.7620849609375,3221.219970703125,258.63,1.55,101.7003
2019-12-23,1121.7459716796875,3224.010009765625,258.63,1.55,101.7003
2019-12-24,1131.529052734375,3223.3798828125,258.63,1.55,101.7003
2019-12-26,1136.5240478515625,3239.909912109375,258.63,1.55,101.7003
2019-12-27,1136.830078125,3240.02001953125,258.63,1.55,101.7003
2019-12-30,1147.533935546875,3221.2900390625,258.63,1.55,101.7003
2019-12-31,1144.243896484375,3230.780029296875,258.63,1.55,101.7003
2020-01-02,1159.31494140625,3257.85009765625,259.127,1.55,101.0338
2020-01-03,1136.833984375,3234.85009765625,259.127,1.55,101.0338
2020-01-06,1114.12109375,3246.280029296875,259.127,1.55,101.0338
2020-01-07,1125.9930419921875,3237.179931640625,259.127,1.55,101.0338
2020-01-08,1128.7550048828125,3253.050048828125,259.127,1.55,101.0338
2020-01-09,1179.8988037109375,3274.699951171875,259.127,1.55,101.0338
2020-01-10,1186.630615234375,3265.35009765625,259.127,1.55,101.0338
2020-01-13,1202.483642578125,3288.1298828125,259.127,1.55,101.0338
2020-01-14,1214.2265625,3283.14990234375,259.127,1.55,101.0338
2020-01-15,1209.3814697265625,3289.2900390625,259.127,1.55,101.0338
2020-01-16,1210.0025634765625,3316.81005859375,259.127,1.55,101.0338
2020-01-17,1214.7415771484375,3329.6201171875,259.127,1.55,101.0338
2020-01-20,1226.1915283203125,3329.6201171875,259.127,1.55,101.0338
2020-01-21,1235.554443359375,3320.7900390625,259.127,1.55,101.0338
2020-01-22,1227.4644775390625,3321.75,259.127,1.55,101.0338
2020-01-23,1225.3955078125,3325.5400390625,259.127,1.55,101.0338
2020-01-24,1221.4114990234375,3295.469970703125,259.127,1.55,101.0338
2020-01-27,1201.4906005859375,3243.6298828125,259.127,1.55,101.0338
2020-01-28,1198.0096435546875,3276.239990234375,259.127,1.55,101.0338
2020-01-29,1196.888671875,3273.39990234375,259.127,1.55,101.0338
2020-01-30,1198.4906005859375,3283.659912109375,259.127,1.55,101.0338
2020-01-31,1191.3946533203125,3225.52001953125,259.127,1.55,101.0338
2020-02-03,1192.421630859375,3248.919921875,259.25,1.58,101.3735
2020-02-04,1221.3555908203125,3297.590087890625,259.25,1.58,101.3735
2020-02-05,1223.2015380859375,3334.68994140625,259.25,1.58,101.3735
2020-02-06,1222.83251953125,3345.780029296875,259.25,1.58,101.3735
2020-02-07,1210.14453125,3327.7099609375,259.25,1.58,101.3735
2020-02-10,1183.4088134765625,3352.090087890625,259.25,1.58,101.3735
2020-02-11,1197.9716796875,3357.75,259.25,1.58,101.3735
2020-02-12,1200.480712890625,3379.449951171875,259.25,1.58,101.3735
2020-02-13,1205.398681640625,3373.93994140625,259.25,1.58,101.3735
2020-02-14,1201.5076904296875,3380.159912109375,259.25,1.58,101.3735
2020-02-17,1207.91259765625,3380.159912109375,259.25,1.58,101.3735
2020-02-18,1195.734619140625,3370.2900390625,259.25,1.58,101.3735
2020-02-19,1191.9547119140625,3386.14990234375,259.25,1.58,101.3735
2020-02-20,1156.4139404296875,3373.22998046875,259.25,1.58,101.3735
2020-02-21,1168.2877197265625,3337.75,259.25,1.58,101.3735
2020-02-24,1147.8858642578125,3225.889892578125,259.25,1.58,101.3735
2020-02-25,1143.638916015625,3128.2099609375,259.25,1.58,101.3735
2020-02-26,1151.7069091796875,3116.389892578125,259.25,1.58,101.3735
2020-02-27,1104.1781005859375,2978.760009765625,259.25,1.58,101.3735
2020-02-28,1059.931396484375,2954.219970703125,259.25,1.58,101.3735
2020-03-02,1073.09326171875,3090.22998046875,258.076,0.65,97.4078
2020-03-03,1112.067138671875,3003.3701171875,258.076,0.65,97.4078
2020-03-04,1107.84814453125,3130.1201171875,258.076,0.65,97.4078
2020-03-05,1118.14501953125,3023.93994140625,258.076,0.65,97.4078
2020-03-06,1095.9991455078125,2972.3701171875,258.076,0.65,97.4078
2020-03-09,1035.2344970703125,2746.56005859375,258.076,0.65,97.4078
2020-03-10,1010.61962890625,2882.22998046875,258.076,0.65,97.4078
2020-03-11,1009.6576538085938,2741.3798828125,258.076,0.65,97.4078
2020-03-12,936.3900756835938,2480.639892578125,258.076,0.65,97.4078
2020-03-13,956.0469360351562,2711.02001953125,258.076,0.65,97.4078
2020-03-16,878.8783569335938,2386.1298828125,258.076,0.65,97.4078
2020-03-17,867.7723999023438,2529.18994140625,258.076,0.65,97.4078
2020-03-18,855.761474609375,2398.10009765625,258.076,0.65,97.4078
2020-03-19,851.949462890625,2409.389892578125,258.076,0.65,97.4078
2020-03-20,857.9534301757812,2304.919921875,258.076,0.65,97.4078
2020-03-23,842.45751953125,2237.39990234375,258.076,0.65,97.4078
2020-03-24,892.8572387695312,2447.330078125,258.076,0.65,97.4078
2020-03-25,890.6253051757812,2475.56005859375,258.076,0.65,97.4078
2020-03-26,915.2711181640625,2630.070068359375,258.076,0.65,97.4078
2020-03-27,881.2453002929688,2541.469970703125,258.076,0.65,97.4078
2020-03-30,880.5902709960938,2626.64990234375,258.076,0.65,97.4078
2020-03-31,896.4322509765625,2584.590087890625,258.076,0.65,97.4078
2020-04-01,890.8463134765625,2470.5,256.032,0.05,84.5619
2020-04-02,895.104248046875,2526.89990234375,256.032,0.05,84.5619
2020-04-03,895.521240234375,2488.64990234375,256.032,0.05,84.5619
2020-04-06,920.7061157226562,2663.679931640625,256.032,0.05,84.5619
2020-04-07,923.8131103515625,2659.409912109375,256.032,0.05,84.5619
2020-04-08,932.2470703125,2749.97998046875,256.032,0.05,84.5619
2020-04-09,958.3389282226562,2789.820068359375,256.032,0.05,84.5619
2020-04-10,964.7048950195312,2789.820068359375,256.032,0.05,84.5619
2020-04-13,963.9808959960938,2761.6298828125,256.032,0.05,84.5619
2020-04-14,985.4927368164062,2846.06005859375,256.032,0.05,84.5619
2020-04-15,958.5439453125,2783.360107421875,256.032,0.05,84.5619
2020-04-16,962.4859008789062,2799.550048828125,256.032,0.05,84.5619
2020-04-17,981.7927856445312,2874.56005859375,256.032,0.05,84.5619
2020-04-20,989.4537353515625,2823.159912109375,256.032,0.05,84.5619
2020-04-21,976.184814453125,2736.56005859375,256.032,0.05,84.5619
2020-04-22,981.704833984375,2799.31005859375,256.032,0.05,84.5619
2020-04-23,981.704833984375,2797.800048828125,256.032,0.05,84.5619
2020-04-24,987.5847778320312,2836.739990234375,256.032,0.05,84.5619
2020-04-27,1012.6686401367188,2878.47998046875,256.032,0.05,84.5619
2020-04-28,1007.0696411132812,2863.389892578125,256.032,0.05,84.5619
2020-04-29,1015.9476318359375,2939.510009765625,256.032,0.05,84.5619
2020-04-30,1011.0956420898438,2912.429931640625,256.032,0.05,84.5619
2020-05-01,1011.0956420898438,2830.7099609375,255.802,0.05,85.9604
2020-05-04,988.416748046875,2842.739990234375,255.802,0.05,85.9604
2020-05-05,987.3697509765625,2868.43994140625,255.802,0.05,85.9604
2020-05-06,985.7097778320312,2848.419921875,255.802,0.05,85.9604
2020-05-07,983.9827270507812,2881.18994140625,255.802,0.05,85.9604
2020-05-08,978.4468383789062,2929.800048828125,255.802,0.05,85.9604
2020-05-11,977.9168090820312,2930.18994140625,255.802,0.05,85.9604
2020-05-12,996.1536865234375,2870.1201171875,255.802,0.05,85.9604
2020-05-13,1001.585693359375,2820.0,255.802,0.05,85.9604
2020-05-14,991.9247436523438,2852.5,255.802,0.05,85.9604
2020-05-15,997.6766967773438,2863.699951171875,255.802,0.05,85.9604
2020-05-18,1019.8245849609375,2953.909912109375,255.802,0.05,85.9604
2020-05-19,1019.8245849609375,2922.93994140625,255.802,0.05,85.9604
2020-05-20,1021.569580078125,2971.610107421875,255.802,0.05,85.9604
2020-05-21,1026.4835205078125,2948.510009765625,255.802,0.05,85.9604
2020-05-22,1030.237548828125,2955.449951171875,255.802,0.05,85.9604
2020-05-26,1030.237548828125,2991.77001953125,255.802,0.05,85.9604
2020-05-27,1049.5294189453125,3036.1298828125,255.802,0.05,85.9604
2020-05-28,1053.5924072265625,3029.72998046875,255.802,0.05,85.9604
2020-05-29,1055.1993408203125,3044.31005859375,255.802,0.05,85.9604
2020-06-01,1072.65625,3055.72998046875,257.042,0.08,91.5934
2020-06-02,1080.96728515625,3080.820068359375,257.042,0.08,91.5934
2020-06-03,1091.1072998046875,3122.8701171875,257.042,0.08,91.5934
2020-06-04,1095.3631591796875,3112.35009765625,257.042,0.08,91.5934
2020-06-05,1100.212158203125,3193.929931640625,257.042,0.08,91.5934
2020-06-08,1096.3651123046875,3232.389892578125,257.042,0.08,91.5934
2020-06-09,1092.3592529296875,3207.179931640625,257.042,0.08,91.5934
2020-06-10,1097.7830810546875,3190.139892578125,257.042,0.08,91.5934
2020-06-11,1091.5482177734375,3002.10009765625,257.042,0.08,91.5934
2020-06-12,1098.34912109375,3041.31005859375,257.042,0.08,91.5934
2020-06-15,1095.55419921875,3066.590087890625,257.042,0.08,91.5934
2020-06-16,1109.39111328125,3124.739990234375,257.042,0.08,91.5934
2020-06-17,1109.3941650390625,3113.489990234375,257.042,0.08,91.5934
2020-06-18,1124.9400634765625,3115.340087890625,257.042,0.08,91.5934
2020-06-19,1136.113037109375,3097.739990234375,257.042,0.08,91.5934
2020-06-22,1151.8948974609375,3117.860107421875,257.042,0.08,91.5934
2020-06-23,1153.3829345703125,3131.2900390625,257.042,0.08,91.5934
2020-06-24,1144.48291015625,3050.330078125,257.042,0.08,91.5934
2020-06-25,1141.3839111328125,3083.760009765625,257.042,0.08,91.5934
2020-06-26,1146.6778564453125,3009.050048828125,257.042,0.08,91.5934
2020-06-29,1158.4239501953125,3053.239990234375,257.042,0.08,91.5934
2020-06-30,1165.2418212890625,3100.2900390625,257.042,0.08,91.5934
2020-07-01,1153.1439208984375,3115.860107421875,258.352,0.09,95.0256
2020-07-02,1169.07177734375,3130.010009765625,258.352,0.09,95.0256
2020-07-03,1157.4788818359375,3130.010009765625,258.352,0.09,95.0256
2020-07-06,1184.8458251953125,3179.719970703125,258.352,0.09,95.0256
2020-07-07,1193.3826904296875,3145.320068359375,258.352,0.09,95.0256
2020-07-08,1187.11865234375,3169.93994140625,258.352,0.09,95.0256
2020-07-09,1157.929931640625,3152.050048828125,258.352,0.09,95.0256
2020-07-10,1148.0799560546875,3185.0400390625,258.352,0.09,95.0256
2020-07-13,1183.9808349609375,3155.219970703125,258.352,0.09,95.0256
2020-07-14,1177.40478515625,3197.52001953125,258.352,0.09,95.0256
2020-07-15,1177.40478515625,3226.56005859375,258.352,0.09,95.0256
2020-07-16,1188.068603515625,3215.570068359375,258.352,0.09,95.0256
2020-07-17,1187.8546142578125,3224.72998046875,258.352,0.09,95.0256
2020-07-20,1192.8026123046875,3251.840087890625,258.352,0.09,95.0256
2020-07-21,1180.413818359375,3257.300048828125,258.352,0.09,95.0256
2020-07-22,1180.792724609375,3276.02001953125,258.352,0.09,95.0256
2020-07-23,1190.3056640625,3235.659912109375,258.352,0.09,95.0256
2020-07-24,1192.0096435546875,3215.6298828125,258.352,0.09,95.0256
2020-07-27,1195.693603515625,3239.409912109375,258.352,0.09,95.0256
2020-07-28,1152.69384765625,3218.43994140625,258.352,0.09,95.0256
2020-07-29,1135.593994140625,3258.43994140625,258.352,0.09,95.0256
2020-07-30,1126.89404296875,3246.219970703125,258.352,0.09,95.0256
2020-07-31,1126.89404296875,3271.1201171875,258.352,0.09,95.0256
2020-08-03,1126.89404296875,3294.610107421875,259.316,0.1,95.9549
2020-08-04,1087.1942138671875,3306.510009765625,259.316,0.1,95.9549
2020-08-05,1091.7943115234375,3327.77001953125,259.316,0.1,95.9549
2020-08-06,1034.39453125,3349.159912109375,259.316,0.1,95.9549
2020-08-07,1060.5943603515625,3351.280029296875,259.316,0.1,95.9549
2020-08-10,1075.4942626953125,3360.469970703125,259.316,0.1,95.9549
2020-08-11,1110.0941162109375,3333.68994140625,259.316,0.1,95.9549
2020-08-12,1114.194091796875,3380.35009765625,259.316,0.1,95.9549
2020-08-13,1100.294189453125,3373.429931640625,259.316,0.1,95.9549
2020-08-14,1083.7943115234375,3372.85009765625,259.316,0.1,95.9549
2020-08-17,1086.1942138671875,3381.989990234375,259.316,0.1,95.9549
2020-08-18,1092.4942626953125,3389.780029296875,259.316,0.1,95.9549
2020-08-19,1124.6939697265625,3374.85009765625,259.316,0.1,95.9549
2020-08-20,1126.7940673828125,3385.510009765625,259.316,0.1,95.9549
2020-08-21,1109.8941650390625,3397.159912109375,259.316,0.1,95.9549
2020-08-24,1108.3941650390625,3431.280029296875,259.316,0.1,95.9549
2020-08-25,1092.1942138671875,3443.6201171875,259.316,0.1,95.9549
2020-08-26,1098.994140625,3478.72998046875,259.316,0.1,95.9549
2020-08-27,1108.8941650390625,3484.550048828125,259.316,0.1,95.9549
2020-08-28,1100.5941162109375,3508.010009765625,259.316,0.1,95.9549
2020-08-31,1078.59423828125,3500.31005859375,259.316,0.1,95.9549
2020-09-01,1085.1942138671875,3526.64990234375,259.997,0.09,95.9669
2020-09-02,1083.894287109375,3580.840087890625,259.997,0.09,95.9669
2020-09-03,1076.2943115234375,3455.06005859375,259.997,0.09,95.9669
2020-09-04,1086.2943115234375,3426.9599609375,259.997,0.09,95.9669
2020-09-07,1096.794189453125,3426.9599609375,259.997,0.09,95.9669
2020-09-08,1089.59423828125,3331.840087890625,259.997,0.09,95.9669
2020-09-09,1099.694091796875,3398.9599609375,259.997,0.09,95.9669
2020-09-10,1099.0941162109375,3339.18994140625,259.997,0.09,95.9669
2020-09-11,1102.694091796875,3340.969970703125,259.997,0.09,95.9669
2020-09-14,1107.294189453125,3383.5400390625,259.997,0.09,95.9669
2020-09-15,1111.194091796875,3401.199951171875,259.997,0.09,95.9669
2020-09-16,1107.0941162109375,3385.489990234375,259.997,0.09,95.9669
2020-09-17,1110.694091796875,3357.010009765625,259.997,0.09,95.9669
2020-09-18,1111.994140625,3319.469970703125,259.997,0.09,95.9669
2020-09-21,1086.9942626953125,3281.06005859375,259.997,0.09,95.9669
2020-09-22,1096.194091796875,3315.570068359375,259.997,0.09,95.9669
2020-09-23,1102.694091796875,3236.919921875,259.997,0.09,95.9669
2020-09-24,1119.593994140625,3246.590087890625,259.997,0.09,95.9669
2020-09-25,1124.1939697265625,3298.4599609375,259.997,0.09,95.9669
2020-09-28,1121.1939697265625,3351.60009765625,259.997,0.09,95.9669
2020-09-29,1123.2940673828125,3335.469970703125,259.997,0.09,95.9669
2020-09-30,1145.19384765625,3363.0,259.997,0.09,95.9669
2020-10-01,1143.493896484375,3380.800048828125,260.319,0.09,96.7394
2020-10-02,1144.993896484375,3348.419921875,260.319,0.09,96.7394
2020-10-05,1160.69384765625,3408.60009765625,260.319,0.09,96.7394
2020-10-06,1153.69384765625,3360.969970703125,260.319,0.09,96.7394
2020-10-07,1152.3939208984375,3419.43994140625,260.319,0.09,96.7394
2020-10-08,1150.493896484375,3446.830078125,260.319,0.09,96.7394
2020-10-09,1165.6937255859375,3477.139892578125,260.319,0.09,96.7394
2020-10-12,1178.393798828125,3534.219970703125,260.319,0.09,96.7394
2020-10-13,1174.6937255859375,3511.929931640625,260.319,0.09,96.7394
2020-10-14,1189.293701171875,3488.669921875,260.319,0.09,96.7394
2020-10-15,1180.393798828125,3483.340087890625,260.319,0.09,96.7394
2020-10-16,1192.693603515625,3483.81005859375,260.319,0.09,96.7394
2020-10-19,1205.3936767578125,3426.919921875,260.319,0.09,96.7394
2020-10-20,1210.3935546875,3443.1201171875,260.319,0.09,96.7394
2020-10-21,1211.4935302734375,3435.56005859375,260.319,0.09,96.7394
2020-10-22,1198.293701171875,3453.489990234375,260.319,0.09,96.7394
2020-10-23,1190.5936279296875,3465.389892578125,260.319,0.09,96.7394
2020-10-26,1144.493896484375,3400.969970703125,260.319,0.09,96.7394
2020-10-27,1152.5938720703125,3390.679931640625,260.319,0.09,96.7394
2020-10-28,1126.9940185546875,3271.030029296875,260.319,0.09,96.7394
2020-10-29,1126.9940185546875,3310.110107421875,260.319,0.09,96.7394
2020-10-30,1112.3941650390625,3269.9599609375,260.319,0.09,96.7394
2020-11-02,1133.593994140625,3310.239990234375,260.911,0.09,97.0816
2020-11-03,1150.69384765625,3369.159912109375,260.911,0.09,97.0816
2020-11-04,1167.6937255859375,3443.43994140625,260.911,0.09,97.0816
2020-11-05,1179.9937744140625,3510.449951171875,260.911,0.09,97.0816
2020-11-06,1191.99365234375,3509.43994140625,260.911,0.09,97.0816
2020-11-09,1231.493408203125,3550.5,260.911,0.09,97.0816
2020-11-10,1242.993408203125,3545.530029296875,260.911,0.09,97.0816
2020-11-11,1279.193115234375,3572.659912109375,260.911,0.09,97.0816
2020-11-12,1271.7933349609375,3537.010009765625,260.911,0.09,97.0816
2020-11-13,1291.293212890625,3585.14990234375,260.911,0.09,97.0816
2020-11-16,1292.9931640625,3626.909912109375,260.911,0.09,97.0816
2020-11-17,1259.6932373046875,3609.530029296875,260.911,0.09,97.0816
2020-11-18,1294.693115234375,3567.7900390625,260.911,0.09,97.0816
2020-11-19,1312.9930419921875,3581.8701171875,260.911,0.09,97.0816
2020-11-20,1323.992919921875,3557.5400390625,260.911,0.09,97.0816
2020-11-23,1314.2930908203125,3577.590087890625,260.911,0.09,97.0816
2020-11-24,1320.9930419921875,3635.409912109375,260.911,0.09,97.0816
2020-11-25,1325.492919921875,3629.64990234375,260.911,0.09,97.0816
2020-11-26,1342.492919921875,3629.64990234375,260.911,0.09,97.0816
2020-11-27,1328.69287109375,3638.35009765625,260.911,0.09,97.0816
2020-11-30,1283.5931396484375,3621.6298828125,260.911,0.09,97.0816
2020-12-01,1325.29296875,3662.449951171875,262.045,0.09,98.363
2020-12-02,1325.492919921875,3669.010009765625,262.045,0.09,98.363
2020-12-03,1330.8929443359375,3666.719970703125,262.045,0.09,98.363
2020-12-04,1330.8929443359375,3699.1201171875,262.045,0.09,98.363
2020-12-07,1329.8929443359375,3691.9599609375,262.045,0.09,98.363
2020-12-08,1339.8929443359375,3702.25,262.045,0.09,98.363
2020-12-09,1350.2928466796875,3672.820068359375,262.045,0.09,98.363
2020-12-10,1353.392822265625,3668.10009765625,262.045,0.09,98.363
2020-12-11,1370.692626953125,3663.4599609375,262.045,0.09,98.363
2020-12-14,1388.5926513671875,3647.489990234375,262.045,0.09,98.363
2020-12-15,1395.392578125,3694.6201171875,262.045,0.09,98.363
2020-12-16,1392.4925537109375,3701.169921875,262.045,0.09,98.363
2020-12-17,1399.392578125,3722.47998046875,262.045,0.09,98.363
2020-12-18,1408.2926025390625,3709.409912109375,262.045,0.09,98.363
2020-12-21,1384.3927001953125,3694.919921875,262.045,0.09,98.363
2020-12-22,1404.9925537109375,3687.260009765625,262.045,0.09,98.363
2020-12-23,1417.6923828125,3690.010009765625,262.045,0.09,98.363
2020-12-24,1425.992431640625,3703.06005859375,262.045,0.09,98.363
2020-12-28,1439.2923583984375,3735.360107421875,262.045,0.09,98.363
2020-12-29,1459.6922607421875,3727.0400390625,262.045,0.09,98.363
2020-12-30,1479.8922119140625,3732.0400390625,262.045,0.09,98.363
2020-12-31,1476.692138671875,3756.070068359375,262.045,0.09,98.363
2021-01-04,1495.39208984375,3700.64990234375,262.687,0.09,98.8822
2021-01-05,1489.592041015625,3726.860107421875,262.687,0.09,98.8822
2021-01-06,1505.39208984375,3748.139892578125,262.687,0.09,98.8822
2021-01-07,1522.19189453125,3803.7900390625,262.687,0.09,98.8822
2021-01-08,1540.591796875,3824.679931640625,262.687,0.09,98.8822
2021-01-11,1536.1917724609375,3799.610107421875,262.687,0.09,98.8822
2021-01-12,1549.4918212890625,3801.18994140625,262.687,0.09,98.8822
2021-01-13,1559.291748046875,3809.840087890625,262.687,0.09,98.8822
2021-01-14,1546.591796875,3795.5400390625,262.687,0.09,98.8822
2021-01-15,1524.491943359375,3768.25,262.687,0.09,98.8822
2021-01-18,1556.791748046875,3768.25,262.687,0.09,98.8822
2021-01-19,1564.99169921875,3798.909912109375,262.687,0.09,98.8822
2021-01-20,1569.3917236328125,3851.85009765625,262.687,0.09,98.8822
2021-01-21,1551.591796875,3853.070068359375,262.687,0.09,98.8822
2021-01-22,1542.4918212890625,3841.469970703125,262.687,0.09,98.8822
2021-01-25,1540.1917724609375,3855.360107421875,262.687,0.09,98.8822
2021-01-26,1536.091796875,3849.6201171875,262.687,0.09,98.8822
2021-01-27,1466.9921875,3750.77001953125,262.687,0.09,98.8822
2021-01-28,1498.2921142578125,3787.3798828125,262.687,0.09,98.8822
2021-01-29,1473.4921875,3714.239990234375,262.687,0.09,98.8822
2021-02-01,1492.4920654296875,3773.860107421875,263.579,0.08,95.6149
2021-02-02,1511.3919677734375,3826.31005859375,263.579,0.08,95.6149
2021-02-03,1533.591796875,3830.169921875,263.579,0.08,95.6149
2021-02-04,1534.891845703125,3871.739990234375,263.579,0.08,95.6149
2021-02-05,1527.19189453125,3886.830078125,263.579,0.08,95.6149
2021-02-08,1534.891845703125,3915.590087890625,263.579,0.08,95.6149
2021-02-09,1544.091796875,3911.22998046875,263.579,0.08,95.6149
2021-02-10,1547.091796875,3909.8798828125,263.579,0.08,95.6149
2021-02-11,1545.591796875,3916.3798828125,263.579,0.08,95.6149
2021-02-12,1538.391845703125,3934.830078125,263.579,0.08,95.6149
2021-02-15,1562.49169921875,3934.830078125,263.579,0.08,95.6149
2021-02-16,1542.7918701171875,3932.590087890625,263.579,0.08,95.6149
2021-02-17,1540.591796875,3931.330078125,263.579,0.08,95.6149
2021-02-18,1546.391845703125,3913.969970703125,263.579,0.08,95.6149
2021-02-19,1560.291748046875,3906.7099609375,263.579,0.08,95.6149
2021-02-22,1550.591796875,3876.5,263.579,0.08,95.6149
2021-02-23,1517.8919677734375,3881.3701171875,263.579,0.08,95.6149
2021-02-24,1482.9921875,3925.429931640625,263.579,0.08,95.6149
2021-02-25,1488.1920166015625,3829.340087890625,263.579,0.08,95.6149
2021-02-26,1471.3922119140625,3811.14990234375,263.579,0.08,95.6149
2021-03-01,1527.491943359375,3901.820068359375,264.961,0.07,98.3856
2021-03-02,1528.7919921875,3870.2900390625,264.961,0.07,98.3856
2021-03-03,1531.091796875,3819.719970703125,264.961,0.07,98.3856
2021-03-04,1537.9918212890625,3768.469970703125,264.961,0.07,98.3856
2021-03-05,1541.9918212890625,3841.93994140625,264.961,0.07,98.3856
2021-03-08,1530.2918701171875,3821.35009765625,264.961,0.07,98.3856
2021-03-09,1549.1917724609375,3875.43994140625,264.961,0.07,98.3856
2021-03-10,1564.8917236328125,3898.81005859375,264.961,0.07,98.3856
2021-03-11,1556.49169921875,3939.340087890625,264.961,0.07,98.3856
2021-03-12,1557.3917236328125,3943.340087890625,264.961,0.07,98.3856
2021-03-15,1555.49169921875,3968.93994140625,264.961,0.07,98.3856
2021-03-16,1570.3917236328125,3962.7099609375,264.961,0.07,98.3856
2021-03-17,1562.0916748046875,3974.1201171875,264.961,0.07,98.3856
2021-03-18,1550.891845703125,3915.4599609375,264.961,0.07,98.3856
2021-03-19,1528.991943359375,3913.10009765625,264.961,0.07,98.3856
2021-03-22,1379.292724609375,3940.590087890625,264.961,0.07,98.3856
2021-03-23,1377.3927001953125,3910.52001953125,264.961,0.07,98.3856
2021-03-24,1413.892578125,3889.139892578125,264.961,0.07,98.3856
2021-03-25,1394.392578125,3909.52001953125,264.961,0.07,98.3856
2021-03-26,1382.192626953125,3974.5400390625,264.961,0.07,98.3856
2021-03-29,1392.592529296875,3971.090087890625,264.961,0.07,98.3856
2021-03-30,1395.7926025390625,3958.550048828125,264.961,0.07,98.3856
2021-03-31,1391.692626953125,3972.889892578125,264.961,0.07,98.3856
2021-04-01,1426.5924072265625,4019.8701171875,266.614,0.07,98.5587
2021-04-05,1442.09228515625,4077.909912109375,266.614,0.07,98.5587
2021-04-06,1420.5924072265625,4073.93994140625,266.614,0.07,98.5587
2021-04-07,1417.8924560546875,4079.949951171875,266.614,0.07,98.5587
2021-04-08,1416.5924072265625,4097.169921875,266.614,0.07,98.5587
2021-04-09,1393.1925048828125,4128.7998046875,266.614,0.07,98.5587
2021-04-12,1375.8927001953125,4127.990234375,266.614,0.07,98.5587
2021-04-13,1378.3927001953125,4141.58984375,266.614,0.07,98.5587
2021-04-14,1409.1925048828125,4124.66015625,266.614,0.07,98.5587
2021-04-15,1407.7926025390625,4170.419921875,266.614,0.07,98.5587
2021-04-16,1408.092529296875,4185.47021484375,266.614,0.07,98.5587
2021-04-19,1377.192626953125,4163.259765625,266.614,0.07,98.5587
2021-04-20,1365.2928466796875,4134.93994140625,266.614,0.07,98.5587
2021-04-21,1330.492919921875,4173.419921875,266.614,0.07,98.5587
2021-04-22,1345.19287109375,4134.97998046875,266.614,0.07,98.5587
2021-04-23,1345.19287109375,4180.169921875,266.614,0.07,98.5587
2021-04-26,1373.99267578125,4187.6201171875,266.614,0.07,98.5587
2021-04-27,1391.99267578125,4186.72021484375,266.614,0.07,98.5587
2021-04-28,1385.8927001953125,4183.18017578125,266.614,0.07,98.5587
2021-04-29,1401.4925537109375,4211.47021484375,266.614,0.07,98.5587
2021-04-30,1397.7926025390625,4181.169921875,266.614,0.07,98.5587
2021-05-03,1421.1923828125,4192.66015625,268.383,0.06,99.4333
2021-05-04,1416.29248046875,4164.66015625,268.383,0.06,99.4333
2021-05-05,1419.992431640625,4167.58984375,268.383,0.06,99.4333
2021-05-06,1427.6923828125,4201.6201171875,268.383,0.06,99.4333
2021-05-07,1441.2923583984375,4232.60009765625,268.383,0.06,99.4333
2021-05-10,1460.892333984375,4188.43017578125,268.383,0.06,99.4333
2021-05-11,1444.892333984375,4152.10009765625,268.383,0.06,99.4333
2021-05-12,1441.2923583984375,4063.0400390625,268.383,0.06,99.4333
2021-05-13,1441.2923583984375,4112.5,268.383,0.06,99.4333
2021-05-14,1441.2923583984375,4173.85009765625,268.383,0.06,99.4333
2021-05-17,1454.2923583984375,4163.2900390625,268.383,0.06,99.4333
2021-05-18,1459.59228515625,4127.830078125,268.383,0.06,99.4333
2021-05-19,1459.59228515625,4115.68017578125,268.383,0.06,99.4333
2021-05-20,1449.7923583984375,4159.1201171875,268.383,0.06,99.4333
2021-05-21,1451.7923583984375,4155.85986328125,268.383,0.06,99.4333
2021-05-24,1452.1922607421875,4197.0498046875,268.383,0.06,99.4333
2021-05-25,1400.1925048828125,4188.1298828125,268.383,0.06,99.4333
2021-05-26,1427.0924072265625,4195.990234375,268.383,0.06,99.4333
2021-05-27,1414.9925537109375,4200.8798828125,268.383,0.06,99.4333
2021-05-28,1422.0924072265625,4204.10986328125,268.383,0.06,99.4333
2021-05-31,1420.492431640625,4204.10986328125,268.383,0.06,99.4333
2021-06-01,1431.992431640625,4202.0400390625,270.654,0.08,99.7987
2021-06-02,1430.6923828125,4208.1201171875,270.654,0.08,99.7987
2021-06-03,1428.0924072265625,4192.85009765625,270.654,0.08,99.7987
2021-06-04,1432.8924560546875,4229.89013671875,270.654,0.08,99.7987
2021-06-07,1447.09228515625,4226.52001953125,270.654,0.08,99.7987
2021-06-08,1447.59228515625,4227.259765625,270.654,0.08,99.7987
2021-06-09,1449.1922607421875,4219.5498046875,270.654,0.08,99.7987
2021-06-10,1456.6922607421875,4239.18017578125,270.654,0.08,99.7987
2021-06-11,1460.892333984375,4247.43994140625,270.654,0.08,99.7987
2021-06-14,1454.2923583984375,4255.14990234375,270.654,0.08,99.7987
2021-06-15,1442.59228515625,4246.58984375,270.654,0.08,99.7987
2021-06-16,1431.29248046875,4223.7001953125,270.654,0.08,99.7987
2021-06-17,1414.1925048828125,4221.85986328125,270.654,0.08,99.7987
2021-06-18,1391.0926513671875,4166.4501953125,270.654,0.08,99.7987
2021-06-21,1398.4925537109375,4224.7900390625,270.654,0.08,99.7987
2021-06-22,1409.892578125,4246.43994140625,270.654,0.08,99.7987
2021-06-23,1402.392578125,4241.83984375,270.654,0.08,99.7987
2021-06-24,1410.7926025390625,4266.490234375,270.654,0.08,99.7987
2021-06-25,1391.8927001953125,4280.7001953125,270.654,0.08,99.7987
2021-06-28,1373.292724609375,4290.60986328125,270.654,0.08,99.7987
2021-06-29,1371.692626953125,4291.7998046875,270.654,0.08,99.7987
2021-06-30,1356.2928466796875,4297.5,270.654,0.08,99.7987
2021-07-01,1372.792724609375,4319.93994140625,271.903,0.1,100.2519
2021-07-02,1376.692626953125,4352.33984375,271.903,0.1,100.2519
2021-07-05,1392.592529296875,4352.33984375,271.903,0.1,100.2519
2021-07-06,1382.5926513671875,4343.5400390625,271.903,0.1,100.2519
2021-07-07,1390.5926513671875,4358.1298828125,271.903,0.1,100.2519
2021-07-08,1372.99267578125,4320.81982421875,271.903,0.1,100.2519
2021-07-09,1378.292724609375,4369.5498046875,271.903,0.1,100.2519
2021-07-12,1356.9927978515625,4384.6298828125,271.903,0.1,100.2519
2021-07-13,1346.7928466796875,4369.2099609375,271.903,0.1,100.2519
2021-07-14,1367.2928466796875,4374.2998046875,271.903,0.1,100.2519
2021-07-15,1367.2928466796875,4360.02978515625,271.903,0.1,100.2519
2021-07-16,1363.2928466796875,4327.16015625,271.903,0.1,100.2519
2021-07-19,1351.5927734375,4258.490234375,271.903,0.1,100.2519
2021-07-20,1351.5927734375,4323.06005859375,271.903,0.1,100.2519
2021-07-21,1351.5927734375,4358.68994140625,271.903,0.1,100.2519
2021-07-22,1351.5927734375,4367.47998046875,271.903,0.1,100.2519
2021-07-23,1351.5927734375,4411.7900390625,271.903,0.1,100.2519
2021-07-26,1349.0927734375,4422.2998046875,271.903,0.1,100.2519
2021-07-27,1359.5927734375,4401.4599609375,271.903,0.1,100.2519
2021-07-28,1360.7928466796875,4400.64013671875,271.903,0.1,100.2519
2021-07-29,1391.5926513671875,4419.14990234375,271.903,0.1,100.2519
2021-07-30,1392.892578125,4395.259765625,271.903,0.1,100.2519
2021-08-02,1399.6925048828125,4387.16015625,272.676,0.09,100.0437
2021-08-03,1408.7926025390625,4423.14990234375,272.676,0.09,100.0437
2021-08-04,1413.7926025390625,4402.66015625,272.676,0.09,100.0437
2021-08-05,1431.79248046875,4429.10009765625,272.676,0.09,100.0437
2021-08-06,1434.79248046875,4436.52001953125,272.676,0.09,100.0437
2021-08-09,1432.5924072265625,4432.35009765625,272.676,0.09,100.0437
2021-08-10,1437.492431640625,4436.75,272.676,0.09,100.0437
2021-08-11,1410.892578125,4442.41015625,272.676,0.09,100.0437
2021-08-12,1444.4923095703125,4460.830078125,272.676,0.09,100.0437
2021-08-13,1447.59228515625,4468.0,272.676,0.09,100.0437
2021-08-16,1455.2923583984375,4479.7099609375,272.676,0.09,100.0437
2021-08-17,1461.692138671875,4448.080078125,272.676,0.09,100.0437
2021-08-18,1449.59228515625,4400.27001953125,272.676,0.09,100.0437
2021-08-19,1439.892333984375,4405.7998046875,272.676,0.09,100.0437
2021-08-20,1444.59228515625,4441.669921875,272.676,0.09,100.0437
2021-08-23,1459.2923583984375,4479.52978515625,272.676,0.09,100.0437
2021-08-24,1465.8922119140625,4486.22998046875,272.676,0.09,100.0437
2021-08-25,1453.2923583984375,4496.18994140625,272.676,0.09,100.0437
2021-08-26,1448.4923095703125,4470.0,272.676,0.09,100.0437
2021-08-27,1458.1922607421875,4509.3701171875,272.676,0.09,100.0437
2021-08-30,1458.1922607421875,4528.7900390625,272.676,0.09,100.0437
2021-08-31,1472.0921630859375,4522.68017578125,272.676,0.09,100.0437
2021-09-01,1474.0921630859375,4524.08984375,273.91,0.08,98.8579
2021-09-02,1479.0921630859375,4536.9501953125,273.91,0.08,98.8579
2021-09-03,1468.692138671875,4535.43017578125,273.91,0.08,98.8579
2021-09-06,1474.692138671875,4535.43017578125,273.91,0.08,98.8579
2021-09-07,1454.6922607421875,4520.02978515625,273.91,0.08,98.8579
2021-09-08,1433.8924560546875,4514.06982421875,273.91,0.08,98.8579
2021-09-09,1452.6922607421875,4493.27978515625,273.91,0.08,98.8579
2021-09-10,1438.6922607421875,4458.580078125,273.91,0.08,98.8579
2021-09-13,1438.2923583984375,4468.72998046875,273.91,0.08,98.8579
2021-09-14,1434.3924560546875,4443.0498046875,273.91,0.08,98.8579
2021-09-15,1423.992431640625,4480.7001953125,273.91,0.08,98.8579
2021-09-16,1417.992431640625,4473.75,273.91,0.08,98.8579
2021-09-17,1419.3924560546875,4432.990234375,273.91,0.08,98.8579
2021-09-20,1391.8927001953125,4357.72998046875,273.91,0.08,98.8579
2021-09-21,1385.5926513671875,4354.18994140625,273.91,0.08,98.8579
2021-09-22,1407.4925537109375,4395.64013671875,273.91,0.08,98.8579
2021-09-23,1401.4925537109375,4448.97998046875,273.91,0.08,98.8579
2021-09-24,1384.692626953125,4455.47998046875,273.91,0.08,98.8579
2021-09-27,1391.692626953125,4443.10986328125,273.91,0.08,98.8579
2021-09-28,1383.792724609375,4352.6298828125,273.91,0.08,98.8579
2021-09-29,1391.8927001953125,4359.4599609375,273.91,0.08,98.8579
2021-09-30,1406.392578125,4307.5400390625,273.91,0.08,98.8579
2021-10-01,1401.4925537109375,4357.0400390625,276.55,0.08,100.1861
2021-10-04,1394.392578125,4300.4599609375,276.55,0.08,100.1861
2021-10-05,1391.692626953125,4345.72021484375,276.55,0.08,100.1861
2021-10-06,1371.692626953125,4363.5498046875,276.55,0.08,100.1861
2021-10-07,1396.892578125,4399.759765625,276.55,0.08,100.1861
2021-10-08,1397.9925537109375,4391.33984375,276.55,0.08,100.1861
2021-10-11,1416.29248046875,4361.18994140625,276.55,0.08,100.1861
2021-10-12,1416.79248046875,4350.64990234375,276.55,0.08,100.1861
2021-10-13,1413.4925537109375,4363.7998046875,276.55,0.08,100.1861
2021-10-14,1411.7926025390625,4438.259765625,276.55,0.08,100.1861
2021-10-15,1409.592529296875,4471.3701171875,276.55,0.08,100.1861
2021-10-18,1417.6923828125,4486.4599609375,276.55,0.08,100.1861
2021-10-19,1429.8924560546875,4519.6298828125,276.55,0.08,100.1861
2021-10-20,1432.79248046875,4536.18994140625,276.55,0.08,100.1861
2021-10-21,1455.392333984375,4549.77978515625,276.55,0.08,100.1861
2021-10-22,1479.8922119140625,4544.89990234375,276.55,0.08,100.1861
2021-10-25,1492.89208984375,4566.47998046875,276.55,0.08,100.1861
2021-10-26,1509.19189453125,4574.7900390625,276.55,0.08,100.1861
2021-10-27,1519.2919921875,4551.68017578125,276.55,0.08,100.1861
2021-10-28,1521.991943359375,4596.419921875,276.55,0.08,100.1861
2021-10-29,1521.991943359375,4605.3798828125,276.55,0.08,100.1861
2021-11-01,1536.2918701171875,4613.669921875,278.919,0.08,100.8654
2021-11-02,1533.091796875,4630.64990234375,278.919,0.08,100.8654
2021-11-03,1546.9918212890625,4660.56982421875,278.919,0.08,100.8654
2021-11-04,1575.691650390625,4680.06005859375,278.919,0.08,100.8654
2021-11-05,1583.591552734375,4697.52978515625,278.919,0.08,100.8654
2021-11-08,1608.491455078125,4701.7001953125,278.919,0.08,100.8654
2021-11-09,1615.5914306640625,4685.25,278.919,0.08,100.8654
2021-11-10,1624.09130859375,4646.7099609375,278.919,0.08,100.8654
2021-11-11,1625.09130859375,4649.27001953125,278.919,0.08,100.8654
2021-11-12,1638.4913330078125,4682.85009765625,278.919,0.08,100.8654
2021-11-15,1702.490966796875,4682.7998046875,278.919,0.08,100.8654
2021-11-16,1685.591064453125,4700.89990234375,278.919,0.08,100.8654
2021-11-17,1706.990966796875,4688.669921875,278.919,0.08,100.8654
2021-11-18,1736.890869140625,4704.5400390625,278.919,0.08,100.8654
2021-11-19,1737.2908935546875,4697.9599609375,278.919,0.08,100.8654
2021-11-22,1755.49072265625,4682.93994140625,278.919,0.08,100.8654
2021-11-23,1784.5904541015625,4690.7001953125,278.919,0.08,100.8654
2021-11-24,1812.2904052734375,4701.4599609375,278.919,0.08,100.8654
2021-11-25,1819.1903076171875,4701.4599609375,278.919,0.08,100.8654
2021-11-26,1776.390625,4594.6201171875,278.919,0.08,100.8654
2021-11-29,1808.7904052734375,4655.27001953125,278.919,0.08,100.8654
2021-11-30,1809.6903076171875,4567.0,278.919,0.08,100.8654
2021-12-01,1857.39013671875,4513.0400390625,280.845,0.08,100.5726
2021-12-02,1880.0899658203125,4577.10009765625,280.845,0.08,100.5726
2021-12-03,1910.389892578125,4538.43017578125,280.845,0.08,100.5726
2021-12-06,1927.3897705078125,4591.669921875,280.845,0.08,100.5726
2021-12-07,1980.989501953125,4686.75,280.845,0.08,100.5726
2021-12-08,2004.58935546875,4701.2099609375,280.845,0.08,100.5726
2021-12-09,2031.3892822265625,4667.4501953125,280.845,0.08,100.5726
2021-12-10,2035.4892578125,4712.02001953125,280.845,0.08,100.5726
2021-12-13,2101.48876953125,4668.97021484375,280.845,0.08,100.5726
2021-12-14,2157.6884765625,4634.08984375,280.845,0.08,100.5726
2021-12-15,2162.28857421875,4709.85009765625,280.845,0.08,100.5726
2021-12-16,2278.587890625,4668.669921875,280.845,0.08,100.5726
2021-12-17,2084.489013671875,4620.64013671875,280.845,0.08,100.5726
2021-12-20,2056.388916015625,4568.02001953125,280.845,0.08,100.5726
2021-12-21,1891.989990234375,4649.22998046875,280.845,0.08,100.5726
2021-12-22,1804.1904296875,4696.56005859375,280.845,0.08,100.5726
2021-12-23,1805.29052734375,4725.7900390625,280.845,0.08,100.5726
2021-12-24,1891.2900390625,4725.7900390625,280.845,0.08,100.5726
2021-12-27,1897.0899658203125,4791.18994140625,280.845,0.08,100.5726
2021-12-28,1850.490234375,4786.35009765625,280.845,0.08,100.5726
2021-12-29,1895.489990234375,4793.06005859375,280.845,0.08,100.5726
2021-12-30,1863.6900634765625,4778.72998046875,280.845,0.08,100.5726
2021-12-31,1857.6900634765625,4766.18017578125,280.845,0.08,100.5726
2022-01-03,1926.689697265625,4796.56005859375,282.543,0.08,100.1856
2022-01-04,1963.589599609375,4793.5400390625,282.543,0.08,100.1856
2022-01-05,2005.2894287109375,4700.580078125,282.543,0.08,100.1856
2022-01-06,2007.58935546875,4696.0498046875,282.543,0.08,100.1856
2022-01-07,2033.289306640625,4677.02978515625,282.543,0.08,100.1856
2022-01-10,2045.1890869140625,4670.2900390625,282.543,0.08,100.1856
2022-01-11,2045.9891357421875,4713.06982421875,282.543,0.08,100.1856
2022-01-12,2064.18896484375,4726.35009765625,282.543,0.08,100.1856
2022-01-13,2070.68896484375,4659.02978515625,282.543,0.08,100.1856
2022-01-14,2072.888916015625,4662.85009765625,282.543,0.08,100.1856
2022-01-17,2085.7890625,4662.85009765625,282.543,0.08,100.1856
2022-01-18,1979.78955078125,4577.10986328125,282.543,0.08,100.1856
2022-01-19,2042.089111328125,4532.759765625,282.543,0.08,100.1856
2022-01-20,2014.189208984375,4482.72998046875,282.543,0.08,100.1856
2022-01-21,2011.1893310546875,4397.93994140625,282.543,0.08,100.1856
2022-01-24,1910.2899169921875,4410.1298828125,282.543,0.08,100.1856
2022-01-25,1945.089599609375,4356.4501953125,282.543,0.08,100.1856
2022-01-26,1951.1895751953125,4349.93017578125,282.543,0.08,100.1856
2022-01-27,1997.6893310546875,4326.509765625,282.543,0.08,100.1856
2022-01-28,1983.189453125,4431.85009765625,282.543,0.08,100.1856
2022-01-31,2003.1893310546875,4515.5498046875,282.543,0.08,100.1856
2022-02-01,2015.3892822265625,4546.5400390625,284.5,0.08,100.8064
2022-02-02,2002.1893310546875,4589.3798828125,284.5,0.08,100.8064
2022-02-03,1957.8896484375,4477.43994140625,284.5,0.08,100.8064
2022-02-04,1943.789794921875,4500.52978515625,284.5,0.08,100.8064
2022-02-07,1997.58935546875,4483.8701171875,284.5,0.08,100.8064
2022-02-08,2007.08935546875,4521.5400390625,284.5,0.08,100.8064
2022-02-09,2042.88916015625,4587.18017578125,284.5,0.08,100.8064
2022-02-10,2038.6890869140625,4504.080078125,284.5,0.08,100.8064
2022-02-11,2051.089111328125,4418.64013671875,284.5,0.08,100.8064
2022-02-14,2001.889404296875,4401.669921875,284.5,0.08,100.8064
2022-02-15,2038.1890869140625,4471.06982421875,284.5,0.08,100.8064
2022-02-16,2041.38916015625,4475.009765625,284.5,0.08,100.8064
2022-02-17,2009.9893798828125,4380.259765625,284.5,0.08,100.8064
2022-02-18,2032.3892822265625,4348.8701171875,284.5,0.08,100.8064
2022-02-21,2038.089111328125,4348.8701171875,284.5,0.08,100.8064
2022-02-22,2017.4892578125,4304.759765625,284.5,0.08,100.8064
2022-02-23,2015.9892578125,4225.5,284.5,0.08,100.8064
2022-02-24,1851.3902587890625,4288.7001953125,284.5,0.08,100.8064
2022-02-25,1952.3896484375,4384.64990234375,284.5,0.08,100.8064
2022-02-28,1946.1895751953125,4373.93994140625,284.5,0.08,100.8064
2022-03-01,1969.8895263671875,4306.259765625,287.674,0.2,101.3907
2022-03-02,1986.0894775390625,4386.5400390625,287.674,0.2,101.3907
2022-03-03,2023.289306640625,4363.490234375,287.674,0.2,101.3907
2022-03-04,1990.7894287109375,4328.8701171875,287.674,0.2,101.3907
2022-03-07,1997.2894287109375,4201.08984375,287.674,0.2,101.3907
2022-03-08,2011.389404296875,4170.7001953125,287.674,0.2,101.3907
2022-03-09,2042.6890869140625,4277.8798828125,287.674,0.2,101.3907
2022-03-10,2041.9891357421875,4259.52001953125,287.674,0.2,101.3907
2022-03-11,2053.888916015625,4204.31005859375,287.674,0.2,101.3907
2022-03-14,2088.489013671875,4173.10986328125,287.674,0.2,101.3907
2022-03-15,2079.388916015625,4262.4501953125,287.674,0.2,101.3907
2022-03-16,2088.7890625,4357.85986328125,287.674,0.2,101.3907
2022-03-17,2133.5888671875,4411.669921875,287.674,0.2,101.3907
2022-03-18,2144.28857421875,4463.1201171875,287.674,0.2,101.3907
2022-03-21,2174.988525390625,4461.18017578125,287.674,0.2,101.3907
2022-03-22,2188.788330078125,4511.60986328125,287.674,0.2,101.3907
2022-03-23,2183.088623046875,4456.240234375,287.674,0.2,101.3907
2022-03-24,2176.1884765625,4520.16015625,287.674,0.2,101.3907
2022-03-25,2175.488525390625,4543.06005859375,287.674,0.2,101.3907
2022-03-28,2172.488525390625,4575.52001953125,287.674,0.2,101.3907
2022-03-29,2206.48828125,4631.60009765625,287.674,0.2,101.3907
2022-03-30,2230.188232421875,4602.4501953125,287.674,0.2,101.3907
2022-03-31,2233.2880859375,4530.41015625,287.674,0.2,101.3907
2022-04-01,2251.68798828125,4545.85986328125,288.561,0.33,101.44
2022-04-04,2311.3876953125,4582.64013671875,288.561,0.33,101.44
2022-04-05,2326.28759765625,4525.1201171875,288.561,0.33,101.44
2022-04-06,2316.3876953125,4481.14990234375,288.561,0.33,101.44
2022-04-07,2345.1875,4500.2099609375,288.561,0.33,101.44
2022-04-08,2393.38720703125,4488.27978515625,288.561,0.33,101.44
2022-04-11,2449.087158203125,4412.52978515625,288.561,0.33,101.44
2022-04-12,2463.786865234375,4397.4501953125,288.561,0.33,101.44
2022-04-13,2460.386962890625,4446.58984375,288.561,0.33,101.44
2022-04-14,2475.38671875,4392.58984375,288.561,0.33,101.44
2022-04-15,2494.38671875,4392.58984375,288.561,0.33,101.44
2022-04-18,2510.28662109375,4391.68994140625,288.561,0.33,101.44
2022-04-19,2519.1865234375,4462.2099609375,288.561,0.33,101.44
2022-04-20,2525.886474609375,4459.4501953125,288.561,0.33,101.44
2022-04-21,2556.786376953125,4393.66015625,288.561,0.33,101.44
2022-04-22,2472.48681640625,4271.77978515625,288.561,0.33,101.44
2022-04-25,2482.5869140625,4296.1201171875,288.561,0.33,101.44
2022-04-26,2418.287109375,4175.2001953125,288.561,0.33,101.44
2022-04-27,2451.386962890625,4183.9599609375,288.561,0.33,101.44
2022-04-28,2428.386962890625,4287.5,288.561,0.33,101.44
2022-04-29,2430.587158203125,4131.93017578125,288.561,0.33,101.44
2022-05-02,2430.587158203125,4155.3798828125,291.298,0.77,101.3335
2022-05-03,2430.587158203125,4175.47998046875,291.298,0.77,101.3335
2022-05-04,2430.587158203125,4300.169921875,291.298,0.77,101.3335
2022-05-05,2466.286865234375,4146.8701171875,291.298,0.77,101.3335
2022-05-06,2458.68701171875,4123.33984375,291.298,0.77,101.3335
2022-05-09,2465.686767578125,3991.239990234375,291.298,0.77,101.3335
2022-05-10,2490.186767578125,4001.050048828125,291.298,0.77,101.3335
2022-05-11,2453.886962890625,3935.179931640625,291.298,0.77,101.3335
2022-05-12,2390.9873046875,3930.080078125,291.298,0.77,101.3335
2022-05-13,2419.18701171875,4023.889892578125,291.298,0.77,101.3335
2022-05-16,2390.787353515625,4008.010009765625,291.298,0.77,101.3335
2022-05-17,2394.787353515625,4088.85009765625,291.298,0.77,101.3335
2022-05-18,2393.58740234375,3923.679931640625,291.298,0.77,101.3335
2022-05-19,2393.58740234375,3900.7900390625,291.298,0.77,101.3335
2022-05-20,2372.38720703125,3901.360107421875,291.298,0.77,101.3335
2022-05-23,2380.88720703125,3973.75,291.298,0.77,101.3335
2022-05-24,2374.9873046875,3941.47998046875,291.298,0.77,101.3335
2022-05-25,2418.087158203125,3978.72998046875,291.298,0.77,101.3335
2022-05-26,2450.787109375,4057.840087890625,291.298,0.77,101.3335
2022-05-27,2438.787109375,4158.240234375,291.298,0.77,101.3335
2022-05-30,2527.1865234375,4158.240234375,291.298,0.77,101.3335
2022-05-31,2547.086669921875,4132.14990234375,291.298,0.77,101.3335
2022-06-01,2568.786376953125,4101.22998046875,294.957,1.21,101.018
2022-06-02,2601.586181640625,4176.81982421875,294.957,1.21,101.018
2022-06-03,2601.2861328125,4108.5400390625,294.957,1.21,101.018
2022-06-06,2648.0859375,4121.43017578125,294.957,1.21,101.018
2022-06-07,2648.185791015625,4160.68017578125,294.957,1.21,101.018
2022-06-08,2540.386474609375,4115.77001953125,294.957,1.21,101.018
2022-06-09,2571.58642578125,4017.820068359375,294.957,1.21,101.018
2022-06-10,2543.086669921875,3900.860107421875,294.957,1.21,101.018
2022-06-13,2510.086669921875,3749.6298828125,294.957,1.21,101.018
2022-06-14,2508.886474609375,3735.47998046875,294.957,1.21,101.018
2022-06-15,2531.086669921875,3789.989990234375,294.957,1.21,101.018
2022-06-16,2485.38671875,3666.77001953125,294.957,1.21,101.018
2022-06-17,2533.28662109375,3674.840087890625,294.957,1.21,101.018
2022-06-20,2539.1865234375,3674.840087890625,294.957,1.21,101.018
2022-06-21,2575.88623046875,3764.7900390625,294.957,1.21,101.018
2022-06-22,2574.286376953125,3759.889892578125,294.957,1.21,101.018
2022-06-23,2543.1865234375,3795.72998046875,294.957,1.21,101.018
2022-06-24,2554.086669921875,3911.739990234375,294.957,1.21,101.018
2022-06-27,2529.28662109375,3900.110107421875,294.957,1.21,101.018
2022-06-28,2490.186767578125,3821.550048828125,294.957,1.21,101.018
2022-06-29,2401.9873046875,3818.830078125,294.957,1.21,101.018
2022-06-30,2405.38720703125,3785.3798828125,294.957,1.21,101.018
2022-07-01,2443.787109375,3825.330078125,294.913,1.68,101.223
2022-07-04,2405.9873046875,3825.330078125,294.913,1.68,101.223
2022-07-05,2371.287353515625,3831.389892578125,294.913,1.68,101.223
2022-07-06,2408.187255859375,3845.080078125,294.913,1.68,101.223
2022-07-07,2425.587158203125,3902.6201171875,294.913,1.68,101.223
2022-07-08,2433.987060546875,3899.3798828125,294.913,1.68,101.223
2022-07-11,2433.987060546875,3854.429931640625,294.913,1.68,101.223
2022-07-12,2433.987060546875,3818.800048828125,294.913,1.68,101.223
2022-07-13,2408.08740234375,3801.780029296875,294.913,1.68,101.223
2022-07-14,2382.38720703125,3790.3798828125,294.913,1.68,101.223
2022-07-15,2382.38720703125,3863.159912109375,294.913,1.68,101.223
2022-07-18,2451.287109375,3830.85009765625,294.913,1.68,101.223
2022-07-19,2501.98681640625,3936.68994140625,294.913,1.68,101.223
2022-07-20,2525.1865234375,3959.89990234375,294.913,1.68,101.223
2022-07-21,2511.386474609375,3998.949951171875,294.913,1.68,101.223
2022-07-22,2516.586669921875,3961.6298828125,294.913,1.68,101.223
2022-07-25,2548.486572265625,3966.840087890625,294.913,1.68,101.223
2022-07-26,2537.086669921875,3921.050048828125,294.913,1.68,101.223
2022-07-27,2544.086669921875,4023.610107421875,294.913,1.68,101.223
2022-07-28,2543.28662109375,4072.429931640625,294.913,1.68,101.223
2022-07-29,2592.38623046875,4130.2900390625,294.913,1.68,101.223
2022-08-01,2656.285888671875,4118.6298828125,295.097,2.33,101.0963
2022-08-02,2647.5859375,4091.18994140625,295.097,2.33,101.0963
2022-08-03,2684.48583984375,4155.169921875,295.097,2.33,101.0963
2022-08-04,2723.685546875,4151.93994140625,295.097,2.33,101.0963
2022-08-05,2750.4853515625,4145.18994140625,295.097,2.33,101.0963
2022-08-08,2795.085205078125,4140.06005859375,295.097,2.33,101.0963
2022-08-09,2785.18505859375,4122.47021484375,295.097,2.33,101.0963
2022-08-10,2829.585205078125,4210.240234375,295.097,2.33,101.0963
2022-08-11,2868.384765625,4207.27001953125,295.097,2.33,101.0963
2022-08-12,2864.284912109375,4280.14990234375,295.097,2.33,101.0963
2022-08-15,2857.184814453125,4297.14013671875,295.097,2.33,101.0963
2022-08-16,2913.28466796875,4305.2001953125,295.097,2.33,101.0963
2022-08-17,2979.984130859375,4274.0400390625,295.097,2.33,101.0963
2022-08-18,3019.98388671875,4283.740234375,295.097,2.33,101.0963
2022-08-19,3020.183837890625,4228.47998046875,295.097,2.33,101.0963
2022-08-22,3062.483642578125,4137.990234375,295.097,2.33,101.0963
2022-08-23,3121.4833984375,4128.72998046875,295.097,2.33,101.0963
2022-08-24,3060.283935546875,4140.77001953125,295.097,2.33,101.0963
2022-08-25,3136.783447265625,4199.1201171875,295.097,2.33,101.0963
2022-08-26,3146.08349609375,4057.659912109375,295.097,2.33,101.0963
2022-08-29,3164.983154296875,4030.610107421875,295.097,2.33,101.0963
2022-08-30,3164.983154296875,3986.159912109375,295.097,2.33,101.0963
2022-08-31,3171.18310546875,3955.0,295.097,2.33,101.0963
2022-09-01,3142.683349609375,3966.85009765625,296.349,2.56,101.2918
2022-09-02,3222.682861328125,3924.260009765625,296.349,2.56,101.2918
2022-09-05,3358.382080078125,3924.260009765625,296.349,2.56,101.2918
2022-09-06,3391.3818359375,3908.18994140625,296.349,2.56,101.2918
2022-09-07,3402.781982421875,3979.8701171875,296.349,2.56,101.2918
2022-09-08,3437.381591796875,4006.179931640625,296.349,2.56,101.2918
2022-09-09,3521.381103515625,4067.360107421875,296.349,2.56,101.2918
2022-09-12,3649.1806640625,4110.41015625,296.349,2.56,101.2918
2022-09-13,3426.8818359375,3932.68994140625,296.349,2.56,101.2918
2022-09-14,3446.981689453125,3946.010009765625,296.349,2.56,101.2918
2022-09-15,3363.082275390625,3901.35009765625,296.349,2.56,101.2918
2022-09-16,3377.2822265625,3873.330078125,296.349,2.56,101.2918
2022-09-19,3199.48291015625,3899.889892578125,296.349,2.56,101.2918
2022-09-20,3277.482666015625,3855.929931640625,296.349,2.56,101.2918
2022-09-21,3245.78271484375,3789.929931640625,296.349,2.56,101.2918
2022-09-22,3295.282470703125,3757.989990234375,296.349,2.56,101.2918
2022-09-23,3281.582763671875,3693.22998046875,296.349,2.56,101.2918
2022-09-26,3260.1826171875,3655.0400390625,296.349,2.56,101.2918
2022-09-27,3265.582763671875,3647.2900390625,296.349,2.56,101.2918
2022-09-28,3198.18310546875,3719.0400390625,296.349,2.56,101.2918
2022-09-29,3146.88330078125,3640.469970703125,296.349,2.56,101.2918
2022-09-30,3179.983154296875,3585.6201171875,296.349,2.56,101.2918
2022-10-03,3392.08203125,3678.429931640625,298.007,3.08,101.2529
2022-10-04,3457.981689453125,3790.929931640625,298.007,3.08,101.2529
2022-10-05,3484.38134765625,3783.280029296875,298.007,3.08,101.2529
2022-10-06,3553.881103515625,3744.52001953125,298.007,3.08,101.2529
2022-10-07,3567.5810546875,3639.659912109375,298.007,3.08,101.2529
2022-10-10,3581.98095703125,3612.389892578125,298.007,3.08,101.2529
2022-10-11,3571.5810546875,3588.840087890625,298.007,3.08,101.2529
2022-10-12,3517.781494140625,3577.030029296875,298.007,3.08,101.2529
2022-10-13,3553.381103515625,3669.909912109375,298.007,3.08,101.2529
2022-10-14,3626.980712890625,3583.070068359375,298.007,3.08,101.2529
2022-10-17,3847.57958984375,3677.949951171875,298.007,3.08,101.2529
2022-10-18,3841.579833984375,3719.97998046875,298.007,3.08,101.2529
2022-10-19,3880.279541015625,3695.159912109375,298.007,3.08,101.2529
2022-10-20,3900.879150390625,3665.780029296875,298.007,3.08,101.2529
2022-10-21,3934.579345703125,3752.75,298.007,3.08,101.2529
2022-10-24,3977.47900390625,3797.340087890625,298.007,3.08,101.2529
2022-10-25,3974.97900390625,3859.110107421875,298.007,3.08,101.2529
2022-10-26,3976.37890625,3830.60009765625,298.007,3.08,101.2529
2022-10-27,3934.479248046875,3807.300048828125,298.007,3.08,101.2529
2022-10-28,3878.9794921875,3901.06005859375,298.007,3.08,101.2529
2022-10-31,3978.97900390625,3871.97998046875,298.007,3.08,101.2529
2022-11-01,4054.678466796875,3856.10009765625,298.786,3.78,100.9552
2022-11-02,4071.87841796875,3759.68994140625,298.786,3.78,100.9552
2022-11-03,4105.47802734375,3719.889892578125,298.786,3.78,100.9552
2022-11-04,4216.9775390625,3770.550048828125,298.786,3.78,100.9552
2022-11-07,4331.67724609375,3806.800048828125,298.786,3.78,100.9552
2022-11-08,4360.27685546875,3828.110107421875,298.786,3.78,100.9552
2022-11-09,4360.97705078125,3748.570068359375,298.786,3.78,100.9552
2022-11-10,4467.076171875,3956.3701171875,298.786,3.78,100.9552
2022-11-11,4455.4765625,3992.929931640625,298.786,3.78,100.9552
2022-11-14,4570.17578125,3957.25,298.786,3.78,100.9552
2022-11-15,4656.97509765625,3991.72998046875,298.786,3.78,100.9552
2022-11-16,4668.47509765625,3958.7900390625,298.786,3.78,100.9552
2022-11-17,4507.17626953125,3946.56005859375,298.786,3.78,100.9552
2022-11-18,4526.67626953125,3965.340087890625,298.786,3.78,100.9552
2022-11-21,4570.275390625,3949.93994140625,298.786,3.78,100.9552
2022-11-22,4780.6748046875,4003.580078125,298.786,3.78,100.9552
2022-11-23,4854.17431640625,4027.260009765625,298.786,3.78,100.9552
2022-11-24,4858.17431640625,4027.260009765625,298.786,3.78,100.9552
2022-11-25,4874.27392578125,4026.1201171875,298.786,3.78,100.9552
2022-11-28,4923.17431640625,3963.93994140625,298.786,3.78,100.9552
2022-11-29,4962.4736328125,3957.6298828125,298.786,3.78,100.9552
2022-11-30,4977.57373046875,4080.110107421875,298.786,3.78,100.9552
2022-12-01,5046.17333984375,4076.570068359375,298.832,4.1,99.7664
2022-12-02,4962.9736328125,4071.699951171875,298.832,4.1,99.7664
2022-12-05,4957.7734375,3998.840087890625,298.832,4.1,99.7664
2022-12-06,5000.07373046875,3941.260009765625,298.832,4.1,99.7664
2022-12-07,4826.974609375,3933.919921875,298.832,4.1,99.7664
2022-12-08,4855.8740234375,3963.510009765625,298.832,4.1,99.7664
2022-12-09,5005.2734375,3934.3798828125,298.832,4.1,99.7664
2022-12-12,5193.2724609375,3990.56005859375,298.832,4.1,99.7664
2022-12-13,5256.17236328125,4019.64990234375,298.832,4.1,99.7664
2022-12-14,5066.47314453125,3995.320068359375,298.832,4.1,99.7664
2022-12-15,5188.7724609375,3895.75,298.832,4.1,99.7664
2022-12-16,5214.27197265625,3852.360107421875,298.832,4.1,99.7664
2022-12-19,5391.87109375,3817.659912109375,298.832,4.1,99.7664
2022-12-20,5418.97119140625,3821.6201171875,298.832,4.1,99.7664
2022-12-21,5429.0712890625,3878.43994140625,298.832,4.1,99.7664
2022-12-22,5447.17138671875,3822.389892578125,298.832,4.1,99.7664
2022-12-23,5454.77099609375,3844.820068359375,298.832,4.1,99.7664
2022-12-26,5504.07080078125,3844.820068359375,298.832,4.1,99.7664
2022-12-27,5434.47119140625,3829.25,298.832,4.1,99.7664
2022-12-28,5345.57177734375,3783.219970703125,298.832,4.1,99.7664
2022-12-29,5476.87060546875,3849.280029296875,298.832,4.1,99.7664
2022-12-30,5509.1708984375,3839.5,298.832,4.1,99.7664
2023-01-02,5661.06982421875,3839.5,300.42,4.33,100.505
2023-01-03,5626.5703125,3824.139892578125,300.42,4.33,100.505
2023-01-04,5523.470703125,3852.969970703125,300.42,4.33,100.505
2023-01-05,5116.37255859375,3808.10009765625,300.42,4.33,100.505
2023-01-06,5341.9716796875,3895.080078125,300.42,4.33,100.505
2023-01-09,5170.97265625,3892.090087890625,300.42,4.33,100.505
2023-01-10,4987.9736328125,3919.25,300.42,4.33,100.505
2023-01-11,4728.875,3969.610107421875,300.42,4.33,100.505
2023-01-12,4970.673828125,3983.169921875,300.42,4.33,100.505
2023-01-13,4984.87353515625,3999.090087890625,300.42,4.33,100.505
2023-01-16,5207.67236328125,3999.090087890625,300.42,4.33,100.505
2023-01-17,5314.9716796875,3990.969970703125,300.42,4.33,100.505
2023-01-18,5384.171875,3928.860107421875,300.42,4.33,100.505
2023-01-19,5422.37109375,3898.85009765625,300.42,4.33,100.505
2023-01-20,5490.2705078125,3972.610107421875,300.42,4.33,100.505
2023-01-23,5404.37109375,4019.81005859375,300.42,4.33,100.505
2023-01-24,5366.4716796875,4016.949951171875,300.42,4.33,100.505
2023-01-25,5297.771484375,4016.219970703125,300.42,4.33,100.505
2023-01-26,5230.97216796875,4060.429931640625,300.42,4.33,100.505
2023-01-27,5191.7724609375,4070.56005859375,300.42,4.33,100.505
2023-01-30,5096.27294921875,4017.77001953125,300.42,4.33,100.505
2023-01-31,4976.57373046875,4076.60009765625,300.42,4.33,100.505
2023-02-01,4713.375,4119.2099609375,301.45,4.57,100.6416
2023-02-02,4752.1748046875,4179.759765625,301.45,4.57,100.6416
2023-02-03,4997.57373046875,4136.47998046875,301.45,4.57,100.6416
2023-02-06,4930.173828125,4111.080078125,301.45,4.57,100.6416
2023-02-07,4505.27587890625,4164.0,301.45,4.57,100.6416
2023-02-08,4505.27587890625,4117.85986328125,301.45,4.57,100.6416
2023-02-09,4505.27587890625,4081.5,301.45,4.57,100.6416
2023-02-10,4505.27587890625,4090.4599609375,301.45,4.57,100.6416
2023-02-13,4505.27587890625,4137.2900390625,301.45,4.57,100.6416
2023-02-14,4505.27587890625,4136.1298828125,301.45,4.57,100.6416
2023-02-15,4950.4736328125,4147.60009765625,301.45,4.57,100.6416
2023-02-16,5008.57373046875,4090.409912109375,301.45,4.57,100.6416
2023-02-17,5026.77294921875,4079.090087890625,301.45,4.57,100.6416
2023-02-20,5148.87255859375,4079.090087890625,301.45,4.57,100.6416
2023-02-21,5149.37255859375,3997.340087890625,301.45,4.57,100.6416
2023-02-22,5071.373046875,3991.050048828125,301.45,4.57,100.6416
2023-02-23,5086.17333984375,4012.320068359375,301.45,4.57,100.6416
2023-02-24,5058.77294921875,3970.0400390625,301.45,4.57,100.6416
2023-02-27,5197.37255859375,3982.239990234375,301.45,4.57,100.6416
2023-02-28,5237.27197265625,3970.14990234375,301.45,4.57,100.6416
2023-03-01,5322.671875,3951.389892578125,301.821,4.65,101.0205
2023-03-02,5261.3720703125,3981.35009765625,301.821,4.65,101.0205
2023-03-03,5212.3720703125,4045.639892578125,301.821,4.65,101.0205
2023-03-06,5392.27099609375,4048.419921875,301.821,4.65,101.0205
2023-03-07,5381.87158203125,3986.3701171875,301.821,4.65,101.0205
2023-03-08,5438.37109375,3992.010009765625,301.821,4.65,101.0205
2023-03-09,5446.17138671875,3918.320068359375,301.821,4.65,101.0205
2023-03-10,5384.57177734375,3861.590087890625,301.821,4.65,101.0205
2023-03-13,5323.171875,3855.760009765625,301.821,4.65,101.0205
2023-03-14,5207.27197265625,3919.2900390625,301.821,4.65,101.0205
2023-03-15,5121.57275390625,3891.929931640625,301.821,4.65,101.0205
2023-03-16,5229.572265625,3960.280029296875,301.821,4.65,101.0205
2023-03-17,5136.37255859375,3916.639892578125,301.821,4.65,101.0205
2023-03-20,4975.4736328125,3951.570068359375,301.821,4.65,101.0205
2023-03-21,4906.57421875,4002.8701171875,301.821,4.65,101.0205
2023-03-22,5001.07373046875,3936.969970703125,301.821,4.65,101.0205
2023-03-23,5061.97314453125,3948.719970703125,301.821,4.65,101.0205
2023-03-24,5031.97314453125,3970.989990234375,301.821,4.65,101.0205
2023-03-27,4997.7734375,3977.530029296875,301.821,4.65,101.0205
2023-03-28,4811.474609375,3971.27001953125,301.821,4.65,101.0205
2023-03-29,4943.173828125,4027.81005859375,301.821,4.65,101.0205
2023-03-30,4896.07421875,4050.830078125,301.821,4.65,101.0205
2023-03-31,4812.87451171875,4109.31005859375,301.821,4.65,101.0205
2023-04-03,4839.47412109375,4124.509765625,302.845,4.83,101.253
2023-04-04,4984.07373046875,4100.60009765625,302.845,4.83,101.253
2023-04-05,4919.8740234375,4090.3798828125,302.845,4.83,101.253
2023-04-06,4912.77392578125,4105.02001953125,302.845,4.83,101.253
2023-04-07,4924.57373046875,4105.02001953125,302.845,4.83,101.253
2023-04-10,5092.27294921875,4109.10986328125,302.845,4.83,101.253
2023-04-11,5124.2724609375,4108.93994140625,302.845,4.83,101.253
2023-04-12,5146.07275390625,4091.949951171875,302.845,4.83,101.253
2023-04-13,5135.57275390625,4146.22021484375,302.845,4.83,101.253
2023-04-14,5092.873046875,4137.64013671875,302.845,4.83,101.253
2023-04-17,5059.373046875,4151.31982421875,302.845,4.83,101.253
2023-04-18,5018.67333984375,4154.8701171875,302.845,4.83,101.253
2023-04-19,5061.17333984375,4154.52001953125,302.845,4.83,101.253
2023-04-20,5012.2734375,4129.7900390625,302.845,4.83,101.253
2023-04-21,5012.2734375,4133.52001953125,302.845,4.83,101.253
2023-04-24,5022.77294921875,4137.0400390625,302.845,4.83,101.253
2023-04-25,4890.97412109375,4071.6298828125,302.845,4.83,101.253
2023-04-26,4783.474609375,4055.989990234375,302.845,4.83,101.253
2023-04-27,4789.57470703125,4135.35009765625,302.845,4.83,101.253
2023-04-28,4617.87548828125,4169.47998046875,302.845,4.83,101.253
2023-05-01,4617.87548828125,4167.8701171875,303.334,5.06,100.9286
2023-05-02,4506.17626953125,4119.580078125,303.334,5.06,100.9286
2023-05-03,4485.97607421875,4090.75,303.334,5.06,100.9286
2023-05-04,4484.3759765625,4061.219970703125,303.334,5.06,100.9286
2023-05-05,4400.7763671875,4136.25,303.334,5.06,100.9286
2023-05-08,4561.87548828125,4138.1201171875,303.334,5.06,100.9286
2023-05-09,4536.17626953125,4119.169921875,303.334,5.06,100.9286
2023-05-10,4494.47607421875,4137.64013671875,303.334,5.06,100.9286
2023-05-11,4847.97412109375,4130.6201171875,303.334,5.06,100.9286
2023-05-12,4795.57470703125,4124.080078125,303.334,5.06,100.9286
2023-05-15,4501.17626953125,4136.27978515625,303.334,5.06,100.9286
2023-05-16,4589.67578125,4109.89990234375,303.334,5.06,100.9286
2023-05-17,4661.67529296875,4158.77001953125,303.334,5.06,100.9286
2023-05-18,4501.67626953125,4198.0498046875,303.334,5.06,100.9286
2023-05-19,4501.67626953125,4191.97998046875,303.334,5.06,100.9286
2023-05-22,4466.17626953125,4192.6298828125,303.334,5.06,100.9286
2023-05-23,4470.97607421875,4145.580078125,303.334,5.06,100.9286
2023-05-24,4424.87646484375,4115.240234375,303.334,5.06,100.9286
2023-05-25,4427.9765625,4151.27978515625,303.334,5.06,100.9286
2023-05-26,4580.67578125,4205.4501953125,303.334,5.06,100.9286
2023-05-29,4768.57470703125,4205.4501953125,303.334,5.06,100.9286
2023-05-30,4951.37353515625,4205.52001953125,303.334,5.06,100.9286
2023-05-31,4886.8740234375,4179.830078125,303.334,5.06,100.9286
2023-06-01,4959.7734375,4221.02001953125,304.014,5.08,100.1196
2023-06-02,5114.97265625,4282.3701171875,304.014,5.08,100.1196
2023-06-05,5372.671875,4273.7900390625,304.014,5.08,100.1196
2023-06-06,5388.77099609375,4283.85009765625,304.014,5.08,100.1196
2023-06-07,5561.1708984375,4267.52001953125,304.014,5.08,100.1196
2023-06-08,5553.970703125,4293.93017578125,304.014,5.08,100.1196
2023-06-09,5626.47021484375,4298.85986328125,304.014,5.08,100.1196
2023-06-12,5588.97021484375,4338.93017578125,304.014,5.08,100.1196
2023-06-13,5429.0712890625,4369.009765625,304.014,5.08,100.1196
2023-06-14,5360.771484375,4372.58984375,304.014,5.08,100.1196
2023-06-15,5495.470703125,4425.83984375,304.014,5.08,100.1196
2023-06-16,5475.47119140625,4409.58984375,304.014,5.08,100.1196
2023-06-19,5269.27197265625,4409.58984375,304.014,5.08,100.1196
2023-06-20,5251.572265625,4388.7099609375,304.014,5.08,100.1196
2023-06-21,5186.7724609375,4365.68994140625,304.014,5.08,100.1196
2023-06-22,5428.27099609375,4381.89013671875,304.014,5.08,100.1196
2023-06-23,5582.77001953125,4348.330078125,304.014,5.08,100.1196
2023-06-26,5732.86962890625,4328.81982421875,304.014,5.08,100.1196
2023-06-27,5759.0693359375,4378.41015625,304.014,5.08,100.1196
2023-06-28,5759.0693359375,4376.85986328125,304.014,5.08,100.1196
2023-06-29,5759.0693359375,4396.43994140625,304.014,5.08,100.1196
2023-06-30,5759.0693359375,4450.3798828125,304.014,5.08,100.1196
2023-07-03,6015.26806640625,4455.58984375,304.609,5.12,100.9067
2023-07-04,6003.8681640625,4455.58984375,304.609,5.12,100.9067
2023-07-05,6106.767578125,4446.81982421875,304.609,5.12,100.9067
2023-07-06,6141.0673828125,4411.58984375,304.609,5.12,100.9067
2023-07-07,6187.0673828125,4398.9501953125,304.609,5.12,100.9067
2023-07-10,6270.36669921875,4409.52978515625,304.609,5.12,100.9067
2023-07-11,6362.8662109375,4439.259765625,304.609,5.12,100.9067
2023-07-12,6342.06640625,4472.16015625,304.609,5.12,100.9067
2023-07-13,6368.3662109375,4510.0400390625,304.609,5.12,100.9067
2023-07-14,6437.666015625,4505.419921875,304.609,5.12,100.9067
2023-07-17,6600.46484375,4522.7900390625,304.609,5.12,100.9067
2023-07-18,6364.96630859375,4554.97998046875,304.609,5.12,100.9067
2023-07-19,6571.26513671875,4565.72021484375,304.609,5.12,100.9067
2023-07-20,6682.064453125,4534.8701171875,304.609,5.12,100.9067
2023-07-21,6687.76416015625,4536.33984375,304.609,5.12,100.9067
2023-07-24,6695.064453125,4554.64013671875,304.609,5.12,100.9067
2023-07-25,6604.96484375,4567.4599609375,304.609,5.12,100.9067
2023-07-26,6743.8642578125,4566.75,304.609,5.12,100.9067
2023-07-27,6856.06396484375,4537.41015625,304.609,5.12,100.9067
2023-07-28,7067.26220703125,4582.22998046875,304.609,5.12,100.9067
2023-07-31,7216.9619140625,4588.9599609375,304.609,5.12,100.9067
2023-08-01,7168.4619140625,4576.72998046875,306.082,5.33,100.8393
2023-08-02,7258.46142578125,4513.39013671875,306.082,5.33,100.8393
2023-08-03,7221.4619140625,4501.89013671875,306.082,5.33,100.8393
2023-08-04,7400.56103515625,4478.02978515625,306.082,5.33,100.8393
2023-08-07,7470.060546875,4518.43994140625,306.082,5.33,100.8393
2023-08-08,7412.16064453125,4499.3798828125,306.082,5.33,100.8393
2023-08-09,7600.65966796875,4467.7099609375,306.082,5.33,100.8393
2023-08-10,7441.46044921875,4468.830078125,306.082,5.33,100.8393
2023-08-11,7714.35888671875,4464.0498046875,306.082,5.33,100.8393
2023-08-14,7737.35888671875,4489.72021484375,306.082,5.33,100.8393
2023-08-15,7690.7587890625,4437.85986328125,306.082,5.33,100.8393
2023-08-16,7662.25927734375,4404.330078125,306.082,5.33,100.8393
2023-08-17,7764.458984375,4370.35986328125,306.082,5.33,100.8393
2023-08-18,7513.259765625,4369.7099609375,306.082,5.33,100.8393
2023-08-21,7796.65869140625,4399.77001953125,306.082,5.33,100.8393
2023-08-22,7771.2587890625,4387.5498046875,306.082,5.33,100.8393
2023-08-23,7602.15966796875,4436.009765625,306.082,5.33,100.8393
2023-08-24,7491.8603515625,4376.31005859375,306.082,5.33,100.8393
2023-08-25,7716.6591796875,4405.7099609375,306.082,5.33,100.8393
2023-08-28,7941.658203125,4433.31005859375,306.082,5.33,100.8393
2023-08-29,7907.05810546875,4497.6298828125,306.082,5.33,100.8393
2023-08-30,7907.05810546875,4514.8701171875,306.082,5.33,100.8393
2023-08-31,7917.85791015625,4507.66015625,306.082,5.33,100.8393
2023-09-01,8056.05712890625,4515.77001953125,307.276,5.33,101.0211
2023-09-04,8141.2568359375,4515.77001953125,307.276,5.33,101.0211
2023-09-05,8236.0556640625,4496.830078125,307.276,5.33,101.0211
2023-09-06,8181.65673828125,4465.47998046875,307.276,5.33,101.0211
2023-09-07,8337.65625,4451.14013671875,307.276,5.33,101.0211
2023-09-08,8325.255859375,4457.490234375,307.276,5.33,101.0211
2023-09-11,8146.45654296875,4487.4599609375,307.276,5.33,101.0211
2023-09-12,8159.8564453125,4461.89990234375,307.276,5.33,101.0211
2023-09-13,8013.857421875,4467.43994140625,307.276,5.33,101.0211
2023-09-14,8118.7568359375,4505.10009765625,307.276,5.33,101.0211
2023-09-15,7961.95751953125,4450.31982421875,307.276,5.33,101.0211
2023-09-18,7680.359375,4453.52978515625,307.276,5.33,101.0211
2023-09-19,7783.95849609375,4443.9501953125,307.276,5.33,101.0211
2023-09-20,7719.7587890625,4402.2001953125,307.276,5.33,101.0211
2023-09-21,8000.45751953125,4330.0,307.276,5.33,101.0211
2023-09-22,8039.15771484375,4320.06005859375,307.276,5.33,101.0211
2023-09-25,8304.755859375,4337.43994140625,307.276,5.33,101.0211
2023-09-26,8242.255859375,4273.52978515625,307.276,5.33,101.0211
2023-09-27,8213.755859375,4274.509765625,307.276,5.33,101.0211
2023-09-28,8218.65625,4299.7001953125,307.276,5.33,101.0211
2023-09-29,8334.8564453125,4288.0498046875,307.276,5.33,101.0211
2023-10-02,8486.955078125,4288.39013671875,307.696,5.33,100.4689
2023-10-03,8513.455078125,4229.4501953125,307.696,5.33,100.4689
2023-10-04,8333.0556640625,4263.75,307.696,5.33,100.4689
2023-10-05,8487.955078125,4258.18994140625,307.696,5.33,100.4689
2023-10-06,8464.85546875,4308.5,307.696,5.33,100.4689
2023-10-09,8193.3564453125,4335.66015625,307.696,5.33,100.4689
2023-10-10,8442.7548828125,4358.240234375,307.696,5.33,100.4689
2023-10-11,8330.5556640625,4376.9501953125,307.696,5.33,100.4689
2023-10-12,8259.255859375,4349.60986328125,307.696,5.33,100.4689
2023-10-13,8113.2568359375,4327.77978515625,307.696,5.33,100.4689
2023-10-16,7934.55810546875,4373.6298828125,307.696,5.33,100.4689
2023-10-17,8114.95703125,4373.2001953125,307.696,5.33,100.4689
2023-10-18,7842.65869140625,4314.60009765625,307.696,5.33,100.4689
2023-10-19,7768.958984375,4278.0,307.696,5.33,100.4689
2023-10-20,7510.66015625,4224.16015625,307.696,5.33,100.4689
2023-10-23,7750.35888671875,4217.0400390625,307.696,5.33,100.4689
2023-10-24,7990.357421875,4247.68017578125,307.696,5.33,100.4689
2023-10-25,7424.96044921875,4186.77001953125,307.696,5.33,100.4689
2023-10-26,7662.0595703125,4137.22998046875,307.696,5.33,100.4689
2023-10-27,7706.35888671875,4117.3701171875,307.696,5.33,100.4689
2023-10-30,7712.85888671875,4166.81982421875,307.696,5.33,100.4689
2023-10-31,7514.06005859375,4193.7998046875,307.696,5.33,100.4689
2023-11-01,7528.56005859375,4237.85986328125,308.148,5.33,100.8639
2023-11-02,7663.5595703125,4317.77978515625,308.148,5.33,100.8639
2023-11-03,7705.958984375,4358.33984375,308.148,5.33,100.8639
2023-11-06,7867.95849609375,4365.97998046875,308.148,5.33,100.8639
2023-11-07,7844.75830078125,4378.3798828125,308.148,5.33,100.8639
2023-11-08,7860.8583984375,4382.77978515625,308.148,5.33,100.8639
2023-11-09,7841.45849609375,4347.35009765625,308.148,5.33,100.8639
2023-11-10,7771.2587890625,4415.240234375,308.148,5.33,100.8639
2023-11-13,7568.259765625,4411.5498046875,308.148,5.33,100.8639
2023-11-14,7671.0595703125,4495.7001953125,308.148,5.33,100.8639
2023-11-15,7665.859375,4502.8798828125,308.148,5.33,100.8639
2023-11-16,7780.65869140625,4508.240234375,308.148,5.33,100.8639
2023-11-17,7853.3583984375,4514.02001953125,308.148,5.33,100.8639
2023-11-20,7946.35791015625,4547.3798828125,308.148,5.33,100.8639
2023-11-21,8046.5576171875,4538.18994140625,308.148,5.33,100.8639
2023-11-22,7986.95751953125,4556.6201171875,308.148,5.33,100.8639
2023-11-23,7898.55810546875,4556.6201171875,308.148,5.33,100.8639
2023-11-24,7959.9580078125,4559.33984375,308.148,5.33,100.8639
2023-11-27,8107.1572265625,4550.43017578125,308.148,5.33,100.8639
2023-11-28,8093.45703125,4554.89013671875,308.148,5.33,100.8639
2023-11-29,8009.25732421875,4550.580078125,308.148,5.33,100.8639
2023-11-30,7948.55810546875,4567.7998046875,308.148,5.33,100.8639
2023-12-01,8026.25732421875,4594.6298828125,308.741,5.33,100.6031
2023-12-04,8087.1572265625,4569.77978515625,308.741,5.33,100.6031
2023-12-05,8057.35693359375,4567.18017578125,308.741,5.33,100.6031
2023-12-06,7855.05859375,4549.33984375,308.741,5.33,100.6031
2023-12-07,7978.75732421875,4585.58984375,308.741,5.33,100.6031
2023-12-08,7913.7578125,4604.3701171875,308.741,5.33,100.6031
2023-12-11,7728.35888671875,4622.43994140625,308.741,5.33,100.6031
2023-12-12,7748.85888671875,4643.7001953125,308.741,5.33,100.6031
2023-12-13,7529.259765625,4707.08984375,308.741,5.33,100.6031
2023-12-14,7813.3583984375,4719.5498046875,308.741,5.33,100.6031
2023-12-15,7993.857421875,4719.18994140625,308.741,5.33,100.6031
2023-12-18,7790.3583984375,4740.56005859375,308.741,5.33,100.6031
2023-12-19,7725.85888671875,4768.3701171875,308.741,5.33,100.6031
2023-12-20,7662.859375,4698.35009765625,308.741,5.33,100.6031
2023-12-21,7764.958984375,4746.75,308.741,5.33,100.6031
2023-12-22,7557.56005859375,4754.6298828125,308.741,5.33,100.6031
2023-12-26,7299.26123046875,4774.75,308.741,5.33,100.6031
2023-12-27,7260.361328125,4781.580078125,308.741,5.33,100.6031
2023-12-28,7396.2607421875,4783.35009765625,308.741,5.33,100.6031
2023-12-29,7470.16064453125,4769.830078125,308.741,5.33,100.6031
2024-01-02,7624.25927734375,4742.830078125,309.698,5.33,99.2223
2024-01-03,7411.96044921875,4704.81005859375,309.698,5.33,99.2223
2024-01-04,7547.759765625,4688.68017578125,309.698,5.33,99.2223
2024-01-05,7628.65966796875,4697.240234375,309.698,5.33,99.2223
2024-01-08,7818.8583984375,4763.5400390625,309.698,5.33,99.2223
2024-01-09,7736.2587890625,4756.5,309.698,5.33,99.2223
2024-01-10,7874.158203125,4783.4501953125,309.698,5.33,99.2223
2024-01-11,7895.9580078125,4780.240234375,309.698,5.33,99.2223
2024-01-12,7986.45751953125,4783.830078125,309.698,5.33,99.2223
2024-01-15,8043.95751953125,4783.830078125,309.698,5.33,99.2223
2024-01-16,8032.15771484375,4765.97998046875,309.698,5.33,99.2223
2024-01-17,8024.357421875,4739.2099609375,309.698,5.33,99.2223
2024-01-18,8016.0576171875,4780.93994140625,309.698,5.33,99.2223
2024-01-19,7996.65771484375,4839.81005859375,309.698,5.33,99.2223
2024-01-22,8010.0576171875,4850.43017578125,309.698,5.33,99.2223
2024-01-23,7950.05810546875,4864.60009765625,309.698,5.33,99.2223
2024-01-24,8090.85693359375,4868.5498046875,309.698,5.33,99.2223
2024-01-25,8169.8564453125,4894.16015625,309.698,5.33,99.2223
2024-01-26,8346.255859375,4890.97021484375,309.698,5.33,99.2223
2024-01-29,8471.6552734375,4927.93017578125,309.698,5.33,99.2223
2024-01-30,8474.2548828125,4924.97021484375,309.698,5.33,99.2223
2024-01-31,8496.6552734375,4845.64990234375,309.698,5.33,99.2223
2024-02-01,8646.0537109375,4906.18994140625,310.967,5.33,100.285
2024-02-02,8665.654296875,4958.60986328125,310.967,5.33,100.285
2024-02-05,8776.6533203125,4942.81005859375,310.967,5.33,100.285
2024-02-06,8869.052734375,4954.22998046875,310.967,5.33,100.285
2024-02-07,8842.953125,4995.06005859375,310.967,5.33,100.285
2024-02-08,8949.751953125,4997.91015625,310.967,5.33,100.285
2024-02-09,9045.9521484375,5026.60986328125,310.967,5.33,100.285
2024-02-12,9174.55078125,5021.83984375,310.967,5.33,100.285
2024-02-13,8993.9521484375,4953.169921875,310.967,5.33,100.285
2024-02-14,9072.0517578125,5000.6201171875,310.967,5.33,100.285
2024-02-15,9242.1513671875,5029.72998046875,310.967,5.33,100.285
2024-02-16,9250.3515625,5005.56982421875,310.967,5.33,100.285
2024-02-19,9196.3515625,5005.56982421875,310.967,5.33,100.285
2024-02-20,9344.9501953125,4975.509765625,310.967,5.33,100.285
2024-02-21,9312.0498046875,4981.7998046875,310.967,5.33,100.285
2024-02-22,9347.150390625,5087.02978515625,310.967,5.33,100.285
2024-02-23,9374.150390625,5088.7998046875,310.967,5.33,100.285
2024-02-26,9334.0498046875,5069.52978515625,310.967,5.33,100.285
2024-02-27,9179.451171875,5078.18017578125,310.967,5.33,100.285
2024-02-28,9062.3525390625,5069.759765625,310.967,5.33,100.285
2024-02-29,9193.6513671875,5096.27001953125,310.967,5.33,100.285
2024-03-01,9097.15234375,5137.080078125,312.345,5.33,100.4575
2024-03-04,8907.6533203125,5130.9501953125,312.345,5.33,100.4575
2024-03-05,8860.453125,5078.64990234375,312.345,5.33,100.4575
2024-03-06,8744.552734375,5104.759765625,312.345,5.33,100.4575
2024-03-07,9054.15234375,5157.35986328125,312.345,5.33,100.4575
2024-03-08,9155.2509765625,5123.68994140625,312.345,5.33,100.4575
2024-03-11,9131.7509765625,5117.93994140625,312.345,5.33,100.4575
2024-03-12,9068.9521484375,5175.27001953125,312.345,5.33,100.4575
2024-03-13,8910.1533203125,5165.31005859375,312.345,5.33,100.4575
2024-03-14,8883.453125,5150.47998046875,312.345,5.33,100.4575
2024-03-15,8828.6533203125,5117.08984375,312.345,5.33,100.4575
2024-03-18,8718.0537109375,5149.419921875,312.345,5.33,100.4575
2024-03-19,8929.8525390625,5178.509765625,312.345,5.33,100.4575
2024-03-20,8955.0517578125,5224.6201171875,312.345,5.33,100.4575
2024-03-21,9140.6513671875,5241.52978515625,312.345,5.33,100.4575
2024-03-22,9111.4521484375,5234.18017578125,312.345,5.33,100.4575
2024-03-25,9029.3525390625,5218.18994140625,312.345,5.33,100.4575
2024-03-26,8807.353515625,5203.580078125,312.345,5.33,100.4575
2024-03-27,8806.6533203125,5248.490234375,312.345,5.33,100.4575
2024-03-28,9079.9521484375,5254.35009765625,312.345,5.33,100.4575
2024-03-29,9142.3515625,5254.35009765625,312.345,5.33,100.4575
2024-04-01,9157.451171875,5243.77001953125,313.023,5.33,100.2434
2024-04-02,9040.8525390625,5205.81005859375,313.023,5.33,100.2434
2024-04-03,8945.751953125,5211.490234375,313.023,5.33,100.2434
2024-04-04,9128.951171875,5147.2099609375,313.023,5.33,100.2434
2024-04-05,9618.7490234375,5204.33984375,313.023,5.33,100.2434
2024-04-08,9756.6484375,5202.39013671875,313.023,5.33,100.2434
2024-04-09,9814.1484375,5209.91015625,313.023,5.33,100.2434
2024-04-10,9814.1484375,5160.64013671875,313.023,5.33,100.2434
2024-04-11,9814.1484375,5199.06005859375,313.023,5.33,100.2434
2024-04-12,9814.1484375,5123.41015625,313.023,5.33,100.2434
2024-04-15,9679.748046875,5061.81982421875,313.023,5.33,100.2434
2024-04-16,9548.048828125,5051.41015625,313.023,5.33,100.2434
2024-04-17,9530.44921875,5022.2099609375,313.023,5.33,100.2434
2024-04-18,9524.548828125,5011.1201171875,313.023,5.33,100.2434
2024-04-19,9693.4482421875,4967.22998046875,313.023,5.33,100.2434
2024-04-22,9644.94921875,5010.60009765625,313.023,5.33,100.2434
2024-04-23,9644.94921875,5070.5498046875,313.023,5.33,100.2434
2024-04-24,9722.0478515625,5071.6298828125,313.023,5.33,100.2434
2024-04-25,9716.748046875,5048.419921875,313.023,5.33,100.2434
2024-04-26,9915.546875,5099.9599609375,313.023,5.33,100.2434
2024-04-29,10082.74609375,5116.169921875,313.023,5.33,100.2434
2024-04-30,10045.646484375,5035.68994140625,313.023,5.33,100.2434
2024-05-01,10045.646484375,5018.39013671875,313.175,5.33,100.863
2024-05-02,10208.646484375,5064.2001953125,313.175,5.33,100.863
2024-05-03,10276.845703125,5127.7900390625,313.175,5.33,100.863
2024-05-06,10267.044921875,5180.740234375,313.175,5.33,100.863
2024-05-07,10336.4453125,5187.7001953125,313.175,5.33,100.863
2024-05-08,10247.7451171875,5187.669921875,313.175,5.33,100.863
2024-05-09,10268.544921875,5214.080078125,313.175,5.33,100.863
2024-05-10,10218.544921875,5222.68017578125,313.175,5.33,100.863
2024-05-13,10055.9462890625,5221.419921875,313.175,5.33,100.863
2024-05-14,10173.3466796875,5246.68017578125,313.175,5.33,100.863
2024-05-15,10158.5458984375,5308.14990234375,313.175,5.33,100.863
2024-05-16,10319.9453125,5297.10009765625,313.175,5.33,100.863
2024-05-17,10643.54296875,5303.27001953125,313.175,5.33,100.863
2024-05-20,10739.54296875,5308.1298828125,313.175,5.33,100.863
2024-05-21,10895.2421875,5321.41015625,313.175,5.33,100.863
2024-05-22,10899.2421875,5307.009765625,313.175,5.33,100.863
2024-05-23,10792.4423828125,5267.83984375,313.175,5.33,100.863
2024-05-24,10676.6435546875,5304.72021484375,313.175,5.33,100.863
2024-05-27,10656.943359375,5304.72021484375,313.175,5.33,100.863
2024-05-28,10677.443359375,5306.0400390625,313.175,5.33,100.863
2024-05-29,10479.14453125,5266.9501953125,313.175,5.33,100.863
2024-05-30,10481.244140625,5235.47998046875,313.175,5.33,100.863
2024-05-31,10400.4453125,5277.509765625,313.175,5.33,100.863
2024-06-03,10556.744140625,5283.39990234375,313.044,5.33,100.894
2024-06-04,10364.544921875,5291.33984375,313.044,5.33,100.894
2024-06-05,10350.9453125,5354.02978515625,313.044,5.33,100.894
2024-06-06,10279.6455078125,5352.9599609375,313.044,5.33,100.894
2024-06-07,10138.9462890625,5346.990234375,313.044,5.33,100.894
2024-06-10,9997.84765625,5360.7900390625,313.044,5.33,100.894
2024-06-11,10051.3466796875,5375.31982421875,313.044,5.33,100.894
2024-06-12,10165.4462890625,5421.02978515625,313.044,5.33,100.894
2024-06-13,10391.845703125,5433.740234375,313.044,5.33,100.894
2024-06-14,10471.244140625,5431.60009765625,313.044,5.33,100.894
2024-06-17,10471.244140625,5473.22998046875,313.044,5.33,100.894
2024-06-18,10471.244140625,5487.02978515625,313.044,5.33,100.894
2024-06-20,10739.84375,5473.169921875,313.044,5.33,100.894
2024-06-21,10771.3427734375,5464.6201171875,313.044,5.33,100.894
2024-06-24,10767.84375,5447.8701171875,313.044,5.33,100.894
2024-06-25,10679.943359375,5469.2998046875,313.044,5.33,100.894
2024-06-26,10486.64453125,5477.89990234375,313.044,5.33,100.894
2024-06-27,10680.84375,5482.8701171875,313.044,5.33,100.894
2024-06-28,10647.84375,5460.47998046875,313.044,5.33,100.894
2024-07-01,10343.2451171875,5475.08984375,313.569,5.33,99.9757
2024-07-02,10446.14453125,5509.009765625,313.569,5.33,99.9757
2024-07-03,10682.1435546875,5537.02001953125,313.569,5.33,99.9757
2024-07-04,10872.5419921875,5537.02001953125,313.569,5.33,99.9757
2024-07-05,10851.7421875,5567.18994140625,313.569,5.33,99.9757
2024-07-08,10864.0419921875,5572.85009765625,313.569,5.33,99.9757
2024-07-09,10796.5419921875,5576.97998046875,313.569,5.33,99.9757
2024-07-10,10743.2431640625,5633.91015625,313.569,5.33,99.9757
2024-07-11,11024.2412109375,5584.5400390625,313.569,5.33,99.9757
2024-07-12,11064.841796875,5615.35009765625,313.569,5.33,99.9757
2024-07-15,11064.841796875,5631.22021484375,313.569,5.33,99.9757
2024-07-16,11139.240234375,5667.2001953125,313.569,5.33,99.9757
2024-07-17,11134.041015625,5588.27001953125,313.569,5.33,99.9757
2024-07-18,11139.4404296875,5544.58984375,313.569,5.33,99.9757
2024-07-19,11156.140625,5505.0,313.569,5.33,99.9757
2024-07-22,11172.740234375,5564.41015625,313.569,5.33,99.9757
2024-07-23,11089.44140625,5555.740234375,313.569,5.33,99.9757
2024-07-24,10991.541015625,5427.1298828125,313.569,5.33,99.9757
2024-07-25,10871.4423828125,5399.22021484375,313.569,5.33,99.9757
2024-07-26,10891.3427734375,5459.10009765625,313.569,5.33,99.9757
2024-07-29,10733.7431640625,5463.5400390625,313.569,5.33,99.9757
2024-07-30,10691.6435546875,5436.43994140625,313.569,5.33,99.9757
2024-07-31,10638.54296875,5522.2998046875,313.569,5.33,99.9757
2024-08-01,10798.0419921875,5446.68017578125,314.062,5.33,100.4309
2024-08-02,10473.4443359375,5346.56005859375,314.062,5.33,100.4309
2024-08-05,9893.34765625,5186.330078125,314.062,5.33,100.4309
2024-08-06,9881.1474609375,5240.02978515625,314.062,5.33,100.4309
2024-08-07,10024.2470703125,5199.5,314.062,5.33,100.4309
2024-08-08,10098.4462890625,5319.31005859375,314.062,5.33,100.4309
2024-08-09,9907.34765625,5344.16015625,314.062,5.33,100.4309
2024-08-12,9828.5478515625,5344.39013671875,314.062,5.33,100.4309
2024-08-13,9920.546875,5434.43017578125,314.062,5.33,100.4309
2024-08-14,9830.8486328125,5455.2099609375,314.062,5.33,100.4309
2024-08-15,9982.947265625,5543.22021484375,314.062,5.33,100.4309
2024-08-16,9821.9482421875,5554.25,314.062,5.33,100.4309
2024-08-19,10054.146484375,5608.25,314.062,5.33,100.4309
2024-08-20,9982.2470703125,5597.1201171875,314.062,5.33,100.4309
2024-08-21,9904.7470703125,5620.85009765625,314.062,5.33,100.4309
2024-08-22,9921.34765625,5570.64013671875,314.062,5.33,100.4309
2024-08-23,9668.0478515625,5634.60986328125,314.062,5.33,100.4309
2024-08-26,9565.7490234375,5616.83984375,314.062,5.33,100.4309
2024-08-27,9748.748046875,5625.7998046875,314.062,5.33,100.4309
2024-08-28,9757.1484375,5592.18017578125,314.062,5.33,100.4309
2024-08-29,9833.1484375,5591.9599609375,314.062,5.33,100.4309
2024-08-30,9833.1484375,5648.39990234375,314.062,5.33,100.4309
2024-09-02,10110.146484375,5648.39990234375,314.732,5.13,99.8084
2024-09-03,10021.7470703125,5528.93017578125,314.732,5.13,99.8084
2024-09-04,9984.84765625,5520.06982421875,314.732,5.13,99.8084
2024-09-05,9936.7470703125,5503.41015625,314.732,5.13,99.8084
2024-09-06,9771.1484375,5408.419921875,314.732,5.13,99.8084
2024-09-09,9699.5478515625,5471.0498046875,314.732,5.13,99.8084
2024-09-10,9623.94921875,5495.52001953125,314.732,5.13,99.8084
2024-09-11,9419.650390625,5554.1298828125,314.732,5.13,99.8084
2024-09-12,9520.94921875,5595.759765625,314.732,5.13,99.8084
2024-09-13,9685.4482421875,5626.02001953125,314.732,5.13,99.8084
2024-09-16,9577.44921875,5633.08984375,314.732,5.13,99.8084
2024-09-17,9758.0478515625,5634.580078125,314.732,5.13,99.8084
2024-09-18,9774.4482421875,5618.259765625,314.732,5.13,99.8084
2024-09-19,9975.546875,5713.64013671875,314.732,5.13,99.8084
2024-09-20,9900.2470703125,5702.5498046875,314.732,5.13,99.8084
2024-09-23,9887.7470703125,5718.56982421875,314.732,5.13,99.8084
2024-09-24,10029.6474609375,5732.93017578125,314.732,5.13,99.8084
2024-09-25,9890.947265625,5722.259765625,314.732,5.13,99.8084
2024-09-26,9829.1484375,5745.3701171875,314.732,5.13,99.8084
2024-09-27,9777.4482421875,5738.169921875,314.732,5.13,99.8084
2024-09-30,9665.748046875,5762.47998046875,314.732,5.13,99.8084
2024-10-01,9351.150390625,5708.75,315.631,4.83,99.4695
2024-10-02,9012.8525390625,5709.5400390625,315.631,4.83,99.4695
2024-10-03,8898.1533203125,5699.93994140625,315.631,4.83,99.4695
2024-10-04,9109.251953125,5751.06982421875,315.631,4.83,99.4695
2024-10-07,9031.5517578125,5695.93994140625,315.631,4.83,99.4695
2024-10-08,9044.8525390625,5751.1298828125,315.631,4.83,99.4695
2024-10-09,9132.2509765625,5792.0400390625,315.631,4.83,99.4695
2024-10-10,8964.0517578125,5780.0498046875,315.631,4.83,99.4695
2024-10-11,8876.1533203125,5815.02978515625,315.631,4.83,99.4695
2024-10-14,8699.154296875,5859.85009765625,315.631,4.83,99.4695
2024-10-15,8860.2529296875,5815.259765625,315.631,4.83,99.4695
2024-10-16,8955.9521484375,5842.47021484375,315.631,4.83,99.4695
2024-10-17,9002.251953125,5841.47021484375,315.631,4.83,99.4695
2024-10-18,8793.552734375,5864.669921875,315.631,4.83,99.4695
2024-10-21,8654.3544921875,5853.97998046875,315.631,4.83,99.4695
2024-10-22,8838.552734375,5851.2001953125,315.631,4.83,99.4695
2024-10-23,8714.654296875,5797.419921875,315.631,4.83,99.4695
2024-10-24,8872.853515625,5809.85986328125,315.631,4.83,99.4695
2024-10-25,8908.453125,5808.1201171875,315.631,4.83,99.4695
2024-10-28,8945.751953125,5823.52001953125,315.631,4.83,99.4695
2024-10-29,8945.751953125,5832.919921875,315.631,4.83,99.4695
2024-10-30,9006.5517578125,5813.669921875,315.631,4.83,99.4695
2024-10-31,8863.853515625,5705.4501953125,315.631,4.83,99.4695
2024-11-01,8884.953125,5728.7998046875,316.528,4.64,99.2925
2024-11-04,8663.8544921875,5712.68994140625,316.528,4.64,99.2925
2024-11-05,8618.5537109375,5782.759765625,316.528,4.64,99.2925
2024-11-06,8862.2529296875,5929.0400390625,316.528,4.64,99.2925
2024-11-07,8946.0517578125,5973.10009765625,316.528,4.64,99.2925
2024-11-08,9184.7509765625,5995.5400390625,316.528,4.64,99.2925
2024-11-11,9276.7509765625,6001.35009765625,316.528,4.64,99.2925
2024-11-12,9226.8515625,5983.990234375,316.528,4.64,99.2925
2024-11-13,9300.25,5985.3798828125,316.528,4.64,99.2925
2024-11-14,9420.3505859375,5949.169921875,316.528,4.64,99.2925
2024-11-15,9389.5498046875,5870.6201171875,316.528,4.64,99.2925
2024-11-18,9395.3505859375,5893.6201171875,316.528,4.64,99.2925
2024-11-19,9232.8515625,5916.97998046875,316.528,4.64,99.2925
2024-11-20,9031.751953125,5917.10986328125,316.528,4.64,99.2925
2024-11-21,9367.75,5948.7099609375,316.528,4.64,99.2925
2024-11-22,9549.849609375,5969.33984375,316.528,4.64,99.2925
2024-11-25,9659.94921875,5987.3701171875,316.528,4.64,99.2925
2024-11-26,9636.048828125,6021.6298828125,316.528,4.64,99.2925
2024-11-27,9639.7490234375,5998.740234375,316.528,4.64,99.2925
2024-11-28,9640.048828125,5998.740234375,316.528,4.64,99.2925
2024-11-29,9651.94921875,6032.3798828125,316.528,4.64,99.2925
2024-12-02,9681.0478515625,6047.14990234375,317.604,4.48,100.3273
2024-12-03,9827.1484375,6049.8798828125,317.604,4.48,100.3273
2024-12-04,9886.046875,6086.490234375,317.604,4.48,100.3273
2024-12-05,9935.947265625,6075.10986328125,317.604,4.48,100.3273
2024-12-06,10080.9462890625,6090.27001953125,317.604,4.48,100.3273
2024-12-09,10257.345703125,6052.85009765625,317.604,4.48,100.3273
2024-12-10,10098.9462890625,6034.91015625,317.604,4.48,100.3273
2024-12-11,10058.4462890625,6084.18994140625,317.604,4.48,100.3273
2024-12-12,10058.5458984375,6051.25,317.604,4.48,100.3273
2024-12-13,10125.4462890625,6051.08984375,317.604,4.48,100.3273
2024-12-16,9997.6474609375,6074.080078125,317.604,4.48,100.3273
2024-12-17,10011.2470703125,6050.60986328125,317.604,4.48,100.3273
2024-12-18,9915.7470703125,5872.16015625,317.604,4.48,100.3273
2024-12-19,9765.0478515625,5867.080078125,317.604,4.48,100.3273
2024-12-20,9724.4482421875,5930.85009765625,317.604,4.48,100.3273
2024-12-23,9626.548828125,5974.06982421875,317.604,4.48,100.3273
2024-12-24,9672.748046875,6040.0400390625,317.604,4.48,100.3273
2024-12-26,9948.947265625,6037.58984375,317.604,4.48,100.3273
2024-12-27,10025.447265625,5970.83984375,317.604,4.48,100.3273
2024-12-30,9889.6474609375,5906.93994140625,317.604,4.48,100.3273
2024-12-31,9830.5478515625,5881.6298828125,317.604,4.48,100.3273
2025-01-02,9961.2470703125,5868.5498046875,318.961,4.33,100.0647
2025-01-03,10075.146484375,5942.47021484375,318.961,4.33,100.0647
2025-01-06,10085.4462890625,5975.3798828125,318.961,4.33,100.0647
2025-01-07,9971.947265625,5909.02978515625,318.961,4.33,100.0647
2025-01-08,9890.7470703125,5918.25,318.961,4.33,100.0647
2025-01-09,10000.6474609375,5918.25,318.961,4.33,100.0647
2025-01-10,9910.546875,5827.0400390625,318.961,4.33,100.0647
2025-01-13,9733.1484375,5836.22021484375,318.961,4.33,100.0647
2025-01-14,9715.8486328125,5842.91015625,318.961,4.33,100.0647
2025-01-15,9739.6484375,5949.91015625,318.961,4.33,100.0647
2025-01-16,9866.6474609375,5937.33984375,318.961,4.33,100.0647
2025-01-17,9977.84765625,5996.66015625,318.961,4.33,100.0647
2025-01-20,10029.2470703125,5996.66015625,318.961,4.33,100.0647
2025-01-21,9999.546875,6049.240234375,318.961,4.33,100.0647
2025-01-22,10105.3466796875,6086.3701171875,318.961,4.33,100.0647
2025-01-23,10112.74609375,6118.7099609375,318.961,4.33,100.0647
2025-01-24,10104.8466796875,6101.240234375,318.961,4.33,100.0647
2025-01-27,9997.84765625,6012.27978515625,318.961,4.33,100.0647
2025-01-28,10121.74609375,6067.7001953125,318.961,4.33,100.0647
2025-01-29,10076.9462890625,6039.31005859375,318.961,4.33,100.0647
2025-01-30,10082.0458984375,6071.169921875,318.961,4.33,100.0647
2025-01-31,10004.34765625,6040.52978515625,318.961,4.33,100.0647
2025-02-03,9774.3486328125,5994.56982421875,319.679,4.33,101.0993
2025-02-04,9807.0478515625,6037.8798828125,319.679,4.33,101.0993
2025-02-05,9719.748046875,6061.47998046875,319.679,4.33,101.0993
2025-02-06,9842.1484375,6083.56982421875,319.679,4.33,101.0993
2025-02-07,9951.6474609375,6025.990234375,319.679,4.33,101.0993
2025-02-10,9845.8486328125,6066.43994140625,319.679,4.33,101.0993
2025-02-11,9882.7470703125,6068.5,319.679,4.33,101.0993
2025-02-12,9779.5478515625,6051.97021484375,319.679,4.33,101.0993
2025-02-13,9914.6474609375,6115.06982421875,319.679,4.33,101.0993
2025-02-14,9877.546875,6114.6298828125,319.679,4.33,101.0993
2025-02-17,9836.4482421875,6114.6298828125,319.679,4.33,101.0993
2025-02-18,9916.84765625,6129.580078125,319.679,4.33,101.0993
2025-02-19,9763.6484375,6144.14990234375,319.679,4.33,101.0993
2025-02-20,9807.4482421875,6117.52001953125,319.679,4.33,101.0993
2025-02-21,9602.1494140625,6013.1298828125,319.679,4.33,101.0993
2025-02-24,9574.7490234375,5983.25,319.679,4.33,101.0993
2025-02-25,9451.5498046875,5955.25,319.679,4.33,101.0993
2025-02-26,9573.1494140625,5956.06005859375,319.679,4.33,101.0993
2025-02-27,9741.0478515625,5861.56982421875,319.679,4.33,101.0993
2025-02-28,9658.6494140625,5954.5,319.679,4.33,101.0993
2025-03-03,9911.046875,5849.72021484375,319.785,4.33,101.0404
2025-03-04,9897.947265625,5778.14990234375,319.785,4.33,101.0404
2025-03-05,10188.8466796875,5842.6298828125,319.785,4.33,101.0404
2025-03-06,10459.0439453125,5738.52001953125,319.785,4.33,101.0404
2025-03-07,10507.0439453125,5770.2001953125,319.785,4.33,101.0404
2025-03-10,10422.14453125,5614.56005859375,319.785,4.33,101.0404
2025-03-11,10438.244140625,5572.06982421875,319.785,4.33,101.0404
2025-03-12,10580.244140625,5599.2998046875,319.785,4.33,101.0404
2025-03-13,10727.54296875,5521.52001953125,319.785,4.33,101.0404
2025-03-14,10840.5419921875,5638.93994140625,319.785,4.33,101.0404
2025-03-17,10862.0419921875,5675.1201171875,319.785,4.33,101.0404
2025-03-18,10802.142578125,5614.66015625,319.785,4.33,101.0404
2025-03-19,9860.2470703125,5675.2900390625,319.785,4.33,101.0404
2025-03-20,9810.8486328125,5662.89013671875,319.785,4.33,101.0404
2025-03-21,9044.5517578125,5667.56005859375,319.785,4.33,101.0404
2025-03-24,9299.3505859375,5767.56982421875,319.785,4.33,101.0404
2025-03-25,9715.5478515625,5776.64990234375,319.785,4.33,101.0404
2025-03-26,9649.44921875,5712.2001953125,319.785,4.33,101.0404
2025-03-27,9612.7490234375,5693.31005859375,319.785,4.33,101.0404
2025-03-28,9659.44921875,5580.93994140625,319.785,4.33,101.0404
2025-03-31,9659.44921875,5611.85009765625,319.785,4.33,101.0404
2025-04-01,9659.44921875,5633.06982421875,320.302,4.33,101.1279
2025-04-02,9523.2490234375,5670.97021484375,320.302,4.33,101.1279
2025-04-03,9484.2490234375,5396.52001953125,320.302,4.33,101.1279
2025-04-04,9379.75,5074.080078125,320.302,4.33,101.1279
2025-04-07,9407.150390625,5062.25,320.302,4.33,101.1279
2025-04-08,9477.0498046875,4982.77001953125,320.302,4.33,101.1279
2025-04-09,9275.451171875,5456.89990234375,320.302,4.33,101.1279
2025-04-10,9338.5498046875,5268.0498046875,320.302,4.33,101.1279
2025-04-11,9380.9501953125,5363.35986328125,320.302,4.33,101.1279
2025-04-14,9423.5498046875,5405.97021484375,320.302,4.33,101.1279
2025-04-15,9393.75,5396.6298828125,320.302,4.33,101.1279
2025-04-16,9266.05078125,5275.7001953125,320.302,4.33,101.1279
2025-04-17,9395.9501953125,5282.7001953125,320.302,4.33,101.1279
2025-04-18,9317.150390625,5282.7001953125,320.302,4.33,101.1279
2025-04-21,9321.5498046875,5158.2001953125,320.302,4.33,101.1279
2025-04-22,9312.0498046875,5287.759765625,320.302,4.33,101.1279
2025-04-23,9312.0498046875,5375.85986328125,320.302,4.33,101.1279
2025-04-24,9490.849609375,5484.77001953125,320.302,4.33,101.1279
2025-04-25,9432.5498046875,5525.2099609375,320.302,4.33,101.1279
2025-04-28,9306.9501953125,5528.75,320.302,4.33,101.1279
2025-04-29,9224.7509765625,5560.830078125,320.302,4.33,101.1279
2025-04-30,9078.3525390625,5569.06005859375,320.302,4.33,101.1279
2025-05-01,9078.3525390625,5604.14013671875,320.62,4.33,100.9655
2025-05-02,9167.55078125,5686.669921875,320.62,4.33,100.9655
2025-05-05,9112.15234375,5650.3798828125,320.62,4.33,100.9655
2025-05-06,9134.6513671875,5606.91015625,320.62,4.33,100.9655
2025-05-07,9074.5517578125,5631.27978515625,320.62,4.33,100.9655
2025-05-08,9279.1513671875,5663.93994140625,320.62,4.33,100.9655
2025-05-09,9390.4501953125,5659.91015625,320.62,4.33,100.9655
2025-05-12,9747.0478515625,5844.18994140625,320.62,4.33,100.9655
2025-05-13,9700.1484375,5886.5498046875,320.62,4.33,100.9655
2025-05-14,9701.5478515625,5892.580078125,320.62,4.33,100.9655
2025-05-15,9541.2490234375,5916.93017578125,320.62,4.33,100.9655
2025-05-16,9668.3486328125,5958.3798828125,320.62,4.33,100.9655
2025-05-19,9668.3486328125,5963.60009765625,320.62,4.33,100.9655
2025-05-20,9513.94921875,5940.4599609375,320.62,4.33,100.9655
2025-05-21,9398.8505859375,5844.60986328125,320.62,4.33,100.9655
2025-05-22,9475.150390625,5842.009765625,320.62,4.33,100.9655
2025-05-23,9355.9501953125,5802.81982421875,320.62,4.33,100.9655
2025-05-26,9345.150390625,5802.81982421875,320.62,4.33,100.9655
2025-05-27,9213.55078125,5921.5400390625,320.62,4.33,100.9655
2025-05-28,9177.6513671875,5888.5498046875,320.62,4.33,100.9655
2025-05-29,9170.55078125,5912.169921875,320.62,4.33,100.9655
2025-05-30,9019.5517578125,5911.68994140625,320.62,4.33,100.9655
2025-06-02,9008.8525390625,5935.93994140625,321.435,4.33,101.4785
2025-06-03,9276.951171875,5970.3701171875,321.435,4.33,101.4785
2025-06-04,9474.9501953125,5970.81005859375,321.435,4.33,101.4785
2025-06-05,9486.548828125,5939.2998046875,321.435,4.33,101.4785
2025-06-06,9486.548828125,6000.35986328125,321.435,4.33,101.4785
2025-06-09,9486.548828125,6005.8798828125,321.435,4.33,101.4785
2025-06-10,9659.2490234375,6038.81005859375,321.435,4.33,101.4785
2025-06-11,9686.0478515625,6022.240234375,321.435,4.33,101.4785
2025-06-12,9520.1494140625,6045.259765625,321.435,4.33,101.4785
2025-06-13,9311.8505859375,5976.97021484375,321.435,4.33,101.4785
2025-06-16,9349.9501953125,6033.10986328125,321.435,4.33,101.4785
2025-06-17,9339.5498046875,5982.72021484375,321.435,4.33,101.4785
2025-06-18,9196.05078125,5980.8701171875,321.435,4.33,101.4785
2025-06-19,9101.9521484375,5980.8701171875,321.435,4.33,101.4785
2025-06-20,9203.3515625,5967.83984375,321.435,4.33,101.4785
2025-06-23,9141.2509765625,6025.169921875,321.435,4.33,101.4785
2025-06-24,9448.8505859375,6092.18017578125,321.435,4.33,101.4785
2025-06-25,9418.4501953125,6092.16015625,321.435,4.33,101.4785
2025-06-26,9301.0498046875,6141.02001953125,321.435,4.33,101.4785
2025-06-27,9404.8505859375,6173.06982421875,321.435,4.33,101.4785
2025-06-30,9948.447265625,6204.9501953125,321.435,4.33,101.4785
2025-07-01,10080.3466796875,6198.009765625,322.169,4.33,101.894
2025-07-02,10188.9462890625,6227.419921875,322.169,4.33,101.894
2025-07-03,10228.345703125,6279.35009765625,322.169,4.33,101.894
2025-07-04,10275.7451171875,6279.35009765625,322.169,4.33,101.894
2025-07-07,10107.646484375,6229.97998046875,322.169,4.33,101.894
2025-07-08,9998.1474609375,6225.52001953125,322.169,4.33,101.894
2025-07-09,10167.24609375,6263.259765625,322.169,4.33,101.894
2025-07-10,10331.2451171875,6280.4599609375,322.169,4.33,101.894
2025-07-11,10358.4453125,6259.75,322.169,4.33,101.894
2025-07-14,10225.4453125,6268.56005859375,322.169,4.33,101.894
2025-07-15,10225.4453125,6243.759765625,322.169,4.33,101.894
2025-07-16,10121.4462890625,6263.7001953125,322.169,4.33,101.894
2025-07-17,10370.6455078125,6297.35986328125,322.169,4.33,101.894
2025-07-18,10366.1455078125,6296.7900390625,322.169,4.33,101.894
2025-07-21,10616.1435546875,6305.60009765625,322.169,4.33,101.894
2025-07-22,10616.04296875,6309.6201171875,322.169,4.33,101.894
2025-07-23,10591.943359375,6358.91015625,322.169,4.33,101.894
2025-07-24,10689.04296875,6363.35009765625,322.169,4.33,101.894
2025-07-25,10642.54296875,6388.64013671875,322.169,4.33,101.894
2025-07-28,10542.0439453125,6389.77001953125,322.169,4.33,101.894
2025-07-29,10487.244140625,6370.85986328125,322.169,4.33,101.894
2025-07-30,10618.943359375,6362.89990234375,322.169,4.33,101.894
2025-07-31,10743.1435546875,6339.39013671875,322.169,4.33,101.894
2025-08-01,10746.943359375,6238.009765625,323.291,4.33,101.6247
2025-08-04,10853.4423828125,6329.93994140625,323.291,4.33,101.6247
2025-08-05,10849.9423828125,6299.18994140625,323.291,4.33,101.6247
2025-08-06,10900.9423828125,6345.06005859375,323.291,4.33,101.6247
2025-08-07,10956.041015625,6340.0,323.291,4.33,101.6247
2025-08-08,10972.541015625,6389.4501953125,323.291,4.33,101.6247
2025-08-11,11038.2412109375,6373.4501953125,323.291,4.33,101.6247
2025-08-12,10954.44140625,6445.759765625,323.291,4.33,101.6247
2025-08-13,10949.9423828125,6466.580078125,323.291,4.33,101.6247
2025-08-14,10824.5419921875,6468.5400390625,323.291,4.33,101.6247
2025-08-15,10870.5419921875,6449.7998046875,323.291,4.33,101.6247
2025-08-18,10929.7421875,6449.14990234375,323.291,4.33,101.6247
2025-08-19,10961.94140625,6411.3701171875,323.291,4.33,101.6247
2025-08-20,11134.6416015625,6395.77978515625,323.291,4.33,101.6247
2025-08-21,11313.8408203125,6370.169921875,323.291,4.33,101.6247
2025-08-22,11372.2998046875,6466.91015625,323.291,4.33,101.6247
2025-08-25,11477.7998046875,6439.31982421875,323.291,4.33,101.6247
2025-08-26,11529.7998046875,6465.93994140625,323.291,4.33,101.6247
2025-08-27,11359.0,6481.39990234375,323.291,4.33,101.6247
2025-08-28,11368.7998046875,6501.85986328125,323.291,4.33,101.6247
2025-08-29,11288.099609375,6460.259765625,323.291,4.33,101.6247
2025-09-01,11280.0,6460.259765625,324.245,4.22,101.668
2025-09-02,10877.5,6415.5400390625,324.245,4.22,101.668
2025-09-03,10737.7001953125,6448.259765625,324.245,4.22,101.668
2025-09-04,10828.900390625,6502.080078125,324.245,4.22,101.668
2025-09-05,10729.5,6481.5,324.245,4.22,101.668
2025-09-08,10449.400390625,6495.14990234375,324.245,4.22,101.668
2025-09-09,10486.099609375,6512.60986328125,324.245,4.22,101.668
2025-09-10,10586.2998046875,6532.0400390625,324.245,4.22,101.668
2025-09-11,10382.900390625,6587.47021484375,324.245,4.22,101.668
2025-09-12,10372.0,6584.2900390625,324.245,4.22,101.668
2025-09-15,11000.2998046875,6615.27978515625,324.245,4.22,101.668
2025-09-16,11183.0,6606.759765625,324.245,4.22,101.668
2025-09-17,11165.900390625,6600.35009765625,324.245,4.22,101.668
2025-09-18,11048.099609375,6631.9599609375,324.245,4.22,101.668
2025-09-19,11294.5,6664.35986328125,324.245,4.22,101.668
2025-09-22,11468.099609375,6693.75,324.245,4.22,101.668
2025-09-23,11331.7998046875,6656.919921875,324.245,4.22,101.668
2025-09-24,11366.900390625,6637.97021484375,324.245,4.22,101.668
2025-09-25,11377.599609375,6604.72021484375,324.245,4.22,101.668
2025-09-26,11151.2001953125,6643.7001953125,324.245,4.22,101.668
2025-09-29,11048.099609375,6661.2099609375,324.245,4.22,101.668
2025-09-30,11012.099609375,6688.4599609375,324.245,4.22,101.668
2025-10-01,11220.2001953125,6711.2001953125,324.245,4.09,101.2075
2025-10-02,11082.599609375,6715.35009765625,324.245,4.09,101.2075
2025-10-03,10858.5,6715.7900390625,324.245,4.09,101.2075
2025-10-06,10734.900390625,6740.27978515625,324.245,4.09,101.2075
2025-10-07,10814.099609375,6714.58984375,324.245,4.09,101.2075
2025-10-08,10756.2998046875,6753.72021484375,324.245,4.09,101.2075
2025-10-09,10727.0,6735.10986328125,324.245,4.09,101.2075
2025-10-10,10720.400390625,6552.509765625,324.245,4.09,101.2075
2025-10-13,10556.2001953125,6654.72021484375,324.245,4.09,101.2075
2025-10-14,10316.400390625,6644.31005859375,324.245,4.09,101.2075
2025-10-15,10464.5,6671.06005859375,324.245,4.09,101.2075
2025-10-16,10370.7998046875,6629.06982421875,324.245,4.09,101.2075
2025-10-17,10208.7998046875,6664.009765625,324.245,4.09,101.2075
2025-10-20,10484.400390625,6735.1298828125,324.245,4.09,101.2075
2025-10-21,10467.2001953125,6735.35009765625,324.245,4.09,101.2075
2025-10-22,10551.2998046875,6699.39990234375,324.245,4.09,101.2075
2025-10-23,10608.2998046875,6738.43994140625,324.245,4.09,101.2075
2025-10-24,10941.7998046875,6791.68994140625,324.245,4.09,101.2075
2025-10-27,10853.400390625,6875.16015625,324.245,4.09,101.2075
2025-10-28,10871.099609375,6890.89013671875,324.245,4.09,101.2075
2025-10-29,10871.099609375,6890.58984375,324.245,4.09,101.2075
2025-10-30,10837.2998046875,6822.33984375,324.245,4.09,101.2075
2025-10-31,10971.5,6840.2001953125,324.245,4.09,101.2075
2025-11-03,11060.400390625,6851.97021484375,325.063,3.88,101.3605
2025-11-04,10914.099609375,6771.5498046875,325.063,3.88,101.3605
2025-11-05,10970.400390625,6796.2900390625,325.063,3.88,101.3605
2025-11-06,11073.2998046875,6720.31982421875,325.063,3.88,101.3605
2025-11-07,10924.5,6728.7998046875,325.063,3.88,101.3605
2025-11-10,10789.0,6832.43017578125,325.063,3.88,101.3605
2025-11-11,10576.5,6846.60986328125,325.063,3.88,101.3605
2025-11-12,10640.900390625,6850.919921875,325.063,3.88,101.3605
2025-11-13,10628.599609375,6737.490234375,325.063,3.88,101.3605
2025-11-14,10565.7001953125,6734.10986328125,325.063,3.88,101.3605
2025-11-17,10698.099609375,6672.41015625,325.063,3.88,101.3605
2025-11-18,10728.599609375,6617.31982421875,325.063,3.88,101.3605
2025-11-19,10903.900390625,6642.16015625,325.063,3.88,101.3605
2025-11-20,10979.7001953125,6538.759765625,325.063,3.88,101.3605
2025-11-21,10922.900390625,6602.990234375,325.063,3.88,101.3605
2025-11-24,10888.0,6705.1201171875,325.063,3.88,101.3605
2025-11-25,10857.2001953125,6765.8798828125,325.063,3.88,101.3605
2025-11-26,10914.7001953125,6812.60986328125,325.063,3.88,101.3605
2025-11-27,10945.5,6812.60986328125,325.063,3.88,101.3605
2025-11-28,10898.7001953125,6849.08984375,325.063,3.88,101.3605
2025-12-01,11116.5,6812.6298828125,326.031,3.72,101.6781
2025-12-02,11123.5,6829.3701171875,326.031,3.72,101.6781
2025-12-03,11036.7998046875,6849.72021484375,326.031,3.72,101.6781
2025-12-04,10918.5,6857.1201171875,326.031,3.72,101.6781
2025-12-05,11007.400390625,6870.39990234375,326.031,3.72,101.6781
2025-12-08,11189.5,6846.509765625,326.031,3.72,101.6781
2025-12-09,11238.400390625,6840.509765625,326.031,3.72,101.6781
2025-12-10,11193.900390625,6886.68017578125,326.031,3.72,101.6781
2025-12-11,11233.7001953125,6901.0,326.031,3.72,101.6781
2025-12-12,11311.2998046875,6827.41015625,326.031,3.72,101.6781
2025-12-15,11456.2998046875,6816.509765625,326.031,3.72,101.6781
2025-12-16,11348.7998046875,6800.259765625,326.031,3.72,101.6781
2025-12-17,11286.7998046875,6721.43017578125,326.031,3.72,101.6781
2025-12-18,11335.099609375,6774.759765625,326.031,3.72,101.6781
2025-12-19,11341.900390625,6834.5,326.031,3.72,101.6781
2025-12-22,11311.099609375,6878.490234375,326.031,3.72,101.6781
2025-12-23,11290.400390625,6909.7900390625,326.031,3.72,101.6781
2025-12-24,11340.099609375,6932.0498046875,326.031,3.72,101.6781
2025-12-26,11294.400390625,6929.93994140625,326.031,3.72,101.6781
2025-12-29,11150.900390625,6905.740234375,326.031,3.72,101.6781
2025-12-30,11220.2001953125,6896.240234375,326.031,3.72,101.6781
2025-12-31,11261.5,6845.5,326.031,3.72,101.6781
2026-01-02,11498.400390625,6858.47021484375,326.588,3.64,102.3963
2026-01-05,11702.0,6902.0498046875,326.588,3.64,102.3963
2026-01-06,12023.7998046875,6944.81982421875,326.588,3.64,102.3963
2026-01-07,12028.7998046875,6920.93017578125,326.588,3.64,102.3963
2026-01-08,12088.0,6921.4599609375,326.588,3.64,102.3963
2026-01-09,12201.0,6966.27978515625,326.588,3.64,102.3963
2026-01-12,12254.7998046875,6977.27001953125,326.588,3.64,102.3963
2026-01-13,12385.599609375,6963.740234375,326.588,3.64,102.3963
2026-01-14,12369.900390625,6926.60009765625,326.588,3.64,102.3963
2026-01-15,12456.7001953125,6944.47021484375,326.588,3.64,102.3963
2026-01-16,12668.5,6940.009765625,326.588,3.64,102.3963
2026-01-19,12747.900390625,6940.009765625,326.588,3.64,102.3963
2026-01-20,12805.7998046875,6796.85986328125,326.588,3.64,102.3963
2026-01-21,12728.2001953125,6875.6201171875,326.588,3.64,102.3963
2026-01-22,12851.5,6913.35009765625,326.588,3.64,102.3963
2026-01-23,12992.7001953125,6915.60986328125,326.588,3.64,102.3963
2026-01-26,13177.2998046875,6950.22998046875,326.588,3.64,102.3963
2026-01-27,13107.0,6978.60009765625,326.588,3.64,102.3963
2026-01-28,13407.400390625,6978.02978515625,326.588,3.64,102.3963
2026-01-29,13831.099609375,6969.009765625,326.588,3.64,102.3963
2026-01-30,13838.2998046875,6939.02978515625,326.588,3.64,102.3963
2026-02-02,13621.0,6976.43994140625,326.588,3.64,102.3963
2026-02-03,13875.2998046875,6917.81005859375,326.588,3.64,102.3963
2026-02-04,13891.2001953125,6882.72021484375,326.588,3.64,102.3963
2026-02-05,13589.099609375,6798.39990234375,326.588,3.64,102.3963
2026-02-06,13522.0,6932.2998046875,326.588,3.64,102.3963
2026-02-09,13838.400390625,6964.81982421875,326.588,3.64,102.3963
2026-02-10,13797.0,6941.81005859375,326.588,3.64,102.3963
2026-02-11,13787.7998046875,6941.47021484375,326.588,3.64,102.3963
2026-02-12,14180.5,6832.759765625,326.588,3.64,102.3963
2026-02-13,14180.7001953125,6836.169921875,326.588,3.64,102.3963
2026-02-16,14339.2998046875,6836.169921875,326.588,3.64,102.3963
2026-02-17,14227.2998046875,6843.22021484375,326.588,3.64,102.3963
2026-02-18,14259.900390625,6881.31005859375,326.588,3.64,102.3963
2026-02-19,13804.2001953125,6861.89013671875,326.588,3.64,102.3963
2026-02-20,13934.099609375,6909.509765625,326.588,3.64,102.3963
2026-02-23,14061.7001953125,6837.75,326.588,3.64,102.3963
2026-02-24,14050.7998046875,6890.06982421875,326.588,3.64,102.3963
2026-02-25,13809.900390625,6946.1298828125,326.588,3.64,102.3963
2026-02-26,13878.5,6908.85986328125,326.588,3.64,102.3963
2026-02-27,13717.7998046875,6878.8798828125,326.588,3.64,102.3963
2026-03-02,13346.400390625,6881.6201171875,326.588,3.64,102.3963
2026-03-03,12933.400390625,6816.6298828125,326.588,3.64,102.3963
2026-03-04,12943.2001953125,6869.5,326.588,3.64,102.3963
2026-03-05,13078.900390625,6830.7099609375,326.588,3.64,102.3963
2026-03-06,12792.7998046875,6740.02001953125,326.588,3.64,102.3963
2026-03-09,12702.0,6795.990234375,326.588,3.64,102.3963
2026-03-10,13175.7001953125,6781.47998046875,326.588,3.64,102.3963
2026-03-11,13200.400390625,6775.7998046875,326.588,3.64,102.3963
2026-03-12,13286.099609375,6672.6201171875,326.588,3.64,102.3963
2026-03-13,13092.900390625,6632.18994140625,326.588,3.64,102.3963
2026-03-16,12956.7001953125,6699.3798828125,326.588,3.64,102.3963
2026-03-17,13217.599609375,6716.08984375,326.588,3.64,102.3963
2026-03-18,13115.099609375,6624.7001953125,326.588,3.64,102.3963
2026-03-19,13047.7001953125,6606.490234375,326.588,3.64,102.3963
2026-03-20,13047.7001953125,6506.47998046875,326.588,3.64,102.3963
2026-03-23,13168.2001953125,6581.0,326.588,3.64,102.3963
2026-03-24,12930.2001953125,6556.3701171875,326.588,3.64,102.3963
2026-03-25,12963.900390625,6591.89990234375,326.588,3.64,102.3963
2026-03-26,12727.099609375,6477.16015625,326.588,3.64,102.3963
2026-03-27,12698.2001953125,6368.85009765625,326.588,3.64,102.3963
2026-03-30,12626.400390625,6343.72021484375,326.588,3.64,102.3963
2026-03-31,12791.0,6528.52001953125,326.588,3.64,102.3963
2026-04-01,12937.900390625,6575.31982421875,326.588,3.64,102.3963
2026-04-02,13051.7001953125,6582.68994140625,326.588,3.64,102.3963
2026-04-03,12936.400390625,6582.68994140625,326.588,3.64,102.3963
2026-04-06,13112.2998046875,6611.830078125,326.588,3.64,102.3963
2026-04-07,12921.599609375,6616.85009765625,326.588,3.64,102.3963
2026-04-08,13536.7998046875,6782.81005859375,326.588,3.64,102.3963
2026-04-09,13689.0,6824.66015625,326.588,3.64,102.3963
2026-04-10,14073.7998046875,6816.89013671875,326.588,3.64,102.3963
2026-04-13,14058.5,6886.240234375,326.588,3.64,102.3963
2026-04-14,14202.2001953125,6967.3798828125,326.588,3.64,102.3963
2026-04-15,14252.400390625,7022.9501953125,326.588,3.64,102.3963
2026-04-16,14201.099609375,7041.27978515625,326.588,3.64,102.3963
2026-04-17,14587.900390625,7126.06005859375,326.588,3.64,102.3963
2026-04-20,14484.900390625,7109.14013671875,326.588,3.64,102.3963
2026-04-21,14375.400390625,7064.009765625,326.588,3.64,102.3963
2026-04-22,14335.5,7137.89990234375,326.588,3.64,102.3963
2026-04-23,14335.5,7108.39990234375,326.588,3.64,102.3963
