Date,log_return,rolling_vol,kmeans_regime,regime_name,hmm_state,hmm_regime,p_sideways,p_bull,p_bear
2010-02-01,0.01589121037660402,0.011072586520140655,1,Sideways,1,Bull,4.6982222796277314e-15,1.0,3.465850239152733e-58
2010-02-02,-0.006838182335258887,0.010866982683872607,1,Sideways,0,Sideways,0.9861267789952577,0.01167650449537082,0.0021967165077001723
2010-02-03,-0.001431740634279153,0.010750301916967657,1,Sideways,1,Bull,0.012579361556597295,0.9848613282870496,0.0025593101546683506
2010-02-04,-0.029574832458669206,0.012515028593623639,0,Bear,2,Bear,0.4777904257922378,0.023409687031123186,0.4987998871765237
2010-02-05,-0.03830098561608473,0.014997046463381826,0,Bear,2,Bear,0.009500577710744012,0.4773903362323018,0.5131090860571875
2010-02-08,-0.030015549611181105,0.015922557037839374,0,Bear,2,Bear,0.4444301078332151,0.02107076446456032,0.5344991277016519
2010-02-09,0.017725805549842506,0.01663362797856615,1,Sideways,2,Bear,0.042198043368550195,0.46437118861652715,0.49343076801454494
2010-02-10,-0.005106893272503457,0.015936233522440488,0,Bear,2,Bear,0.47308958097465675,0.05643062174979052,0.47047979727662786
2010-02-11,0.01595936155685458,0.01650087199943094,1,Sideways,2,Bear,0.06088763881552036,0.47760978918070573,0.46150257200382594
2010-02-12,-0.006192590759780655,0.016339595034059073,0,Bear,2,Bear,0.45184615001846484,0.06883389870820117,0.4793199512720663
2010-02-15,0.005285217676714121,0.01617659053580528,1,Sideways,2,Bear,0.06457898104029988,0.4528770381186782,0.482543980840383
2010-02-16,0.008034379389585268,0.016049670591322444,1,Sideways,2,Bear,0.318566552539781,0.06996969226505836,0.6114637551966088
2010-02-17,0.029039832930229954,0.017514504741426982,2,Bull,2,Bear,0.010803299086943108,0.3181014398963776,0.671095261015335
2010-02-18,-0.015578801561499742,0.017775431929204076,0,Bear,2,Bear,0.10374190138985333,0.012587336499168338,0.8836707621124432
2010-02-19,0.01643633760668409,0.017526641667464964,1,Sideways,2,Bear,0.0047074221622551374,0.10385815774093984,0.891434420096148
2010-02-22,-0.013711657441471181,0.01770393407026095,0,Bear,2,Bear,0.007684984302453938,0.005404576215662878,0.9869104394834854
2010-02-23,-0.022620055796741624,0.01830395052237157,0,Bear,2,Bear,8.162938076296088e-06,0.0076073544387006585,0.9923844826225768
2010-02-24,-0.03476930910252825,0.019658051233872282,0,Bear,2,Bear,3.003488402016146e-06,1.0395179790606888e-05,0.9999866013301429
2010-02-25,-0.018704015707519648,0.01947818430355437,0,Bear,2,Bear,6.719660312334975e-06,3.051070395535836e-05,0.9999627696361453
2010-02-26,0.01962785482572099,0.020287139642450207,2,Bull,2,Bear,4.853410378615286e-06,5.647172570654444e-05,0.9999386748637252
2010-03-01,0.02930553034625463,0.02120613938620855,2,Bull,2,Bear,2.2088739704493247e-06,2.179856324437734e-05,0.9999759925639052
2010-03-02,0.005696433625915071,0.021305063817427902,2,Bull,2,Bear,6.254712127962408e-05,4.170671890867982e-05,0.9998957461608697
2010-03-03,0.004322854366394713,0.021372433344401927,2,Bull,2,Bear,0.00010913601502739279,0.00032973232000889526,0.9995611316634839
2010-03-04,-0.0050108000088163514,0.020460751920258726,2,Bull,2,Bear,0.0033696388685861317,0.0005847407648193356,0.996045620365227
2010-03-05,0.022773008590857208,0.019269492189188584,2,Bull,2,Bear,0.004374850701029623,0.014385838778557277,0.9812393105201497
2010-03-08,0.01266812241754751,0.017958111134781442,2,Bull,2,Bear,0.06545313265824494,0.015460477652271027,0.9190863896909692
2010-03-09,-0.006333881305798513,0.017742566000905062,0,Bear,2,Bear,0.030164227682970463,0.09888897319253435,0.8709467991262402
2010-03-10,-0.003916188018768118,0.01771924809477405,0,Bear,2,Bear,0.1556178630073101,0.04100637766938424,0.8033757593237064
2010-03-11,-0.007160826639772468,0.0175216222254734,0,Bear,2,Bear,0.05450948061180618,0.19082917402155275,0.7546613453663539
2010-03-12,-0.0027452960346566625,0.017464424115333513,0,Bear,2,Bear,0.243995292615348,0.06490162552659484,0.691103081858152
2010-03-15,-0.0050209916329346195,0.01748746013419104,0,Bear,2,Bear,0.07357072958088488,0.27251510766090176,0.6539141627599138
2010-03-16,0.023990619068825055,0.018193411715350483,2,Bull,2,Bear,0.3075948709186707,0.08074259098990169,0.611662538089699
2010-03-17,0.019908177713716488,0.017567450439366524,2,Bull,2,Bear,0.09177833256699551,0.3809316891705538,0.5272899782609959
2010-03-18,-0.014267990134587821,0.01750484206748605,0,Bear,2,Bear,0.4870537112773068,0.10698882173863351,0.40595746698239854
2010-03-19,-0.0018209417381793572,0.01713082095982077,1,Sideways,2,Bear,0.13687890575248501,0.6255289671678761,0.23759212708143496
2010-03-22,0.008486037309955344,0.01690576790018998,1,Sideways,0,Sideways,0.7620437441769787,0.1509863250227794,0.08696993080102781
2010-03-23,0.008486502856160398,0.01600385106922111,1,Sideways,1,Bull,0.15117849550212809,0.8163834806822182,0.03243802381543954
2010-03-24,0.014337812552115678,0.013513767982496887,1,Sideways,0,Sideways,0.8394172477504931,0.15352049909747287,0.0070622531533777455
2010-03-25,0.03402137948566763,0.013739701449000555,1,Sideways,1,Bull,0.14024726955295033,0.8552777690140795,0.004474961432708531
2010-03-26,-0.007637138097707806,0.013863470262028069,0,Bear,0,Sideways,0.8550588072197399,0.14421809040516206,0.0007231023756240276
2010-03-29,0.0010152204725117223,0.012818422267156187,1,Sideways,1,Bull,0.1407520394346026,0.8591454699381508,0.00010249062656064311
2010-03-30,0.0015199866931610187,0.012842013376313627,1,Sideways,0,Sideways,0.8562721279487263,0.14368406088473154,4.381116830035105e-05
2010-03-31,-0.003813213623924198,0.012988645573509395,1,Sideways,1,Bull,0.1398632363537197,0.8601054927725865,3.12708728026336e-05
2010-04-01,0.02047922356205674,0.013256801764861407,1,Sideways,0,Sideways,0.8572144152487251,0.1426955987767172,8.998597610572034e-05
2010-04-02,0.006076040402948512,0.01263963355481206,1,Sideways,1,Bull,0.13607060408790161,0.8638923820872697,3.701382356723409e-05
2010-04-05,0.01002705459721299,0.012567947122702754,1,Sideways,0,Sideways,0.8626018425572117,0.13736417992620234,3.3977517931321234e-05
2010-04-06,-0.004076845292902089,0.012472656648544293,1,Sideways,1,Bull,0.13004931457187818,0.8699160646349641,3.46207919747841e-05
2010-04-07,0.004087044707060426,0.012302328382965721,1,Sideways,0,Sideways,0.8690635845513628,0.13091017690065934,2.6238549272473406e-05
2010-04-08,-0.0039895496965488475,0.012152871369037997,1,Sideways,1,Bull,0.12336326818703,0.8766049847722648,3.174703913763739e-05
2010-04-09,0.013150304394533815,0.01210817757331914,1,Sideways,0,Sideways,0.8758981984398058,0.12406800852886173,3.379303032594949e-05
2010-04-12,-0.006164138766234851,0.012166729550371963,1,Sideways,1,Bull,0.11460246559170874,0.8853537773673715,4.37570419438922e-05
2010-04-13,-0.012766888054049297,0.012112542416448116,0,Bear,0,Sideways,0.8852186835957969,0.11473069230854284,5.062409407097922e-05
2010-04-14,0.02137779086454875,0.012215891798914165,1,Sideways,1,Bull,0.1038832786481185,0.8960442060942456,7.251525629776382e-05
2010-04-15,-0.004649072691107288,0.011615756847408202,1,Sideways,0,Sideways,0.8951846128557392,0.10478517527829002,3.0211866960081357e-05
2010-04-16,-0.014181996529848312,0.01230122653471656,0,Bear,1,Bull,0.0983459923016241,0.901604778685937,4.922901413450839e-05
2010-04-19,-0.0012115159043938112,0.012318208867060379,1,Sideways,0,Sideways,0.9004127142693036,0.09955753422924182,2.9751500086543e-05
2010-04-20,0.012527656482905249,0.012431673668405184,1,Sideways,1,Bull,0.09418942397229879,0.9057838170469441,2.6758979083110116e-05
2010-04-21,-0.007418109969687355,0.01243192313163435,0,Bear,0,Sideways,0.9041893947903265,0.09577447795488782,3.6127253357543375e-05
2010-04-22,-0.0019265573105732966,0.010073377953303703,1,Sideways,1,Bull,0.09109182994482498,0.9088952748715573,1.2895184171471957e-05
2010-04-23,0.0,0.00986652299377121,1,Sideways,0,Sideways,0.90756245336113,0.09242269534558377,1.4851294468790791e-05
2010-04-26,0.012008963718453511,0.01014035396650825,1,Sideways,1,Bull,0.08760277089794768,0.9123832943693988,1.3934732540735422e-05
2010-04-27,-0.014085167308778894,0.010764667171977453,0,Bear,0,Sideways,0.9106475239691699,0.08931523197382849,3.7244056263547916e-05
2010-04-28,-0.004895333721740522,0.010794253779499458,1,Sideways,1,Bull,0.08447676283737975,0.9155065362979005,1.670086345632939e-05
2010-04-29,0.013198531168183588,0.01021788120661861,1,Sideways,0,Sideways,0.9143239662680673,0.08565317073062548,2.2862999845751734e-05
2010-04-30,0.004356560374451813,0.0101787928019811,1,Sideways,1,Bull,0.07939388018948836,0.9205845401085889,2.1579702236151507e-05
2010-05-03,-0.009524700769654811,0.010181670181904546,0,Bear,0,Sideways,0.9197815886505518,0.07999750308717168,0.00022090826215190977
2010-05-04,-0.018303477446912072,0.010935185790892213,0,Bear,1,Bull,0.07164304010150903,0.9263714074068085,0.001985552493352844
2010-05-05,-0.015818194466372625,0.011353281534112752,0,Bear,0,Sideways,0.9081838946967449,0.07257380479768238,0.01924230050567553
2010-05-06,-0.012076288214721427,0.011572902195489699,0,Bear,1,Bull,0.002022851299890874,0.9141642355821747,0.0838129131165018
2010-05-07,-0.056752640826953,0.016260961967253608,0,Bear,2,Bear,9.551320216105676e-08,0.0006186819277599169,0.9993812225588176
2010-05-10,0.06895111992214784,0.02331898806363553,2,Bull,2,Bear,8.3212586245471e-12,8.281954834751313e-09,0.9999999917090463
2010-05-11,0.00024271546941588294,0.023185655213719666,2,Bull,2,Bear,1.8554855579120346e-07,6.225979614554339e-06,0.9999935884721701
2010-05-12,0.02647527444795992,0.023475533858134136,2,Bull,2,Bear,7.416825773477052e-08,3.556571206740946e-06,0.999996369260086
2010-05-13,-0.000807584173031035,0.023461144345151997,2,Bull,2,Bear,2.284785099093826e-08,4.804366959045196e-06,0.9999951727848478
2010-05-14,-0.03839044010362606,0.024767228097834548,0,Bear,2,Bear,5.3643297236775486e-11,1.867065490005659e-08,0.9999999812753233
2010-05-17,0.005780698626759294,0.024830775601840372,2,Bull,2,Bear,2.8098633945638148e-08,1.7390761295279253e-06,0.999998232824252
2010-05-18,0.016049980869436063,0.024950120369064393,2,Bull,2,Bear,1.9146570756620622e-08,1.558711039982006e-06,0.9999984221407145
2010-05-19,0.0,0.024914921690706623,2,Bull,2,Bear,6.410647032531927e-09,1.3681599145192968e-06,0.9999986254306702
2010-05-20,-0.045389385280816444,0.026798904964698656,0,Bear,2,Bear,2.437796761056525e-13,5.126012539975952e-10,0.999999999487045
2010-05-21,-0.006232456764260808,0.026792924328707463,2,Bull,2,Bear,1.008373520250734e-09,1.5434977395425715e-07,0.9999998446401271
2010-05-24,0.00821937854294395,0.026688729981355845,2,Bull,2,Bear,1.4561583734918547e-09,3.1006353260061435e-07,0.9999996884799233
2010-05-25,-0.04309222918371016,0.0280232946056091,0,Bear,2,Bear,1.007975005732146e-13,2.1049215244976226e-10,0.9999999997889972
2010-05-26,0.034723046930723464,0.029426047122638327,2,Bull,2,Bear,1.2910797800353824e-11,6.871391744518694e-09,0.9999999931169441
2010-05-27,0.007265177159343545,0.029279232638144116,2,Bull,2,Bear,9.851482820518958e-11,1.9582980661995898e-08,0.9999999803185349
2010-05-28,0.013409220859139724,0.02947988462950933,2,Bull,2,Bear,7.538378437618253e-11,1.6566488275295622e-08,0.999999983359885
2010-05-31,-0.015486659709165186,0.029576514189502565,2,Bull,2,Bear,1.0424667771566152e-11,3.0881729015130616e-09,0.9999999969004421
2010-06-01,0.0013873065379429769,0.029387087641287713,2,Bull,2,Bear,7.22925355317739e-11,1.4280413544227192e-08,0.9999999856481737
2010-06-02,0.013715498897174574,0.02942870743503047,2,Bull,2,Bear,8.089520582834813e-11,1.7529245706277075e-08,0.9999999823885447
2010-06-03,0.003520229706570543,0.02932902778702749,2,Bull,2,Bear,9.734650009929406e-11,1.662830617278468e-08,0.9999999832725736
2010-06-04,-0.01443938268866082,0.02642655032919077,2,Bull,2,Bear,1.8660155387597842e-08,1.139931303415874e-07,0.9999998673483875
2010-06-07,-0.005624472211760052,0.021195739545744347,2,Bull,2,Bear,6.4147557913757915e-06,2.983586215134048e-05,0.9999637493806001
2010-06-08,-0.0118959853325701,0.021303657908300726,0,Bear,2,Bear,0.00012255204961776048,4.6320633326963095e-05,0.9998311273154218
2010-06-09,0.011864740274316372,0.02049131946431923,2,Bull,2,Bear,0.0007236697874890066,0.001526337132534487,0.9977499930807695
2010-06-10,0.010202720461081796,0.020707746238993772,2,Bull,2,Bear,0.010694349395386247,0.00268421721511115,0.9866214333901895
2010-06-11,0.004905781489583273,0.018972979091350557,2,Bull,2,Bear,0.01699443092493181,0.03948662601977425,0.9435189430539088
2010-06-14,0.0100560871544241,0.01907195806095597,2,Bull,2,Bear,0.1121705847522956,0.03090991692505072,0.8569194983240376
2010-06-15,0.01306767901391356,0.018948308397360378,2,Bull,2,Bear,0.0654486670694493,0.1929860725018409,0.7415652604281183
2010-06-16,-0.0003262101084923565,0.018948003733947057,2,Bull,2,Bear,0.4017084454717285,0.10656472152530229,0.49172683300332404
2010-06-17,0.00861659377230344,0.01580230291940139,1,Sideways,1,Bull,0.2136258328030917,0.6231075272975795,0.16326663989851556
2010-06-18,0.0025190935546000933,0.015677396989823483,1,Sideways,0,Sideways,0.7259491528928731,0.2363578836400869,0.037692963467691964
2010-06-21,0.004246317181754217,0.01562794367150429,1,Sideways,1,Bull,0.2384002190693887,0.7513094050035694,0.01029037592662403
2010-06-22,-0.004728536130378503,0.01157508650884384,1,Sideways,0,Sideways,0.7575733120955224,0.24169737139523187,0.0007293165094021377
2010-06-23,-0.01949516631525761,0.010373929025132542,0,Bear,1,Bull,0.23411582744144868,0.7657052834895666,0.00017888906831181028
2010-06-24,0.00016625879808507537,0.01029242197956674,1,Sideways,0,Sideways,0.7628903733269757,0.23708523078024793,2.4395894135083064e-05
2010-06-25,-0.0009213756679272525,0.009895030792141966,1,Sideways,1,Bull,0.23173377291343544,0.7682514955217272,1.4731566438742497e-05
2010-06-28,0.010132111281669718,0.009350624516242153,1,Sideways,0,Sideways,0.7654015089355927,0.23457724370591324,2.1247358570596275e-05
2010-06-29,-0.021815744682178694,0.010746143610659677,0,Bear,1,Bull,0.22809211909657964,0.7718372974826414,7.058341998993972e-05
2010-06-30,-0.0068293797294358225,0.010412077837338886,1,Sideways,0,Sideways,0.7677207594586651,0.23225160512147566,2.763541989808623e-05
2010-07-01,-0.00558079707430351,0.010433394055222209,1,Sideways,1,Bull,0.2282432307497636,0.7717401717721364,1.6597476450117407e-05
2010-07-02,0.02000954390695794,0.010895464808854838,1,Sideways,0,Sideways,0.7677068308101477,0.23224519343939076,4.7975750796305525e-05
2010-07-05,0.0014190016136936944,0.01078578757083527,1,Sideways,1,Bull,0.22518831848149357,0.7747886966737444,2.298484298706992e-05
2010-07-06,0.01906305211227159,0.01101434205774794,1,Sideways,0,Sideways,0.7729128222306765,0.22704768433895603,3.94934312263827e-05
2010-07-07,0.0001902213548228287,0.0108178534501247,1,Sideways,1,Bull,0.21572087470107565,0.7842486407366687,3.0484561904239272e-05
2010-07-08,0.00958433353044436,0.010794770477997272,1,Sideways,0,Sideways,0.7839558664759635,0.2160254529317499,1.8680593446697437e-05
2010-07-09,-0.003401036360781998,0.010845436017074358,1,Sideways,1,Bull,0.20303412157424,0.7969312782618677,3.460016399850062e-05
2010-07-12,0.00730307066339956,0.010752185400366696,1,Sideways,0,Sideways,0.7971095915514201,0.20287345495201708,1.695349819770927e-05
2010-07-13,0.012238491679243886,0.01070739260839927,1,Sideways,1,Bull,0.18874037291120876,0.8112212651952067,3.836189424931589e-05
2010-07-14,0.0003877412862418029,0.010701753027799901,1,Sideways,0,Sideways,0.811152625434672,0.18883075844541497,1.66161203889602e-05
2010-07-15,-0.010542251175203238,0.010901439285076003,0,Bear,1,Bull,0.17715886437397804,0.8227987596770361,4.23759496755766e-05
2010-07-16,0.000684498412200371,0.010893017907989733,1,Sideways,0,Sideways,0.822574982422765,0.17740792391632892,1.709366230484218e-05
2010-07-19,0.0066467937878857105,0.01094832942092872,1,Sideways,1,Bull,0.16664774199650356,0.8333247655198107,2.7492483300940274e-05
2010-07-20,0.0019494897526390947,0.01087482294896188,1,Sideways,0,Sideways,0.8330050230214815,0.16697734636910166,1.7630608307176673e-05
2010-07-21,0.021524350394718613,0.01066021663120413,1,Sideways,1,Bull,0.15670744432132208,0.8432437595102172,4.879616747649474e-05
2010-07-22,0.007114775693095983,0.010672435861128711,1,Sideways,0,Sideways,0.8414249939011752,0.15855401850474496,2.098759265302271e-05
2010-07-23,-0.010401196288304037,0.011079898702914528,0,Bear,1,Bull,0.1523049669840493,0.8476682363026083,2.6796713596362863e-05
2010-07-26,0.0035049129475626275,0.010953242432511962,1,Sideways,0,Sideways,0.845899367449816,0.15408164215370282,1.8990396822178008e-05
2010-07-27,0.013705574010502122,0.009569371574780597,1,Sideways,1,Bull,0.14816246178068349,0.851820694071392,1.684414862872794e-05
2010-07-28,0.0012490886735810462,0.009233774761070382,1,Sideways,0,Sideways,0.8493941729080358,0.1505914383391795,1.4388752205665714e-05
2010-07-29,0.005497568101089642,0.008902568402784809,1,Sideways,1,Bull,0.14600240488328456,0.8539872731963117,1.0321919653232389e-05
2010-07-30,-0.014435814923905096,0.009249803900269212,0,Bear,0,Sideways,0.8514741545637832,0.1484970375149503,2.880792029625182e-05
2010-08-02,0.01370950419395216,0.009497741033371596,1,Sideways,1,Bull,0.1431618092819377,0.8568217130478367,1.6477669763455635e-05
2010-08-03,-0.0101796339022517,0.009351728785128986,0,Bear,0,Sideways,0.8541259906722843,0.14585225380732478,2.175552146134386e-05
2010-08-04,-0.003297752236863761,0.009435432673837856,1,Sideways,1,Bull,0.14140011706341876,0.8585885126569612,1.1370279357704163e-05
2010-08-05,-0.004646689659597195,0.009420936582234817,1,Sideways,0,Sideways,0.8562636401442713,0.14372032301558058,1.6036841242815053e-05
2010-08-06,0.0025118651727800844,0.009337222011133838,1,Sideways,1,Bull,0.13912975082909904,0.8608599685597692,1.0280612375939953e-05
2010-08-09,0.00221830041641816,0.009260622582329306,1,Sideways,0,Sideways,0.8586042713379382,0.14138112669236746,1.4601969128700785e-05
2010-08-10,-0.012029828170033324,0.009432935926941334,0,Bear,1,Bull,0.13669140425077506,0.8632910728041914,1.752294678239008e-05
2010-08-11,-0.01730126494910093,0.010262348705475896,0,Bear,0,Sideways,0.860784199962535,0.13916946582560666,4.633421297011285e-05
2010-08-12,0.003930023516354364,0.00999599289471161,1,Sideways,1,Bull,0.13346716334539951,0.8665177013718737,1.513528356757219e-05
2010-08-13,0.0016464347947484066,0.009998746224961963,1,Sideways,0,Sideways,0.8649258173523726,0.13505914561364327,1.5037034765616081e-05
2010-08-16,0.005846487705408125,0.009975039472681841,1,Sideways,1,Bull,0.12937297346278342,0.8706136942143486,1.333232446633538e-05
2010-08-17,0.010823009277810646,0.010231981749031172,1,Sideways,0,Sideways,0.8689820637853357,0.1309986340169305,1.930219642536504e-05
2010-08-18,-0.0003280034092483828,0.009026209454041093,1,Sideways,1,Bull,0.12451023365438005,0.875476705555479,1.306078911455405e-05
2010-08-19,-0.01004291503936385,0.009124914959771361,0,Bear,0,Sideways,0.8744272857799527,0.12555480990392198,1.7904314663051278e-05
2010-08-20,-0.0016921879407778618,0.008851397695622085,1,Sideways,1,Bull,0.11845151684151893,0.8815348496484853,1.363351117621347e-05
2010-08-23,0.002390358935385923,0.008828563317073861,1,Sideways,0,Sideways,0.880794280116721,0.11919387514345231,1.184474157964177e-05
2010-08-24,-0.004549347667447653,0.008201689227967702,1,Sideways,1,Bull,0.11182641508423297,0.8881599962226234,1.3588694644271577e-05
2010-08-25,-0.005773773219054397,0.008231053188208885,1,Sideways,0,Sideways,0.88757155282666,0.11241575731241825,1.2689859401433427e-05
2010-08-26,0.013164993188465042,0.008750291208638777,1,Sideways,1,Bull,0.1048685402616777,0.8951146196566364,1.6840081053461148e-05
2010-08-27,0.004861238959505011,0.008289200575434728,1,Sideways,0,Sideways,0.8940822735521897,0.10590567793869525,1.2048509863342038e-05
2010-08-30,0.0,0.0075956256953677295,1,Sideways,1,Bull,0.099645291526589,0.9003442063457123,1.0502129213789872e-05
2010-08-31,0.010504858498138293,0.007704905213380414,1,Sideways,0,Sideways,0.899542013962399,0.10044375812570161,1.422791017245279e-05
2010-09-01,0.011816905966584388,0.008104429232214896,1,Sideways,1,Bull,0.09282781197224693,0.9071569195933664,1.526843457299003e-05
2010-09-02,0.0029650269512291323,0.008020022451379352,1,Sideways,0,Sideways,0.9064136575831231,0.09357516539089702,1.1177025214570222e-05
2010-09-03,0.002184395444350682,0.008017210583681838,1,Sideways,1,Bull,0.08715436896052652,0.9128350068295099,1.0624209737129838e-05
2010-09-06,0.0016741048838044147,0.008013894316425048,1,Sideways,0,Sideways,0.9122262880918646,0.08776284384181382,1.0868065540861499e-05
2010-09-07,-0.0058138446354306,0.00759117010785669,1,Sideways,1,Bull,0.081250341992012,0.9187379539761685,1.170403321422501e-05
2010-09-08,-0.002285910023459291,0.0062828498177349024,1,Sideways,0,Sideways,0.9182620237360751,0.08172760339868647,1.03728643268103e-05
2010-09-09,0.0,0.006282943001267707,1,Sideways,1,Bull,0.07523220140730154,0.924757588101019,1.0210490935422418e-05
2010-09-10,0.0,0.006296791659714738,1,Sideways,0,Sideways,0.924384957402104,0.07560342676318622,1.1615834574739991e-05
2010-09-13,0.026892298906866025,0.008413588767301132,1,Sideways,1,Bull,0.06895790894344263,0.9310032817399112,3.8809316268310126e-05
2010-09-14,0.00350969130564394,0.008204685542599064,1,Sideways,0,Sideways,0.9287062207644511,0.07127947839290165,1.4300844427242359e-05
2010-09-15,0.014597082064961159,0.008605394778482049,1,Sideways,1,Bull,0.06862090868680563,0.931371039597189,8.051715290540175e-06
2010-09-16,0.005271809142491959,0.008024885552898485,1,Sideways,0,Sideways,0.9283301402426999,0.07165564000859868,1.4219749313186996e-05
2010-09-17,0.0020250644315182474,0.00792892898137905,1,Sideways,1,Bull,0.06957878018705169,0.9304164295103285,4.790303115666623e-06
2010-09-20,0.006673408189151767,0.007936120340573366,1,Sideways,0,Sideways,0.9276414956099548,0.07234426186228043,1.4242528813689774e-05
2010-09-21,-0.0025682443373742235,0.007830383968317584,1,Sideways,1,Bull,0.06994597728576976,0.9300486555091139,5.3672043454562814e-06
2010-09-22,0.005511554228990468,0.007449577214447221,1,Sideways,0,Sideways,0.9276737691821697,0.07231317947483022,1.3051343909397389e-05
2010-09-23,-0.004453209367142925,0.007480987155534467,1,Sideways,1,Bull,0.06958240140266737,0.930411748758671,5.849839064985189e-06
2010-09-24,0.000761410344319104,0.007517084419195524,1,Sideways,0,Sideways,0.928343778683017,0.07164428381424782,1.1937501039706465e-05
2010-09-27,0.005987584664812362,0.0074700165132330475,1,Sideways,1,Bull,0.06876982628726352,0.931224297445626,5.876266785807568e-06
2010-09-28,0.014784747140054188,0.007715517017582169,1,Sideways,0,Sideways,0.9290958678678236,0.0708833966267289,2.0735505790111962e-05
2010-09-29,-0.0005871709828480091,0.007591982644096332,1,Sideways,1,Bull,0.0669410372323345,0.9330514892185015,7.4735476159872924e-06
2010-09-30,0.00339621836733133,0.007589929811320467,1,Sideways,0,Sideways,0.9318475452290634,0.0681407184978504,1.1736273844189896e-05
2010-10-01,-0.013649646840258607,0.008541999907854453,0,Bear,1,Bull,0.0639228640150644,0.9360641827808317,1.2953202883385396e-05
2010-10-04,0.00817051197709609,0.008608727583990648,1,Sideways,0,Sideways,0.9347411227201331,0.06524459510321234,1.4282177815976232e-05
2010-10-05,0.013184776774921596,0.008585387897260216,1,Sideways,1,Bull,0.06104502032460345,0.9389449156102602,1.0064065980178714e-05
2010-10-06,0.008959099893940663,0.008494906204231632,1,Sideways,0,Sideways,0.9374525627099227,0.06253288754340905,1.4549748306182932e-05
2010-10-07,-0.0018063284301411346,0.008559363139859683,1,Sideways,1,Bull,0.05870545047213057,0.9412869776262053,7.571900099436614e-06
2010-10-08,0.006840039068727384,0.008492479057269572,1,Sideways,0,Sideways,0.9402088817816022,0.05977659142385967,1.4526796167015583e-05
2010-10-11,0.026177300958160905,0.008397217185195276,1,Sideways,1,Bull,0.05542831160914796,0.9445456877695457,2.600062053011947e-05
2010-10-12,0.00973643419124276,0.008448891120815136,1,Sideways,0,Sideways,0.9416740622008037,0.05830827601299221,1.7661785948739547e-05
2010-10-13,0.007033761400849035,0.00818303724029457,1,Sideways,1,Bull,0.056275906160871685,0.9437188685480074,5.225292079983528e-06
2010-10-14,-0.013504474416918941,0.009175812120665294,0,Bear,0,Sideways,0.9411535540803042,0.058819437062290716,2.700885750828762e-05
2010-10-15,0.01256771695970428,0.009349486845588359,1,Sideways,1,Bull,0.0564792007495903,0.9435128614215291,7.937830256738345e-06
2010-10-18,0.005076892335258561,0.009338207304991412,1,Sideways,0,Sideways,0.9408752574008709,0.05910883048668547,1.591211267643446e-05
2010-10-19,-0.008827128764881972,0.009688699592852698,1,Sideways,1,Bull,0.05709589399019869,0.9428967073033616,7.398707728621909e-06
2010-10-20,-0.006814440994713452,0.009992694094081898,1,Sideways,0,Sideways,0.9403709622614927,0.05960831314709049,2.0724590839378528e-05
2010-10-21,0.015532240821719303,0.010137765156198972,1,Sideways,1,Bull,0.05752869890905092,0.9424622770625629,9.02403010880705e-06
2010-10-22,0.00786810943101744,0.010118787412846756,1,Sideways,0,Sideways,0.9391245982894942,0.06085520655412985,2.0195155122965338e-05
2010-10-25,-0.0011696161764880573,0.010208420761854213,1,Sideways,1,Bull,0.05918551992606704,0.9408080450960808,6.434976062788651e-06
2010-10-26,-0.002500090591127296,0.010035316952752914,1,Sideways,0,Sideways,0.9379093803028002,0.06204210162276398,4.851807395069614e-05
2010-10-27,-0.030981044202080036,0.0126839490513772,0,Bear,1,Bull,0.06011983320048164,0.9397192393365473,0.00016092746167348823
2010-10-28,0.002504540675696353,0.012681328619192496,1,Sideways,0,Sideways,0.9319276639944377,0.06801010420662335,6.223179885425241e-05
2010-10-29,0.0,0.012137967225064166,1,Sideways,1,Bull,0.06803719503467316,0.9319533034800798,9.501486159858348e-06
2010-11-01,0.004553309719172746,0.012082159791049813,1,Sideways,0,Sideways,0.9242921523412821,0.07566554921688073,4.2298441969240415e-05
2010-11-02,-0.00802499373000887,0.012046204245386355,0,Bear,1,Bull,0.07549085398907981,0.9244976917073571,1.1454305365773934e-05
2010-11-03,0.0012018659253481532,0.011923110103096048,1,Sideways,0,Sideways,0.9167677590980556,0.08314820105182492,8.403985056004788e-05
2010-11-04,0.03298700025589091,0.01383512511814692,1,Sideways,1,Bull,0.0828776297703731,0.9170004648355243,0.00012190539332985696
2010-11-05,-0.0017814653018570666,0.013843913700518453,1,Sideways,0,Sideways,0.8916667960519453,0.10814533171718005,0.00018787223206482144
2010-11-08,0.0022848214431435664,0.012682816372422613,1,Sideways,1,Bull,0.11086905433084496,0.8891120397866333,1.890588148556067e-05
2010-11-09,0.008452912073185707,0.01264152498224292,1,Sideways,0,Sideways,0.863709836995185,0.13616679661479622,0.00012336639183002163
2010-11-10,-0.0138252615633187,0.013000924746265727,0,Bear,1,Bull,0.13842857200003575,0.8615370533009644,3.4374699185407874e-05
2010-11-11,-0.006768842730544504,0.01270901514049334,0,Bear,0,Sideways,0.8337935406107636,0.16605313683606415,0.00015332255465840396
2010-11-12,-0.007618211101111611,0.012509955443987902,0,Bear,1,Bull,0.16876587541074164,0.8312118473364056,2.2277252577824873e-05
2010-11-15,0.006377572859951378,0.012543221458961654,1,Sideways,0,Sideways,0.8033120029071484,0.1965769152543227,0.00011108183728755182
2010-11-16,0.0,0.012382675111983684,1,Sideways,1,Bull,0.1991375253399392,0.8008480207593551,1.4453902141970943e-05
2010-11-17,0.0,0.012275287910432935,1,Sideways,0,Sideways,0.7745433496601245,0.22535718250361783,9.946783602725823e-05
2010-11-18,0.0,0.011751329986089024,1,Sideways,1,Bull,0.22782310019091237,0.7721608798688604,1.601993902848279e-05
2010-11-19,0.0,0.011593356273923019,1,Sideways,0,Sideways,0.7456527028954648,0.2539489006064173,0.0003983964968289929
2010-11-22,-0.03004184732526324,0.013321663470006278,0,Bear,1,Bull,0.2558536891321918,0.7433353883616339,0.0008109225075744414
2010-11-23,-0.023702597723816873,0.014167050623602113,0,Bear,0,Sideways,0.6754584423630914,0.32187300411853836,0.0026685535176812097
2010-11-24,0.013406372441174525,0.013019359800698734,1,Sideways,1,Bull,0.3276978295402441,0.6719564027237933,0.00034576773527246913
2010-11-25,-0.0012174430678593025,0.012993207956952923,1,Sideways,0,Sideways,0.6260887703759034,0.37330288371465525,0.0006083459077050076
2010-11-26,-0.015022444491972722,0.013350354442208633,0,Bear,1,Bull,0.3781233775936873,0.621210905580079,0.0006657168249629481
2010-11-29,-0.03187963122179115,0.014822598536122635,0,Bear,0,Sideways,0.5534202137689314,0.4348010960663464,0.01177869016344598
2010-11-30,0.019760631486869,0.015679067075359564,1,Sideways,1,Bull,0.4416444733498204,0.5536542991820141,0.004701227467841885
2010-12-01,0.012247525681355198,0.016002678077054838,1,Sideways,0,Sideways,0.5246636751319219,0.4731828687534032,0.0021534561157410485
2010-12-02,0.011764577749334804,0.014172337286368382,1,Sideways,1,Bull,0.4766664076805912,0.5229872633439586,0.0003463289766310056
2010-12-03,-0.0011793869513584477,0.014175428541894424,1,Sideways,0,Sideways,0.493442948890901,0.5062500369473963,0.0003070141619321531
2010-12-06,0.012660971310983428,0.014557893722338367,1,Sideways,1,Bull,0.5089884622274267,0.49089147059046295,0.00012006718347937667
2010-12-07,0.0023808178138663904,0.014383468698304754,1,Sideways,0,Sideways,0.45512594909093196,0.5441727424834232,0.0007013084270089499
2010-12-08,-0.0024915154915007933,0.014140510479940421,1,Sideways,1,Bull,0.547339595172494,0.45174128786871787,0.0009191169580991211
2010-12-09,-0.026804803930385944,0.01516391055867401,0,Bear,0,Sideways,0.4016118734114168,0.5823876363747913,0.016000490214977143
2010-12-10,-0.0176765814439178,0.015486136018200553,0,Bear,1,Bull,0.5836171185447208,0.40163716477427164,0.014745716679406603
2010-12-13,0.024729072953708506,0.01660954837365138,1,Sideways,0,Sideways,0.3753600190649831,0.6078940257133236,0.016745955220812882
2010-12-14,0.0019459328358248289,0.0166315940786314,1,Sideways,1,Bull,0.608741746837707,0.3766079373508292,0.014650315811524452
2010-12-15,-0.015309832322503698,0.01685853763101007,0,Bear,0,Sideways,0.360714817087739,0.6214629437754133,0.01782223913750257
2010-12-16,-0.016466352753705723,0.017088304686161196,0,Bear,1,Bull,0.6202266549594488,0.36286348865807516,0.01690985638115459
2010-12-17,-0.014150613178368009,0.017200240459255257,0,Bear,0,Sideways,0.35059268598634363,0.6356608900082781,0.013746424006279019
2010-12-20,-0.0003558558676193784,0.016161621829542984,1,Sideways,1,Bull,0.6411240663997758,0.3534484446931457,0.00542748890771768
2010-12-21,0.02054292663810915,0.016259605623178682,1,Sideways,0,Sideways,0.344035422157238,0.6527345892516835,0.0032299885924060644
2010-12-22,0.00952866903879082,0.016099150110664654,1,Sideways,1,Bull,0.651060218804262,0.3476867187692472,0.0012530624282017693
2010-12-23,0.011830690665721065,0.016366946312795914,1,Sideways,0,Sideways,0.34092384180442536,0.6583969287528526,0.0006792294434275891
2010-12-24,0.0007290924458434756,0.01601656991930122,1,Sideways,1,Bull,0.6553529725738902,0.344355021844749,0.0002920055827911189
2010-12-27,0.0013466808097892954,0.01413912305190663,1,Sideways,0,Sideways,0.3384870395453153,0.661415332984581,9.762746891024992e-05
2010-12-28,0.0012847012855957802,0.013489190972260362,1,Sideways,1,Bull,0.6581635573259885,0.3417867577574365,4.9684916168557e-05
2010-12-29,0.004172424902429336,0.013248085832589882,1,Sideways,0,Sideways,0.3357842145864722,0.6641733792890359,4.2406124035788293e-05
2010-12-30,0.0015335908655293073,0.012982000238680574,1,Sideways,1,Bull,0.6608311560108971,0.33912530895237214,4.353503754774715e-05
2010-12-31,-0.01231095409657049,0.013266776862760527,0,Bear,0,Sideways,0.33315509672061544,0.6667482596292131,9.664364921982623e-05
2011-01-03,0.024001858612278885,0.014082662652577323,1,Sideways,1,Bull,0.6626470737905981,0.3371664208245317,0.00018650538351294276
2011-01-04,0.009040857229589389,0.014221893869713457,1,Sideways,0,Sideways,0.3269247783085534,0.6729603628520415,0.000114858838041757
2011-01-05,0.008859474629989572,0.01433253886743289,1,Sideways,1,Bull,0.6714850276704606,0.3284525111223006,6.246120658845074e-05
2011-01-06,0.006981409777786474,0.012815553238804388,1,Sideways,0,Sideways,0.31820046183091827,0.6817460190655354,5.351910189024269e-05
2011-01-07,-0.007834580202037164,0.012172320675404249,0,Bear,1,Bull,0.6804014619595317,0.319563584960097,3.4953079708883654e-05
2011-01-10,-0.01310857826764146,0.011542295310297388,0,Bear,0,Sideways,0.30939368755554436,0.6905461170694429,6.019537664510543e-05
2011-01-11,-0.0030352120052202143,0.011577066949070625,1,Sideways,1,Bull,0.6888922179837185,0.31108420058373965,2.3581433551745316e-05
2011-01-12,0.003759824802596534,0.010942795521064684,1,Sideways,0,Sideways,0.3023746835890252,0.697600148049805,2.5168362845230306e-05
2011-01-13,0.00954731559798167,0.010174182468550187,1,Sideways,1,Bull,0.6958943243196247,0.3040880772622842,1.7598419475087888e-05
2011-01-14,-0.010199722226662636,0.009854575654335406,0,Bear,0,Sideways,0.2943063953479516,0.7056605905148401,3.301413902407141e-05
2011-01-17,-0.015562500985993037,0.01070289077295832,0,Bear,1,Bull,0.7042087475626174,0.2957532639571006,3.798847868478272e-05
2011-01-18,-0.006049900206006899,0.009977940461205578,1,Sideways,0,Sideways,0.2843786872851765,0.7155904649795317,3.084773351933161e-05
2011-01-19,0.0005207419896290305,0.009784865283915808,1,Sideways,1,Bull,0.7149239074532335,0.285061724859194,1.436768900227016e-05
2011-01-20,-0.017835682573775016,0.010257921495402618,0,Bear,0,Sideways,0.2737793995753536,0.726156598490923,6.400193286398267e-05
2011-01-21,0.00974442734174871,0.01051914931707878,1,Sideways,1,Bull,0.7245850340734697,0.27539360887998093,2.1357047922764267e-05
2011-01-24,-0.011067107644271755,0.010782476835013556,0,Bear,0,Sideways,0.2657011068252709,0.734259679355595,3.9213820679831613e-05
2011-01-25,-0.0007487878901639639,0.010770592218548931,1,Sideways,1,Bull,0.732862624073837,0.2671191283588774,1.824756642682257e-05
2011-01-26,0.012326898987956319,0.01112441962235256,1,Sideways,0,Sideways,0.25833631310578675,0.7416278226124522,3.5864282763652805e-05
2011-01-27,-0.014082792103583729,0.011510227065361282,0,Bear,1,Bull,0.7394897752658877,0.2604155304723712,9.469426111293229e-05
2011-01-28,-0.028497835500141743,0.012816307684411363,0,Bear,0,Sideways,0.2513855872993116,0.7481841604010528,0.00043025230042039527
2011-01-31,0.0010562678020905613,0.01128665281787123,1,Sideways,1,Bull,0.7433933817693832,0.2565459088040584,6.070942792103686e-05
2011-02-01,0.02411505358395162,0.012583591109957217,1,Sideways,0,Sideways,0.2531499477036626,0.7467786044927323,7.144780352524558e-05
2011-02-02,0.007446351976950746,0.012519929184712215,1,Sideways,1,Bull,0.736383035111194,0.26349970823945423,0.00011725665048852435
2011-02-03,-0.024476602681376813,0.013206609650258869,0,Bear,0,Sideways,0.26225005154094705,0.7375108073171915,0.00023914114255562448
2011-02-04,0.024505761521731905,0.014640130613322647,1,Sideways,1,Bull,0.7194141189502355,0.28007056623653703,0.0005153148139083399
2011-02-07,-0.006195879173546019,0.014459013765116146,0,Bear,0,Sideways,0.27890571890610305,0.7209484814064342,0.00014579968821407644
2011-02-08,0.005354884787250225,0.014556007038779448,1,Sideways,1,Bull,0.7115966493390011,0.2882650926065518,0.00013825805501084166
2011-02-09,0.004823271562404782,0.014579374556377258,1,Sideways,0,Sideways,0.2868385246817434,0.7130823931471388,7.908216964759887e-05
2011-02-10,-0.01766467913339134,0.014737130909904124,0,Bear,1,Bull,0.7035696435592044,0.29604166401555215,0.00038869242600574766
2011-02-11,0.00478353225192505,0.014739362944064421,1,Sideways,0,Sideways,0.29348029822402993,0.7064030758685456,0.00011662590906026412
2011-02-14,-0.0024980793556206677,0.01440998295951771,1,Sideways,1,Bull,0.6998026736003986,0.3000837142520869,0.00011361214651318424
2011-02-15,0.0036051124642835102,0.014419086695722947,1,Sideways,0,Sideways,0.29741455922087806,0.7025134230274513,7.201775134629548e-05
2011-02-16,0.008599908389963523,0.014583225936745126,1,Sideways,1,Bull,0.6957224297057087,0.30402390867128026,0.0002536616221198754
2011-02-17,0.009310679324434936,0.014175257668657024,1,Sideways,0,Sideways,0.3006262726635054,0.698790729892635,0.0005829974430711711
2011-02-18,0.0001909338967490559,0.01400810670474485,1,Sideways,1,Bull,0.6873265732086302,0.30728468298797185,0.005388743802153043
2011-02-21,-0.013069708268732414,0.014098576835599503,0,Bear,0,Sideways,0.2893739339197773,0.6899308399171947,0.02069522616409609
2011-02-22,-0.007245596099345894,0.014189933805862377,0,Bear,1,Bull,0.5648685212343965,0.29688088321141337,0.13825059555530278
2011-02-23,-0.023901217459916548,0.014782356895719183,0,Bear,2,Bear,0.06006865475996234,0.5657758244796162,0.3741555207594511
2011-02-24,-0.03827825667063315,0.016675538121439983,0,Bear,2,Bear,0.021759317768477702,0.06250627292506769,0.915734409306345
2011-02-25,0.009932332862091926,0.015823936635804763,1,Sideways,2,Bear,0.05943284810667116,0.022858569467564527,0.9177085824265143
2011-02-28,-0.0013599360266724227,0.01581277110263989,1,Sideways,2,Bear,0.004799172937421696,0.0606120353918224,0.9345887916693325
2011-03-01,-0.04291899479778206,0.017124927469199656,0,Bear,2,Bear,0.0004591095082995477,0.00471750349970873,0.9948233869937038
2011-03-02,-0.0007684718714119867,0.016909036812954387,1,Sideways,2,Bear,0.00555921262885275,0.0013488817291139675,0.9930919056430227
2011-03-03,0.028944183068576903,0.0179200237382527,2,Bull,2,Bear,0.001069611238815635,0.006135468106482623,0.9927949206555852
2011-03-04,0.011947442337183919,0.017118955949043602,1,Sideways,2,Bear,0.006528273950451204,0.0023019986676180706,0.9911697273806771
2011-03-07,-0.014756588468382025,0.017300696185345514,0,Bear,2,Bear,0.0022431398513268275,0.007183494886650019,0.9905733652603161
2011-03-08,0.017842905104220028,0.017862760982710574,2,Bull,2,Bear,0.006613054140689838,0.003148033190769459,0.990238912670251
2011-03-09,0.01909972359670134,0.01847193038558603,2,Bull,2,Bear,0.0033096478046058505,0.007645994756325963,0.9890443574390803
2011-03-10,0.010909484021106596,0.018334501491804052,2,Bull,2,Bear,0.008514316455448876,0.004697836840525513,0.986787846705572
2011-03-11,0.009649525539634185,0.018446971601956748,2,Bull,2,Bear,0.005879555502049021,0.010078292188079301,0.9840421523113889
2011-03-14,0.011665446037733555,0.018646642603655592,2,Bull,2,Bear,0.011156116631082423,0.007430842679970951,0.9814130406907143
2011-03-15,-0.004912184617184514,0.018656509888187362,0,Bear,2,Bear,0.009259307263728327,0.013444116365488156,0.9772965763720785
2011-03-16,-0.014643974478652665,0.01878622233597978,0,Bear,2,Bear,0.01838142220441938,0.012340886762487069,0.9692776910347048
2011-03-17,0.0031839323337802187,0.018648077538585103,2,Bull,2,Bear,0.028852047320484655,0.03500860810081721,0.9361393445772341
2011-03-18,0.005609440676671764,0.01871965162398458,2,Bull,2,Bear,0.0693343759079536,0.04259148985902324,0.8880741342345683
2011-03-21,0.00587864090381522,0.01859050987732371,2,Bull,2,Bear,0.07026778776862887,0.09881270913662994,0.8309195030957283
2011-03-22,0.010208484457598848,0.018676843637572785,2,Bull,2,Bear,0.1553100868785909,0.0928555640598151,0.7518343490624215
2011-03-23,-0.017963949551968266,0.018317894269343205,0,Bear,2,Bear,0.13701628743458044,0.20699307931700234,0.6559906332467166
2011-03-24,0.009936423534151823,0.015973569439127616,1,Sideways,0,Sideways,0.5012080256209928,0.28753456604675315,0.2112574083336361
2011-03-25,-0.0016936730808570855,0.015914629745574307,1,Sideways,1,Bull,0.3611173184048639,0.5692744747688961,0.06960820682517022
2011-03-28,0.00022256327151020207,0.01589943932994199,1,Sideways,0,Sideways,0.6011919336619673,0.38123529772287357,0.017572768614793653
2011-03-29,-0.007771860377043571,0.012124155166389646,0,Bear,1,Bull,0.38476737093164637,0.6132790435536996,0.00195358551454654
2011-03-30,0.012496109171085542,0.012204665895315096,1,Sideways,0,Sideways,0.6100373679780255,0.3897524572395692,0.0002101747825200194
2011-03-31,-0.0020326225776486624,0.010871087498109588,1,Sideways,1,Bull,0.3837463364558105,0.6162159010091443,3.7762535242504366e-05
2011-04-01,0.019668904015913435,0.011324125371724784,1,Sideways,0,Sideways,0.6128371100915266,0.3871063603555154,5.6529553147734716e-05
2011-04-04,0.028023599851430873,0.011702380183078575,1,Sideways,1,Bull,0.37676400552754175,0.6230890915419912,0.00014690293136978598
2011-04-05,0.0015894229540335922,0.011379677692128403,1,Sideways,0,Sideways,0.6172927980527491,0.3826720750148318,3.512693161031634e-05
2011-04-06,0.014078369964901824,0.01110324268736742,1,Sideways,1,Bull,0.3791053234594889,0.6208703158902655,2.436065121305278e-05
2011-04-07,0.012180674090172375,0.011144191278002837,1,Sideways,0,Sideways,0.613163167842266,0.38679211768124533,4.471447799812507e-05
2011-04-08,-0.02031131403266793,0.012396873237609553,0,Bear,1,Bull,0.3834189955558985,0.6164878673713609,9.313707135323457e-05
2011-04-11,0.0014880893815295507,0.012242059231274112,1,Sideways,0,Sideways,0.6068762987160364,0.393073172694134,5.052858895973205e-05
2011-04-12,-0.0027577692055362735,0.012180303337186452,1,Sideways,1,Bull,0.3914822293716582,0.6084965606069307,2.121002179476196e-05
2011-04-13,0.002885301122584997,0.011463331875910018,1,Sideways,0,Sideways,0.5989204283483325,0.4010440224927113,3.554916006712215e-05
2011-04-14,-0.0035825345187714516,0.011580048600764371,1,Sideways,1,Bull,0.3993612287367448,0.600619019752474,1.975150959921667e-05
2011-04-15,0.007199005054152864,0.011601391143451881,1,Sideways,0,Sideways,0.591131737592011,0.4087812165425352,8.704586366072092e-05
2011-04-18,-0.027292249077334095,0.013463178376053974,0,Bear,1,Bull,0.4064796453926767,0.5931367998921389,0.00038355471535391557
2011-04-19,0.016889208688082375,0.013761607195741241,1,Sideways,0,Sideways,0.573885957168969,0.4258807762555173,0.00023326657539748404
2011-04-20,0.004593621686317891,0.012924161721488402,1,Sideways,1,Bull,0.4257011699614103,0.574260537415641,3.8292621891481324e-05
2011-04-21,0.007489434853184703,0.012869401400648108,1,Sideways,0,Sideways,0.5600011484144152,0.439927086713526,7.176487053588078e-05
2011-04-22,0.0018389259639173298,0.012823322009419307,1,Sideways,1,Bull,0.4394525193258124,0.5605228611781049,2.4619496875210118e-05
2011-04-25,0.0026009282516100502,0.01280385751513277,1,Sideways,0,Sideways,0.5472113234285826,0.4527238452670691,6.483130422035311e-05
2011-04-26,-0.005040903906771194,0.012691800810941307,1,Sideways,1,Bull,0.45220472309483245,0.5477655194116084,2.9757494777629315e-05
2011-04-27,-0.01073535853480759,0.012896227113002399,0,Bear,0,Sideways,0.5343351815262978,0.4655579716526091,0.00010684682199803798
2011-04-28,0.00950586630988395,0.012943678684298835,1,Sideways,1,Bull,0.46472347506942835,0.5352435182775606,3.300665134048897e-05
2011-04-29,0.011764190194877414,0.01252222864858402,1,Sideways,0,Sideways,0.521788517648578,0.47814577062480407,6.571172764428883e-05
2011-05-02,0.003924466843995343,0.011018295838036565,1,Sideways,1,Bull,0.47706168745250155,0.522922236717032,1.6075830244791012e-05
2011-05-03,0.007874195866099908,0.011112736301333265,1,Sideways,0,Sideways,0.5113596829408533,0.4886030636164079,3.725344430969553e-05
2011-05-04,-0.009094729905882509,0.010964512060109066,0,Bear,1,Bull,0.4872488170950553,0.5127304491122937,2.0733793287221123e-05
2011-05-05,-0.0009033141477414494,0.010620284112070335,1,Sideways,0,Sideways,0.5014760056977259,0.49849019261343824,3.380168999774086e-05
2011-05-06,-0.016481075853766576,0.010264909096618795,0,Bear,1,Bull,0.4973789924923655,0.5025904477279034,3.055978122845269e-05
2011-05-09,-0.004176310730618619,0.010302907659036046,1,Sideways,0,Sideways,0.48817336222992536,0.5117851424846379,4.1495286011383056e-05
2011-05-10,-0.010302092301917247,0.010537877439715298,0,Bear,1,Bull,0.5115658489472167,0.48840548562244884,2.866543061235807e-05
2011-05-11,-0.024330192768976598,0.01175726941030623,0,Bear,0,Sideways,0.47250765567344893,0.5271556844734497,0.0003366598515766051
2011-05-12,0.013494113189576214,0.012239804875871606,1,Sideways,1,Bull,0.5250877343521988,0.4747520220468667,0.0001602436022278044
2011-05-13,-0.029744352907598495,0.013635961542006065,0,Bear,0,Sideways,0.4630437131640661,0.5359023506421408,0.0010539361920032778
2011-05-16,0.01281065351782436,0.012783179699375608,1,Sideways,1,Bull,0.5304970042636284,0.4693313148255104,0.00017168091057118685
2011-05-17,-0.0004969506696527644,0.012081602033467132,1,Sideways,0,Sideways,0.4645633578505134,0.5353682032933967,6.84388543852369e-05
2011-05-18,-0.025593371162935107,0.013088373367324685,0,Bear,1,Bull,0.5304738941803496,0.46920491081440774,0.00032119500583155505
2011-05-19,0.0,0.012869345481024932,1,Sideways,0,Sideways,0.45901838736208045,0.5408914443235017,9.016831346603084e-05
2011-05-20,-0.006842361068692023,0.012820628054179009,0,Bear,1,Bull,0.5394797364405366,0.4604793416100815,4.0921949647742743e-05
2011-05-23,-0.0014023227897588763,0.012741702621677559,1,Sideways,0,Sideways,0.4497263783941777,0.5502016202808645,7.200132615934533e-05
2011-05-24,0.021155813882721645,0.013949536747029482,1,Sideways,1,Bull,0.5488658346340834,0.4510121276842281,0.00012203768254165995
2011-05-25,-0.01485699974048121,0.014099796840261618,0,Bear,0,Sideways,0.4327912259341393,0.5668762537619767,0.0003325203032345967
2011-05-26,0.002294209995136042,0.013848139095139033,1,Sideways,1,Bull,0.5668403668682718,0.4330429790296639,0.00011665410285775057
2011-05-27,-0.021370110135126543,0.01390209378087618,0,Bear,0,Sideways,0.41811265563734373,0.5812968614016187,0.0005904829621045592
2011-05-30,-0.014781603140198303,0.013885007434575075,0,Bear,1,Bull,0.5794899764503826,0.4201607427562115,0.0003492807921520978
2011-05-31,0.024962395959144686,0.015251135090588957,1,Sideways,0,Sideways,0.40871481443569974,0.5907687429276967,0.0005164426363728842
2011-06-01,0.002830423772124587,0.015327188667961298,1,Sideways,1,Bull,0.5868869065222674,0.412893747834645,0.00021934564468225929
2011-06-02,-0.001774676171013152,0.015317103435916274,1,Sideways,0,Sideways,0.40749306727883494,0.5923413026560086,0.00016563006619062996
2011-06-03,-0.004855529559861628,0.015066231663369529,0,Bear,1,Bull,0.5883140659603523,0.411530194671959,0.00015573936625575116
2011-06-06,0.011239652618121534,0.015454111265224226,1,Sideways,0,Sideways,0.40591604585685664,0.5939116587559156,0.0001722953872438792
2011-06-07,0.01479004606570949,0.01587521056190691,1,Sideways,1,Bull,0.5892264270978191,0.41054976055956965,0.0002238123427663104
2011-06-08,-0.006163577024142892,0.015035238833641301,0,Bear,0,Sideways,0.404288940922706,0.5955381552871303,0.00017290378978529028
2011-06-09,-0.006215894058655069,0.014661671264789157,0,Bear,1,Bull,0.5920337049789572,0.40785579130151495,0.00011050371936342867
2011-06-10,0.00047421309118726355,0.013153293382244361,1,Sideways,0,Sideways,0.40160539378489035,0.598339867037622,5.473917638213963e-05
2011-06-13,-0.0027840872229955007,0.01276742859760376,1,Sideways,1,Bull,0.5950073933958067,0.4049320003159324,6.060628714503374e-05
2011-06-14,-0.021283378387803756,0.013508625043371416,0,Bear,0,Sideways,0.39839627288153645,0.6013292722794623,0.00027445483864220536
2011-06-15,-0.02025014525990301,0.013073893392984929,0,Bear,1,Bull,0.595341732753629,0.4044068429704085,0.00025142427533634106
2011-06-16,0.0029134687206438556,0.01311634815709763,1,Sideways,0,Sideways,0.39849639778043894,0.6014369074640808,6.669475399420371e-05
2011-06-17,0.009769360225292175,0.013324285941454028,1,Sideways,1,Bull,0.5978786188636106,0.40206856134083274,5.2819795989954604e-05
2011-06-20,-0.011554379218150564,0.013521689601211312,0,Bear,0,Sideways,0.3952379651094063,0.6046671179780884,9.491691312376201e-05
2011-06-21,0.01666953791076234,0.013153498057355733,1,Sideways,1,Bull,0.6010732213603207,0.3988532135761933,7.356506230653735e-05
2011-06-22,-0.013228396673475138,0.013074500944371598,0,Bear,0,Sideways,0.3903746402295041,0.6095241473122719,0.0001012124576767489
2011-06-23,0.006056555502768503,0.013165018157368435,1,Sideways,1,Bull,0.6067520322139592,0.39320666522693903,4.130255956001615e-05
2011-06-24,0.007806855940695667,0.012472203338922199,1,Sideways,0,Sideways,0.3857749046701721,0.6141866819392797,3.8413391775103806e-05
2011-06-27,-0.001923791467237388,0.012007490428096458,1,Sideways,1,Bull,0.6112686420197218,0.38870491771780713,2.6440261361486406e-05
2011-06-28,0.013878202363236116,0.01102878174402443,1,Sideways,0,Sideways,0.38187991625156187,0.6180899129110345,3.0170837314198534e-05
2011-06-29,0.0029216255555248667,0.011030110876035257,1,Sideways,1,Bull,0.6139776944265922,0.38600111434724904,2.119122570308415e-05
2011-06-30,0.004221030638266411,0.011065786212234564,1,Sideways,0,Sideways,0.3807397850038638,0.6192403816667611,1.983332955597114e-05
2011-07-01,-7.737129019621234e-05,0.01100402679129258,1,Sideways,1,Bull,0.6150810764015124,0.38489742005631045,2.1503542854090128e-05
2011-07-04,0.014471630899591212,0.011194249625520897,1,Sideways,0,Sideways,0.3797898047918557,0.6201829016295157,2.7293579655486887e-05
2011-07-05,-0.005004182969790064,0.010732111692412253,1,Sideways,1,Bull,0.6144555316358178,0.38551764280695383,2.682555763837295e-05
2011-07-06,-0.009853236033669558,0.010866098215480359,0,Bear,0,Sideways,0.38180748103272466,0.6181682555334526,2.4263433941631744e-05
2011-07-07,0.013518218387980502,0.011224133210193925,1,Sideways,1,Bull,0.612023431686383,0.3879414925037327,3.5075811665738105e-05
2011-07-08,-0.007903102850631014,0.011374058911662122,0,Bear,0,Sideways,0.38333321474641885,0.6166382540399677,2.853121462841427e-05
2011-07-11,-0.010856599476880065,0.011615667994123802,0,Bear,1,Bull,0.611741017345937,0.38821813793011073,4.084472361169842e-05
2011-07-12,-0.0034982891220127123,0.0105736948062316,1,Sideways,0,Sideways,0.3832637852793221,0.616716181282715,2.003343653390218e-05
2011-07-13,0.009071822220414002,0.009541639417553458,1,Sideways,1,Bull,0.6124479654786582,0.38753387618658414,1.815833310535445e-05
2011-07-14,-0.008210936636603723,0.009798395281431357,1,Sideways,0,Sideways,0.3817744077875618,0.6182048468695471,2.0745342597874012e-05
2011-07-15,-0.0017338166165252744,0.009611769382841862,1,Sideways,1,Bull,0.6143976835472054,0.3855861809345307,1.613551961490865e-05
2011-07-18,-0.009788367076628076,0.009500360022406241,0,Bear,0,Sideways,0.38010251212258417,0.6198769396589494,2.054821843787194e-05
2011-07-19,-0.002985522532748454,0.008763284921150577,1,Sideways,1,Bull,0.6157351783913805,0.38424988483743144,1.4936771330930504e-05
2011-07-20,-0.003292976645371591,0.008249794941570484,1,Sideways,0,Sideways,0.379190162786489,0.620796494283895,1.3342928914405625e-05
2011-07-21,-0.012316541014211969,0.008595550608039113,0,Bear,1,Bull,0.616685158591012,0.38329123148619904,2.3609922727498065e-05
2011-07-22,-0.017898343861860937,0.009177916605450588,0,Bear,0,Sideways,0.3774316762781085,0.6225282160515452,4.0107671943299126e-05
2011-07-25,0.020611378400692167,0.010463350675543145,1,Sideways,1,Bull,0.6174965871822493,0.38245603756159635,4.7375255956045285e-05
2011-07-26,0.005568648304188704,0.010007547720870338,1,Sideways,0,Sideways,0.37466338848999603,0.6253143685497919,2.224295971876468e-05
2011-07-27,-0.003377689319512817,0.00997166408637609,1,Sideways,1,Bull,0.6227770224407211,0.3772056224954162,1.735506517579111e-05
2011-07-28,0.02181442822640722,0.011200169904656842,1,Sideways,0,Sideways,0.36976136774256496,0.6301822435158432,5.638874047939422e-05
2011-07-29,-0.0037685333128270647,0.011221720473994706,1,Sideways,1,Bull,0.6246346352772166,0.37532272291906094,4.2641802049742445e-05
2011-08-01,-0.00594258771045789,0.010677470586994683,1,Sideways,0,Sideways,0.3714481772963108,0.628411879301226,0.00013994340348456684
2011-08-02,-0.0027165783399183785,0.0106534789934409,1,Sideways,1,Bull,0.6203395900234236,0.37704910377913636,0.0026113061979443825
2011-08-03,-0.007207030023856558,0.010562647403507349,1,Sideways,0,Sideways,0.3458799270153747,0.6239672323902968,0.03015284059528317
2011-08-04,-0.03297854279492078,0.012080503569425884,0,Bear,1,Bull,0.0010178003995230615,0.3506210964729227,0.6483611031290898
2011-08-05,-0.05296602975563295,0.016327909984593096,0,Bear,2,Bear,1.3418843444799403e-07,0.000524724084763714,0.9994751417267785
2011-08-08,-0.07340067287447075,0.02221145599354605,0,Bear,2,Bear,1.1768172076704374e-14,3.171538266299353e-11,0.9999999999672582
2011-08-09,0.012878645287761526,0.022730500994318406,2,Bull,2,Bear,4.3195618548945605e-08,1.0437904078552094e-05,0.9999895188997406
2011-08-10,-0.051403408571363135,0.02425103131642143,0,Bear,2,Bear,5.063784129029675e-13,1.927387771741551e-09,0.9999999980718712
2011-08-11,0.03341441599678218,0.02624811289904361,2,Bull,2,Bear,5.413804817574217e-10,1.8526124164630068e-07,0.9999998141975256
2011-08-12,0.0032955041993005933,0.026349062706247643,2,Bull,2,Bear,2.2057542129008257e-09,3.89477572317912e-07,0.9999996083170885
2011-08-15,0.024540872177873832,0.02740061185724906,2,Bull,2,Bear,4.0117487687143293e-10,1.1274785662020383e-07,0.9999998868515896
2011-08-16,0.011379169396968113,0.02770912541830485,2,Bull,2,Bear,5.845903382402781e-10,1.124756816759346e-07,0.9999998869389011
2011-08-17,0.002223116220743059,0.027772080529093274,2,Bull,2,Bear,4.259412209545786e-10,8.758174075309576e-08,0.9999999119936586
2011-08-18,-0.04280646228740325,0.02892609674015547,0,Bear,2,Bear,3.7680488522476434e-14,7.684548558796844e-11,0.9999999999236024
2011-08-19,0.02125262952674239,0.029534838814604468,2,Bull,2,Bear,5.1258093365566866e-11,1.3566870855231343e-08,0.9999999863830454
2011-08-22,0.004237016512928041,0.028980688547909552,2,Bull,2,Bear,1.257798288931722e-10,2.5225848640517886e-08,0.999999974646926
2011-08-23,-0.016566463569703288,0.02890611823692074,2,Bull,2,Bear,1.9538096125507772e-11,5.99021094111607e-09,0.999999993990059
2011-08-24,0.012205094736929555,0.02924261955116824,2,Bull,2,Bear,1.0504386916545039e-10,2.1607763650226223e-08,0.9999999782885427
2011-08-25,-0.0016487552526947176,0.02848122344956187,2,Bull,2,Bear,1.6975812173803377e-10,3.3974995800973056e-08,0.9999999658539315
2011-08-26,0.013872159475369725,0.028899002630344218,2,Bull,2,Bear,1.4521755364768608e-10,3.1496356196471655e-08,0.9999999683568609
2011-08-29,0.004430923241131222,0.029019695166972982,2,Bull,2,Bear,1.2382270513533013e-10,2.4304883628266764e-08,0.9999999755709726
2011-08-30,0.0,0.029046642858377686,2,Bull,2,Bear,9.861764247970693e-11,1.969884249276455e-08,0.9999999802021196
2011-08-31,0.0,0.02908551541159465,2,Bull,2,Bear,9.738144340221053e-11,1.88521846226415e-08,0.9999999810497686
2011-09-01,0.0,0.028426889874719842,2,Bull,2,Bear,2.4525361172026395e-10,3.925503442345942e-08,0.9999999604988269
2011-09-02,0.02614825900873613,0.026824114339852767,2,Bull,2,Bear,1.4307270869798351e-08,1.8431685913128737e-07,0.9999998013772908
2011-09-05,-0.0241353475107218,0.02154945331709621,0,Bear,2,Bear,5.1484043895258985e-06,1.7316870491146926e-05,0.9999775347254941
2011-09-06,0.017694801020269803,0.02170767554572764,2,Bull,2,Bear,0.0016990290482423336,0.0004625337752782003,0.9978384371763579
2011-09-07,0.003961681556409018,0.017714450867245504,1,Sideways,2,Bear,0.00825268051822333,0.01657931304294898,0.9751680064404062
2011-09-08,0.025978328105306207,0.01714849322381197,1,Sideways,2,Bear,0.03434525312568206,0.011927047399240458,0.9537276994740955
2011-09-09,-0.014015053224342376,0.017632062910227196,0,Bear,2,Bear,0.01662796563930371,0.060422406684074795,0.9229496276755917
2011-09-12,-0.005348536268528899,0.01700477080383913,0,Bear,2,Bear,0.1296406229753905,0.024407634593975904,0.8459517424301125
2011-09-13,0.01863305449349205,0.01729156502291906,1,Sideways,2,Bear,0.029959188630451376,0.16100692414574258,0.8090338872225125
2011-09-14,-0.00937649550554296,0.017487903122849577,0,Bear,2,Bear,0.19776111532845816,0.03548548470969128,0.7667533999604954
2011-09-15,0.017551180118580378,0.014319422482644062,1,Sideways,2,Bear,0.041550784603968535,0.22824144302190294,0.7302077723743774
2011-09-16,0.013579757644174998,0.013951908419740167,1,Sideways,2,Bear,0.2312382289062454,0.043596060698019315,0.7251657103948309
2011-09-19,0.0006335945032329922,0.013976825822130482,1,Sideways,2,Bear,0.013545385194833535,0.2344033335389318,0.7520512812663322
2011-09-20,0.049763546077969005,0.016446330593115042,2,Bull,2,Bear,0.002442577516752303,0.01317372335438399,0.9843836991291468
2011-09-21,-0.0010056160189889313,0.016512420508348943,1,Sideways,2,Bear,9.537280410347766e-05,0.0032445770115946656,0.9966600501840478
2011-09-22,-0.04795207893837641,0.020523505857571227,0,Bear,2,Bear,1.1920988296894896e-09,1.428853611868524e-05,0.999985710270502
2011-09-23,-0.028986369614723326,0.021699507005437504,0,Bear,2,Bear,9.20679307875103e-08,1.4187499623958116e-06,0.9999984891812845
2011-09-26,0.00844744410227028,0.021738060574090046,2,Bull,2,Bear,1.5415918881101996e-06,2.2981659007903002e-05,0.9999754767474069
2011-09-27,0.02538045202598352,0.02231283416848199,2,Bull,2,Bear,5.671896919666742e-07,1.0385988334542179e-05,0.9999890468224801
2011-09-28,0.01240456809223111,0.02237257728070242,2,Bull,2,Bear,1.3137548932039753e-06,1.44779662785959e-05,0.9999842082771454
2011-09-29,0.01296380966900607,0.022424057192530357,2,Bull,2,Bear,1.540523755391088e-06,1.4628988412404034e-05,0.9999838304863596
2011-09-30,-0.0010848791147014835,0.021900425299554643,2,Bull,2,Bear,3.703345536756285e-06,1.808897158470253e-05,0.9999782076821118
2011-10-03,-0.003922770902989243,0.020993254283574108,2,Bull,2,Bear,1.5774416498219272e-07,3.249357583465238e-05,0.9999673486801041
2011-10-04,-0.038584053674364766,0.022857931204542863,0,Bear,2,Bear,1.331777253792492e-09,1.2733167839629184e-07,0.9999998713356119
2011-10-05,0.0017813861209250363,0.022853036127930843,2,Bull,2,Bear,9.121508886597289e-07,8.66750968113575e-06,0.9999904203381915
2011-10-06,-0.001444094820717585,0.02214022778629032,2,Bull,2,Bear,1.9628286173489717e-06,1.4522160290399397e-05,0.9999835150096265
2011-10-07,0.0019255644259906302,0.021876652706001903,2,Bull,2,Bear,2.3235435368514886e-06,2.069831066225464e-05,0.9999769781455854
2011-10-10,0.017097848681120336,0.02209404003066338,2,Bull,2,Bear,2.110903720551411e-06,1.7873961895732936e-05,0.9999800151341084
2011-10-11,0.005752574657806449,0.021781169771099364,2,Bull,2,Bear,3.7393596493072174e-06,2.3845930597536388e-05,0.9999724147113224
2011-10-12,0.012807948135886987,0.0217497794073431,2,Bull,2,Bear,1.1857156604033103e-06,2.5745410534730842e-05,0.9999730688748396
2011-10-13,-0.014867504119736922,0.02180487376159892,0,Bear,2,Bear,1.0343070837646886e-06,8.28424709946719e-06,0.9999906814443772
2011-10-14,0.012845918921723732,0.02178361370537598,2,Bull,2,Bear,2.1547023597845745e-06,2.5184739853380774e-05,0.9999726605591783
2011-10-17,-0.01457265048010685,0.02206786177166993,0,Bear,2,Bear,4.937338807764137e-05,1.6582062676358127e-05,0.999934044549818
2011-10-18,0.0052596890795156516,0.018840032412115692,2,Bull,2,Bear,0.0005206453909503102,0.0014682513824766294,0.9980111032260132
2011-10-19,-0.016335032584231517,0.01911634062960014,0,Bear,2,Bear,0.004263983513853756,0.0009718889613920133,0.994764127523775
2011-10-20,-0.03332150570863514,0.017499187226188855,0,Bear,2,Bear,0.004066852770534147,0.017166197951189125,0.9787669492775709
2011-10-21,0.015755943113112056,0.016684769377889416,1,Sideways,0,Sideways,0.3446885207233181,0.10949873662285017,0.5458127426548159
2011-10-24,-0.009427628791993195,0.016710560202362237,0,Bear,1,Bull,0.1937486266581486,0.48097304474931885,0.32527832859271566
2011-10-25,0.0003376704621142695,0.01557021652033512,1,Sideways,0,Sideways,0.6377278041650314,0.2382096294783263,0.12406256635781264
2011-10-26,-0.014470278394501795,0.015445223960455133,0,Bear,1,Bull,0.2513466722990595,0.6700940761984623,0.0785592515017722
2011-10-27,0.020465327234421765,0.01593842660019051,1,Sideways,0,Sideways,0.6907496483930404,0.2626578509199695,0.04659250068864392
2011-10-28,0.007488989494359285,0.01609865504368096,1,Sideways,1,Bull,0.260284266767077,0.7093601287674357,0.030355604464239423
2011-10-31,-0.017345570376109735,0.016447146607867218,0,Bear,0,Sideways,0.7125061908596552,0.26333383654234965,0.024159972598005963
2011-11-01,-0.021819731049305662,0.014888427985668163,0,Bear,1,Bull,0.2543724041572721,0.7295134549864251,0.016114140857327826
2011-11-02,0.01573477796562496,0.015398288614859089,1,Sideways,0,Sideways,0.7358789747030845,0.25891208148359585,0.005208943813326468
2011-11-03,0.014279856568922932,0.015792635745871655,1,Sideways,1,Bull,0.251086191014257,0.7467103611849979,0.00220344780172641
2011-11-04,-0.006079792086802608,0.015826125034571387,0,Bear,0,Sideways,0.7457145831185799,0.2534667917943526,0.0008186250874275741
2011-11-07,0.0,0.015247093068663481,1,Sideways,1,Bull,0.24626951164679767,0.7534086226379346,0.00032186571424425907
2011-11-08,0.0,0.015149566419482162,1,Sideways,0,Sideways,0.7516660283079173,0.24818895519411546,0.00014501649720613703
2011-11-09,0.0,0.014748809799652204,1,Sideways,1,Bull,0.2407459113247618,0.759133033220303,0.00012105545385715998
2011-11-10,-0.011448282854767249,0.014620872716951717,0,Bear,0,Sideways,0.7572916004765735,0.2425620312436316,0.00014636827837923315
2011-11-11,0.011827372739453864,0.014565790531595414,1,Sideways,1,Bull,0.23388283020276698,0.7659996718305265,0.00011749796811115196
2011-11-14,-0.005813889126953361,0.014319098775343184,0,Bear,0,Sideways,0.7642139547226356,0.23569468553466766,9.13597414597961e-05
2011-11-15,0.0008371495716899837,0.014230972903279104,1,Sideways,1,Bull,0.22800255876435954,0.7718955857431441,0.0001018554914684144
2011-11-16,8.949324239232112e-05,0.01385756007440329,1,Sideways,0,Sideways,0.7701559164155802,0.2296191404660661,0.00022494311860246505
2011-11-17,-0.01509162361118043,0.01215994309239381,0,Bear,1,Bull,0.2208750938367181,0.7778876252010167,0.001237280963873013
2011-11-18,-0.011242834774538602,0.011723772981169688,0,Bear,0,Sideways,0.7692121537609855,0.22316455043269676,0.007623295807846099
2011-11-21,-0.03211634333412206,0.013443382958989482,0,Bear,1,Bull,0.1706240547921903,0.7760717228596107,0.053304222348155426
2011-11-22,-0.01462321459622905,0.013649753329910195,0,Bear,0,Sideways,0.7395436165940454,0.17664475969241583,0.08381162371250024
2011-11-23,-0.017364045431035497,0.013781654718948726,0,Bear,1,Bull,0.13719909683471748,0.7420188768315008,0.12078202633542147
2011-11-24,-0.029189873338902605,0.013592580191020224,0,Bear,0,Sideways,0.4569509551645364,0.1420569902540667,0.40099205458116083
2011-11-25,0.02879246017549689,0.015460612724148358,1,Sideways,1,Bull,0.0690962121589736,0.4604447099736507,0.4704590778659655
2011-11-28,0.023462059983142814,0.016478284502902115,1,Sideways,0,Sideways,0.3156656156330671,0.07159434584558617,0.612740038521724
2011-11-29,-0.0036560606200122807,0.015905369850596502,0,Bear,1,Bull,0.008579876405020415,0.31752058645008113,0.6738995371457999
2011-11-30,0.045500522867779294,0.018832571062514156,2,Bull,2,Bear,0.0006878112150115824,0.00829201236288562,0.991020176421044
2011-12-01,-0.013131186789873251,0.018651565200219437,0,Bear,2,Bear,0.0011667453818037894,0.0008101078140806286,0.998023146804415
2011-12-02,0.017733690582951964,0.019161611108159306,2,Bull,2,Bear,0.00022615274169771754,0.0012890349017024997,0.9984848123551584
2011-12-05,0.007757113406051672,0.019266924951581242,2,Bull,2,Bear,0.0002271709540535845,0.0003707446655057954,0.9994020843821798
2011-12-06,-0.009405346847246511,0.01935877982817526,0,Bear,2,Bear,8.62835017088501e-05,0.000291927211015963,0.9996217892864875
2011-12-07,0.00837387833941306,0.019479786228270814,2,Bull,2,Bear,5.0297387363675016e-06,0.00019507897143261496,0.999799891288678
2011-12-08,-0.030186815111136456,0.02043905640696357,0,Bear,2,Bear,7.785494271159865e-07,7.417405799658185e-06,0.9999918040456844
2011-12-09,0.006253339155035448,0.020279800896072567,2,Bull,2,Bear,2.0270531166703883e-06,6.44217412096656e-05,0.9999335512070706
2011-12-12,-0.026174178460317978,0.02097254136307458,0,Bear,2,Bear,5.211664861642353e-07,5.507760876456465e-06,0.9999939710723834
2011-12-13,0.0020458795791382825,0.020986430748876152,2,Bull,2,Bear,1.1888216189529197e-06,3.678200255756689e-05,0.9999620291752298
2011-12-14,-0.023342950529923603,0.02144751226170906,0,Bear,2,Bear,4.2003039060192323e-07,4.808345550028698e-06,0.9999947716233037
2011-12-15,0.010607952563127944,0.021535369423531483,2,Bull,2,Bear,3.794371532238344e-06,2.699530152675401e-05,0.9999692103276006
2011-12-16,-0.004262551854546974,0.021451068474424035,2,Bull,2,Bear,2.489812741228414e-06,2.405834291892188e-05,0.9999734518455418
2011-12-19,-0.018040148099202902,0.02064919791053333,0,Bear,2,Bear,2.8573455486799987e-06,1.8040234328077565e-05,0.9999791024202628
2011-12-20,0.02692519809383539,0.021383252020102685,2,Bull,2,Bear,9.005108676633507e-05,4.5723992993064554e-05,0.999864224918925
2011-12-21,-0.007306946826731978,0.0210659811326085,0,Bear,2,Bear,0.0006535969562291963,0.00157914130662531,0.9977672617360364
2011-12-22,-0.003015304654727231,0.019895959970880596,2,Bull,2,Bear,0.02556259872710894,0.004737146489774081,0.969700254782448
2011-12-23,0.006895950131213681,0.018919434711122517,2,Bull,2,Bear,0.026633377999207782,0.07743531044607738,0.8959313115529303
2011-12-26,0.010887717583126936,0.018328210742405503,2,Bull,2,Bear,0.20294183557659778,0.04742104095490196,0.7496371234671853
2011-12-27,0.0008356195830218262,0.018305682773700153,1,Sideways,2,Bear,0.0798573207150393,0.29691923387699215,0.6232234454073695
2011-12-28,-0.01936393999308289,0.015422505881412484,0,Bear,0,Sideways,0.4656270767971698,0.10382843274025128,0.4305444904643024
2011-12-29,0.009659778693456099,0.015460583348625549,1,Sideways,1,Bull,0.12683675447888798,0.6037049877656082,0.2694582577571978
2011-12-30,-0.015234560080564057,0.015036146308916963,0,Bear,0,Sideways,0.6576752057023586,0.13204244985891633,0.21028234443710211
2012-01-02,0.00145011020799234,0.014857013467647286,1,Sideways,1,Bull,0.12214401038751677,0.6901277065355921,0.18772828307789996
2012-01-03,0.029140326630045593,0.01647862429432793,1,Sideways,0,Sideways,0.6909455254335786,0.12196002881634649,0.18709444574932146
2012-01-04,-0.025415312355242328,0.017112176240949344,0,Bear,1,Bull,0.08439989765617883,0.7314066496201821,0.18419345272508922
2012-01-05,-0.006385217649659578,0.015937216174654607,0,Bear,0,Sideways,0.813401726028226,0.08625394380511538,0.10034433016580825
2012-01-06,-0.020162953953205182,0.016291174146229406,0,Bear,1,Bull,0.07126856114906756,0.8506204959141327,0.07811094293845762
2012-01-09,-0.006908751093619938,0.015427385798479222,0,Bear,0,Sideways,0.9022496706792116,0.07300794913977122,0.024742380179690274
2012-01-10,0.018780377981614763,0.016127656211097813,1,Sideways,1,Bull,0.06265450824240203,0.9245918153615542,0.012753676397295044
2012-01-11,0.012302430949695738,0.015571493560209117,1,Sideways,0,Sideways,0.9331126707031834,0.06297152143951751,0.0039158078555055695
2012-01-12,0.014366271595430592,0.015727263210888034,1,Sideways,1,Bull,0.053524597436760434,0.9443305866361685,0.002144815928076247
2012-01-13,-0.011427592795558113,0.01591611501005927,0,Bear,0,Sideways,0.9452113337894691,0.0533978529002856,0.0013908133120422604
2012-01-16,0.023678982035843555,0.016173026769071844,1,Sideways,1,Bull,0.044278050794989136,0.9546546053423824,0.001067343862394692
2012-01-17,0.013771051556620638,0.015352040713556534,1,Sideways,0,Sideways,0.9549149979935827,0.04468688046537347,0.00039812154077357217
2012-01-18,0.015855605471963893,0.01553893151179983,1,Sideways,1,Bull,0.03844820261390513,0.9613119118451168,0.00023988553925591448
2012-01-19,0.0040938005695741134,0.015487702844738088,1,Sideways,0,Sideways,0.9610993455577064,0.038757679627416,0.0001429748140667756
2012-01-20,0.005127044063182763,0.01546836622586149,1,Sideways,1,Bull,0.033802945992270156,0.9660899221389291,0.00010713186894641633
2012-01-23,0.005407298155147015,0.015364863523671456,1,Sideways,0,Sideways,0.9658758751706648,0.033981999800948584,0.00014212502776649283
2012-01-24,-0.007190626267281037,0.015514125657018955,0,Bear,1,Bull,0.028808896127726687,0.971006434225971,0.0001846696447417251
2012-01-25,0.0023316104303358416,0.014671635595268377,1,Sideways,0,Sideways,0.9707665254682424,0.028875303134690083,0.00035817139684974383
2012-01-26,0.03647426734673277,0.016417925042420546,1,Sideways,1,Bull,0.023306592279586272,0.975776831055319,0.0009165766651355904
2012-01-27,0.006961507614451996,0.015750137273024763,1,Sideways,0,Sideways,0.9742612939605947,0.02533093861611871,0.000407767424084687
2012-01-30,0.00790322383628388,0.01572645994002907,1,Sideways,1,Bull,0.024147436832983,0.9756368908272212,0.0002156723398243088
2012-01-31,-0.011140886868782831,0.015167646824206836,0,Bear,0,Sideways,0.9734667310909983,0.025996695986040902,0.0005365729242070953
2012-02-01,0.035134714543001974,0.01504631666355788,1,Sideways,1,Bull,0.024443844797855625,0.9750593130086449,0.000496842192562739
2012-02-02,0.014022450052901722,0.014784177090460041,1,Sideways,0,Sideways,0.9691210173173167,0.030661783472521218,0.0002171992115263286
2012-02-03,0.001599009391781526,0.013334476737978013,1,Sideways,1,Bull,0.030632862788905355,0.9693351479953057,3.198921632278567e-05
2012-02-06,0.008721928155069341,0.012796680265336069,1,Sideways,0,Sideways,0.9645232288571678,0.03542873208363455,4.803906010355674e-05
2012-02-07,-0.002128424208316113,0.012881528683151138,1,Sideways,1,Bull,0.03506700984924213,0.9649220130286066,1.0977122850941619e-05
2012-02-08,0.010390910165466206,0.012861196349966172,1,Sideways,0,Sideways,0.9606575222958423,0.039274217785189726,6.82599195237768e-05
2012-02-09,-0.016743337399143337,0.01397274523680289,0,Bear,1,Bull,0.03854846167091365,0.9613983701111009,5.316821932716149e-05
2012-02-10,-0.013898860730254814,0.014155337270689662,0,Bear,0,Sideways,0.9564837641037933,0.04331348819543123,0.00020274770149498073
2012-02-13,0.0204429067831799,0.013972186146734173,1,Sideways,1,Bull,0.042616464851059056,0.9573014811863002,8.205396160136433e-05
2012-02-14,-0.014896394465973923,0.014678159367688638,0,Bear,0,Sideways,0.9510038323214494,0.048726886573619656,0.00026928110374680586
2012-02-15,0.003104439004020552,0.014476724730906885,1,Sideways,1,Bull,0.04829903452531724,0.9516387881174793,6.217735718387671e-05
2012-02-16,0.003044808537296065,0.014481263483443545,1,Sideways,0,Sideways,0.9468596289424378,0.05303971613127365,0.00010065492476370286
2012-02-17,0.017850600915304677,0.014775949399990449,1,Sideways,1,Bull,0.05240621111454588,0.9475465218502759,4.72670346830757e-05
2012-02-20,0.0055125116000848155,0.014775982273568524,1,Sideways,0,Sideways,0.940929110878672,0.05895181953910387,0.00011906958080912036
2012-02-21,-0.0031996646373041795,0.014623518126595049,1,Sideways,1,Bull,0.058741375346568835,0.9412159423806159,4.2682273644931485e-05
2012-02-22,-0.006492588686237828,0.014857748240616421,0,Bear,0,Sideways,0.9348139122007554,0.06498397643660737,0.00020211136335841797
2012-02-23,-0.019744610753698304,0.013903636184082354,0,Bear,1,Bull,0.06457511064145358,0.935308423138216,0.00011646621861242605
2012-02-24,0.0011875441766311969,0.013862118695575566,1,Sideways,0,Sideways,0.9264611257994685,0.07340969200016126,0.0001291822005616526
2012-02-27,-0.015447378472480733,0.014317589357450144,0,Bear,1,Bull,0.0736019022664505,0.9263261666719483,7.193106010775655e-05
2012-02-28,0.0194735558129877,0.014600087454160056,1,Sideways,0,Sideways,0.9150655508465417,0.08471430030035058,0.0002201488528879967
2012-02-29,0.012306699036226271,0.012670860402053988,1,Sideways,1,Bull,0.08447370227191332,0.9154942574183604,3.204031018651923e-05
2012-03-01,7.739554545260207e-05,0.01230987541051151,1,Sideways,0,Sideways,0.9068545388011283,0.09309493148657949,5.052971091264525e-05
2012-03-02,0.002902326737370753,0.012319122316861816,1,Sideways,1,Bull,0.0930354013280966,0.9069517425336369,1.2856138235006968e-05
2012-03-05,-0.020183490090322637,0.012995968148560232,0,Bear,0,Sideways,0.8980985223270921,0.10165865339526398,0.00024282427610293822
2012-03-06,-0.009123983671383446,0.01312646409875703,0,Bear,1,Bull,0.10062620058116412,0.8993203149698341,5.3484450591451065e-05
2012-03-07,0.005669961111564812,0.012948838410541768,1,Sideways,0,Sideways,0.8933182866241418,0.10663086974783577,5.084362623126572e-05
2012-03-08,0.003257967419730965,0.012465461959756527,1,Sideways,1,Bull,0.10548654814514884,0.8945002379335404,1.3213921422855352e-05
2012-03-09,-0.006614302515854472,0.012153028636162515,1,Sideways,0,Sideways,0.8887557035957475,0.11119939614543624,4.4900260461601296e-05
2012-03-12,-0.004580278685500926,0.011182230399716284,1,Sideways,1,Bull,0.10989619153769098,0.8900931580996373,1.0650361614810985e-05
2012-03-13,0.006410581390741004,0.010827525948009288,1,Sideways,0,Sideways,0.8846217942685058,0.11534780954792662,3.0396184532549907e-05
2012-03-14,0.02406775693667334,0.012106403625489561,1,Sideways,1,Bull,0.11375994758976614,0.8862105371169745,2.9515292700380912e-05
2012-03-15,0.0072654106106601396,0.012183786496991752,1,Sideways,0,Sideways,0.8760542826729066,0.12389176813963715,5.394918893099219e-05
2012-03-16,0.01710172285660941,0.012130404895555986,1,Sideways,1,Bull,0.12373601761819525,0.8762474800374603,1.6502343260666787e-05
2012-03-19,0.00321929082421861,0.012096220001706126,1,Sideways,0,Sideways,0.8629236514250672,0.13701922649632042,5.7122079019894956e-05
2012-03-20,-0.005985539163781138,0.012161508085064587,1,Sideways,1,Bull,0.13758348785189836,0.8624042192211071,1.229292656196191e-05
2012-03-21,-0.0015953947229127138,0.01205710874471755,1,Sideways,0,Sideways,0.8490748338228681,0.15086741293668945,5.775324005877313e-05
2012-03-22,-0.004494148164603995,0.011123308968302274,1,Sideways,1,Bull,0.15140152451826944,0.8485891713308541,9.304152330100657e-06
2012-03-23,-0.005994869841924268,0.011257415788610258,1,Sideways,0,Sideways,0.8352402169606662,0.1647040085247139,5.5774514297376935e-05
2012-03-26,0.018456855168669156,0.011141176287069895,1,Sideways,1,Bull,0.16509277750675297,0.8348916704246289,1.5552067984030934e-05
2012-03-27,-0.001127559867269843,0.010478555168538326,1,Sideways,0,Sideways,0.8152253083984804,0.18472208092704692,5.2610675528967555e-05
2012-03-28,-0.010874888300011869,0.01056625760556525,0,Bear,1,Bull,0.18625423676873396,0.8137352592984081,1.050393177408788e-05
2012-03-29,-0.004380648526105207,0.01063118633309277,1,Sideways,0,Sideways,0.7921735947293668,0.20776403358667533,6.237168560413491e-05
2012-03-30,0.014166793600234014,0.011045979781298296,1,Sideways,1,Bull,0.20950112180843103,0.7904871838555073,1.1694335023648457e-05
2012-04-02,0.008713478138697758,0.009930802456759803,1,Sideways,0,Sideways,0.7629687728449103,0.23696904858182605,6.217857261332637e-05
2012-04-03,0.004993118526954209,0.009541893148652114,1,Sideways,1,Bull,0.2391451042141931,0.7608479587689534,6.937018262096717e-06
2012-04-04,-0.013049944875983127,0.010201200055017866,0,Bear,0,Sideways,0.7351591807523458,0.26474251743070176,9.830181790953167e-05
2012-04-05,-0.0064452611857439045,0.010389638363129996,1,Sideways,1,Bull,0.2665047035363444,0.7334820294266766,1.3267036696175074e-05
2012-04-06,-0.01826198159741696,0.011191242685849458,0,Bear,0,Sideways,0.7105878769079862,0.2892398410132727,0.00017228207714225144
2012-04-09,-0.0020747064937639034,0.011134889215015292,1,Sideways,1,Bull,0.2899655367608081,0.7100156420240332,1.882121378029323e-05
2012-04-10,-0.013668914474361473,0.011566224087970423,0,Bear,0,Sideways,0.693363376756882,0.30653427619706,0.00010234704738634767
2012-04-11,0.011965569366359846,0.010539417780282882,1,Sideways,1,Bull,0.3065645301624902,0.6934198405614123,1.5629276806224174e-05
2012-04-12,0.002965445522483403,0.010424413698159229,1,Sideways,0,Sideways,0.6765187403536781,0.32343921368055556,4.204596415447991e-05
2012-04-13,-0.005062923898761743,0.009622282047951989,1,Sideways,1,Bull,0.32396858700593817,0.6760225366488154,8.876343700989464e-06
2012-04-16,-0.0017198282152624954,0.009559943215966912,1,Sideways,0,Sideways,0.6593705072543998,0.3405927194734411,3.677327390045216e-05
2012-04-17,0.002874634783629912,0.009554908424496921,1,Sideways,1,Bull,0.3411136267219082,0.6588784132454865,7.960033701827031e-06
2012-04-18,-0.00862201727183929,0.00969714634337413,1,Sideways,0,Sideways,0.6418745214219617,0.3580775200545213,4.7958523360517905e-05
2012-04-19,-0.004724112847078182,0.009700916607740272,1,Sideways,1,Bull,0.3584553377899485,0.6415348858230088,9.776385488557964e-06
2012-04-20,0.004574486724311258,0.009736356659547824,1,Sideways,0,Sideways,0.6252904071156037,0.37467410525224143,3.5487633248064575e-05
2012-04-23,0.0,0.008596603856564881,1,Sideways,1,Bull,0.3748891434430695,0.6251032950237048,7.56153441557693e-06
2012-04-24,-0.006958330166530105,0.008664491120153354,1,Sideways,0,Sideways,0.6095709299896933,0.3903938819089478,3.518810122256741e-05
2012-04-25,0.00391995943007273,0.008522425490025945,1,Sideways,1,Bull,0.39049238726402363,0.6094997178955393,7.894839834052048e-06
2012-04-26,0.012225434346048928,0.009025183448523197,1,Sideways,0,Sideways,0.5938254391086346,0.40613624102416734,3.831986863564495e-05
2012-04-27,-0.0013375270269394793,0.008318328819219255,1,Sideways,1,Bull,0.40555342903133934,0.5944379778201785,8.593148362692153e-06
2012-04-30,-0.009722466512827812,0.008148497170465379,1,Sideways,0,Sideways,0.5819093192327223,0.41805877975068795,3.1901016992071804e-05
2012-05-01,0.0,0.007984698390998964,1,Sideways,1,Bull,0.41721861536122384,0.5827725804507272,8.804189410939753e-06
2012-05-02,-0.01793510828227963,0.008384118334162876,0,Bear,0,Sideways,0.570968928628038,0.428975668500944,5.5402869481189923e-05
2012-05-03,0.005785277739935698,0.008556224532249709,1,Sideways,1,Bull,0.42707273157635967,0.5729160340410967,1.1234383993273032e-05
2012-05-04,-0.004564561805567668,0.00771747061629666,1,Sideways,0,Sideways,0.5634463766005428,0.4365328933886003,2.073000995005231e-05
2012-05-07,-0.0034967173450192097,0.007728578048452039,1,Sideways,1,Bull,0.4348469926931932,0.565143851882266,9.155425191348201e-06
2012-05-08,-0.001027581343168404,0.007194532297604574,1,Sideways,0,Sideways,0.5557337026223899,0.44424736063854625,1.8936737518476886e-05
2012-05-09,-0.011233998375477602,0.006848689184752726,1,Sideways,1,Bull,0.4425489744290455,0.5574387913546257,1.2234215804896285e-05
2012-05-10,0.012450346301855264,0.007520833614689439,1,Sideways,0,Sideways,0.5472308748847144,0.45274298669934565,2.613841663255796e-05
2012-05-11,0.0008802670929564205,0.00749954393578312,1,Sideways,1,Bull,0.4503758136299624,0.5496139794659647,1.0206902734962154e-05
2012-05-14,-0.0174549275397365,0.008312655397683517,0,Bear,0,Sideways,0.5415792553360232,0.4583796348003345,4.110986461947586e-05
2012-05-15,-0.006951933425739702,0.008286148423577997,1,Sideways,1,Bull,0.45483625071581363,0.5451491539386106,1.4595347290711407e-05
2012-05-16,0.01121219258941341,0.008717006036881844,1,Sideways,0,Sideways,0.5389643458664641,0.4610153524064792,2.0301727104630683e-05
2012-05-17,-0.01333617829498345,0.00907853240526371,0,Bear,1,Bull,0.45654907590684574,0.543427264245859,2.3659846757416908e-05
2012-05-18,-0.006920661681495914,0.008993979701928945,1,Sideways,0,Sideways,0.5375701777320923,0.4624100474924743,1.9774775400578138e-05
2012-05-21,-0.006983032791097304,0.009018204427338085,1,Sideways,1,Bull,0.4585734885434147,0.5414110014199859,1.5510037101658245e-05
2012-05-22,0.009503675402623072,0.009388520693683353,1,Sideways,0,Sideways,0.5355505123411457,0.464425480212531,2.400744498611946e-05
2012-05-23,-0.023849125145656444,0.01042435002727923,0,Bear,1,Bull,0.4598934334639941,0.5400125148006628,9.405173701713473e-05
2012-05-24,-0.014780166932683062,0.010001888551784573,0,Bear,0,Sideways,0.5308390301849008,0.469105690777451,5.527903625102336e-05
2012-05-25,-0.0019448768010200401,0.009991137610676888,1,Sideways,1,Bull,0.4664631403043111,0.5335217091446066,1.5150552083634721e-05
2012-05-28,0.0006201858496397226,0.010002505742056666,1,Sideways,0,Sideways,0.5260362365823594,0.4739422310136344,2.1532405121388665e-05
2012-05-29,0.01098173083357884,0.01054909808654872,1,Sideways,1,Bull,0.47124108561730227,0.5287414272987143,1.7487083158413268e-05
2012-05-30,-0.005863959791169623,0.01004001166325116,1,Sideways,0,Sideways,0.5198134589447315,0.4801587961128602,2.774494289091467e-05
2012-05-31,-0.000471784264689969,0.009835821681533997,1,Sideways,1,Bull,0.4781088973355617,0.5218785884684535,1.251419650470769e-05
2012-06-01,0.008477799691655644,0.010198471856567432,1,Sideways,0,Sideways,0.513135585587252,0.48683879099162797,2.5623422446840552e-05
2012-06-04,0.0031604351862499153,0.010289958663458514,1,Sideways,1,Bull,0.4843120192146687,0.5156740323729103,1.3948412957933797e-05
2012-06-05,0.00099511430438819,0.01031692353394839,1,Sideways,0,Sideways,0.5077016200773372,0.49227529680083504,2.308312225688028e-05
2012-06-06,0.008009021617622352,0.010364120814141283,1,Sideways,1,Bull,0.48981660100828905,0.5101682481527988,1.5150840038838885e-05
2012-06-07,0.007919011499277425,0.010086304486221893,1,Sideways,0,Sideways,0.5013749295863221,0.4985999121963611,2.5158218168604495e-05
2012-06-08,0.010602255253767012,0.010451941460885086,1,Sideways,1,Bull,0.4961436378321236,0.503839410837549,1.695133156724757e-05
2012-06-11,0.003567771975059567,0.009783161589953264,1,Sideways,0,Sideways,0.49445759839253484,0.5055188708481024,2.353075916748695e-05
2012-06-12,0.012039274008575504,0.010022529046183597,1,Sideways,1,Bull,0.5036184655392656,0.4963654628498398,1.6071609506626552e-05
2012-06-13,0.0008449969031607863,0.009710578296736778,1,Sideways,0,Sideways,0.4851228573739971,0.5148512981769705,2.584444924142653e-05
2012-06-14,0.0019585341481717917,0.009182259967749788,1,Sideways,1,Bull,0.5137392232025401,0.486250453095267,1.0323703079532286e-05
2012-06-15,0.0017649398309367602,0.008996764524481322,1,Sideways,0,Sideways,0.47492403887448653,0.525052802048366,2.3159078510270838e-05
2012-06-18,-0.0024470080849152455,0.00883189801809105,1,Sideways,1,Bull,0.5239511225583597,0.4760382495789478,1.0627861387794425e-05
2012-06-19,0.01657510385949553,0.009296225784329645,1,Sideways,0,Sideways,0.4648637013079061,0.5350992151594612,3.7083534167803425e-05
2012-06-20,0.0017118590135471,0.007055864115041842,1,Sideways,1,Bull,0.532502146544582,0.4674866111631053,1.1242293029235911e-05
2012-06-21,0.01733172364567277,0.006372961191353543,1,Sideways,0,Sideways,0.4598343410767591,0.5401367795351167,2.8879388373757154e-05
2012-06-22,0.00019185419463231987,0.006271184249381639,1,Sideways,1,Bull,0.5354367921594642,0.46454960546276247,1.3602378532771337e-05
2012-06-25,-0.016209638508748882,0.007814671615470864,0,Bear,0,Sideways,0.459870353258513,0.5401043338111953,2.531292971150384e-05
2012-06-26,0.01082233732887941,0.0078073156080165134,1,Sideways,1,Bull,0.534048709657001,0.4659321023508539,1.91879912198029e-05
2012-06-27,0.01743831620380862,0.007986789787148445,1,Sideways,0,Sideways,0.46140352359159514,0.5385731635276623,2.3312879267926273e-05
2012-06-28,-0.005929228724138557,0.008279151610180138,1,Sideways,1,Bull,0.5307163294803331,0.46925881196277863,2.485855542945726e-05
2012-06-29,0.027900907388718466,0.00972819972332584,1,Sideways,0,Sideways,0.46669073207698736,0.5332368204703227,7.244745435746362e-05
2012-07-02,-0.009515344158183947,0.010312300286033145,0,Bear,1,Bull,0.5125761813654828,0.4873537055418385,7.011309094621102e-05
2012-07-03,0.012354074150582104,0.010376568285165182,1,Sideways,0,Sideways,0.4882667141782182,0.5117171298424548,1.6155980254063495e-05
2012-07-04,0.004213002954966496,0.01036964657624043,1,Sideways,1,Bull,0.4880018993601496,0.511940993403081,5.710723798522777e-05
2012-07-05,-0.016229795120330952,0.011442777539280857,0,Bear,0,Sideways,0.5134908848969694,0.48647142436301766,3.7690738487949686e-05
2012-07-06,0.012961830884920133,0.0115214490073467,1,Sideways,1,Bull,0.45713224876642233,0.5427692595796465,9.849165240484211e-05
2012-07-09,-0.002751421449640791,0.011636375964176566,1,Sideways,0,Sideways,0.5445034440370115,0.4554774953149242,1.9060647370953055e-05
2012-07-10,0.008206324180456168,0.011532459659067011,1,Sideways,1,Bull,0.4317257724715343,0.5682042480727686,6.997945692648347e-05
2012-07-11,-0.001192044990524407,0.011571275219317695,1,Sideways,0,Sideways,0.5695684041173381,0.43041306620260444,1.852968045105007e-05
2012-07-12,-0.011552789725809937,0.012077486169593383,0,Bear,1,Bull,0.40873289421314696,0.5911513891749594,0.00011571661167335169
2012-07-13,0.005402272344132453,0.012080821089017356,1,Sideways,0,Sideways,0.5921132853350616,0.40786356007110647,2.3154595460692773e-05
2012-07-16,0.00020900709628885944,0.012026899995691127,1,Sideways,1,Bull,0.38779774764504515,0.6121350962531361,6.715610282601984e-05
2012-07-17,-0.0032361270891449498,0.011713494425207303,1,Sideways,0,Sideways,0.6132478830826142,0.3867323811414102,1.9735777126439195e-05
2012-07-18,-0.00044678089834349185,0.011732100846112392,1,Sideways,1,Bull,0.36658000990770756,0.6333580796645275,6.191042599899283e-05
2012-07-19,-0.0016683968349788267,0.011226113830631839,1,Sideways,0,Sideways,0.6345216765786974,0.3654609697563567,1.7353665295223922e-05
2012-07-20,-0.008839047995724426,0.011462681616688666,0,Bear,1,Bull,0.3452720853536218,0.6546441709283692,8.37437183761032e-05
2012-07-23,-0.017227387050409288,0.011545515652481473,0,Bear,0,Sideways,0.6555994695548946,0.34434621188883535,5.431855484658536e-05
2012-07-24,0.00928401366590156,0.011481906665239863,1,Sideways,1,Bull,0.31926466925091246,0.6806578953772272,7.743537094655356e-05
2012-07-25,0.006571727120558036,0.010904125184167992,1,Sideways,0,Sideways,0.6822882640080769,0.31768137331721863,3.0362674249648652e-05
2012-07-26,0.0339901587825699,0.013110071856076102,1,Sideways,1,Bull,0.29323633222030393,0.7061170801354906,0.0006465876433269936
2012-07-27,0.008295599631693833,0.011769050267434572,1,Sideways,0,Sideways,0.703746687617509,0.2961863446156845,6.696776817796556e-05
2012-07-30,0.010189703225465762,0.011627478200441153,1,Sideways,1,Bull,0.28924392707003177,0.7107228500885414,3.3222842477778175e-05
2012-07-31,-0.011951411531788516,0.011804116256355442,0,Bear,0,Sideways,0.7077670959797999,0.29218951373356233,4.339028733711442e-05
2012-08-01,-0.002778494511319161,0.011814068203934547,1,Sideways,1,Bull,0.28524590441936176,0.7147233977709994,3.069781016534849e-05
2012-08-02,-0.004744254786721929,0.011202866664053221,1,Sideways,0,Sideways,0.7123779144298957,0.2875957932037595,2.6292365085148787e-05
2012-08-03,0.02364039508211276,0.012006722583425705,1,Sideways,1,Bull,0.28047574325179786,0.7194545971877876,6.965956139757913e-05
2012-08-06,0.0041748238659543215,0.011963181273553928,1,Sideways,0,Sideways,0.7139397641327517,0.28602366843196625,3.6567436113798683e-05
2012-08-07,-0.009782855833262183,0.012171483917870363,0,Bear,1,Bull,0.28265228332499803,0.7173168840073677,3.08326676523318e-05
2012-08-08,-0.003699506479646324,0.01221261658914426,1,Sideways,0,Sideways,0.7114772260795377,0.2884831685526218,3.960536839201561e-05
2012-08-09,-0.0030573578658866086,0.011885727160622323,1,Sideways,1,Bull,0.28540870559759285,0.7145707461435598,2.0548259605455006e-05
2012-08-10,0.00964157044088828,0.01199224441425271,1,Sideways,0,Sideways,0.7088184163577113,0.2911455928541887,3.59907866212756e-05
2012-08-13,0.00035157214107958397,0.011991211016082467,1,Sideways,1,Bull,0.2874394327354536,0.7125371586177119,2.3408647248089553e-05
2012-08-14,-0.015283040003550671,0.0125540247281471,0,Bear,0,Sideways,0.7075561235452942,0.2923596759655291,8.420048952101804e-05
2012-08-15,0.007004676950623319,0.012608874320938494,1,Sideways,1,Bull,0.2873830412073307,0.7125829547227189,3.400407097905959e-05
2012-08-16,0.0047001854290647455,0.012599594721206829,1,Sideways,0,Sideways,0.7086032909353903,0.2913616828852199,3.502617867685723e-05
2012-08-17,0.012891760510903702,0.01255039239202502,1,Sideways,1,Bull,0.2864928191510105,0.7134746997427618,3.248110616032805e-05
2012-08-20,0.0,0.011639175715463888,1,Sideways,0,Sideways,0.7086297105318538,0.2913418993618321,2.8390106632152883e-05
2012-08-21,0.0,0.01160124036721292,1,Sideways,1,Bull,0.28752512698026755,0.7124564140636035,1.8458957248629757e-05
2012-08-22,0.0053129431698753365,0.011587148858190162,1,Sideways,0,Sideways,0.7076654020602984,0.2923085537065526,2.604423391812307e-05
2012-08-23,-0.0004433544169371989,0.00910117235613532,1,Sideways,1,Bull,0.28821014709128834,0.7117780598208615,1.1793088893753997e-05
2012-08-24,-0.0064554280044804855,0.00913814378165947,1,Sideways,0,Sideways,0.7073332239354913,0.2926482678575646,1.850820826109311e-05
2012-08-27,0.004366405786231041,0.008919601458378477,1,Sideways,1,Bull,0.2883731342325404,0.7116155578341584,1.1307933797302051e-05
2012-08-28,0.0029936222511119646,0.008416236638100448,1,Sideways,0,Sideways,0.7071327372409149,0.29285265250349957,1.461025715519014e-05
2012-08-29,0.00020106492503968993,0.0083638101647594,1,Sideways,1,Bull,0.28860590491670973,0.7113836575944704,1.0437489458851366e-05
2012-08-30,0.0,0.008241061295310381,1,Sideways,0,Sideways,0.7070832103067128,0.29290215834410954,1.4631349094750975e-05
2012-08-31,0.018205834660200475,0.007544121204285741,1,Sideways,1,Bull,0.28859331042443537,0.7113875303146896,1.9159259399047825e-05
2012-09-03,-0.002374819173497701,0.007566587393085931,1,Sideways,0,Sideways,0.7042568457760513,0.29572522220108793,1.793202208863495e-05
2012-09-04,-0.004624650853467588,0.007252908764637953,1,Sideways,1,Bull,0.29347360887691804,0.7065181235214356,8.26760339363968e-06
2012-09-05,0.009838016041583218,0.007374126009828652,1,Sideways,0,Sideways,0.699408317922365,0.30057160687686285,2.0075201837278932e-05
2012-09-06,0.002296147196592709,0.007271084497601233,1,Sideways,1,Bull,0.29759425539192663,0.7023971724043907,8.572203730556902e-06
2012-09-07,0.0032774701241720812,0.0070755524913997,1,Sideways,0,Sideways,0.6963592664113013,0.3036253094612682,1.5424125982494615e-05
2012-09-10,0.0027121274414217684,0.007064304296711535,1,Sideways,1,Bull,0.3005382176113839,0.6994532530589341,8.529328078370066e-06
2012-09-11,-0.0002422122783357724,0.0057867767899364994,1,Sideways,0,Sideways,0.6935192708106813,0.3064654112617782,1.5317929348053645e-05
2012-09-12,0.0011578412245937383,0.0057202173700439665,1,Sideways,1,Bull,0.3034530711174802,0.696538163016953,8.76586394169885e-06
2012-09-13,-0.013187938257329607,0.00670345099725834,0,Bear,0,Sideways,0.6905862350014287,0.309389427429396,2.4337568384016127e-05
2012-09-14,0.0131365548485555,0.006724965343993799,1,Sideways,1,Bull,0.305796319554914,0.6941903063527224,1.3374090997254017e-05
2012-09-17,-0.001294497287095583,0.00674947211911873,1,Sideways,0,Sideways,0.6872788708835419,0.3127044748683297,1.665424925360499e-05
2012-09-18,-0.007250195421064593,0.007036649620332096,1,Sideways,1,Bull,0.3102485771425699,0.689742093258616,9.329598028359142e-06
2012-09-19,-0.007209288432563632,0.007223037193559613,1,Sideways,0,Sideways,0.6826901392900139,0.317290478365298,1.938234580848941e-05
2012-09-20,-0.0016865749568558744,0.007239225571053515,1,Sideways,1,Bull,0.31477773100887424,0.685213823141414,8.44584868473767e-06
2012-09-21,0.013192754414817409,0.007544826238485216,1,Sideways,0,Sideways,0.6783967681864088,0.3215797684338901,2.3463378518546502e-05
2012-09-24,-0.010131900733341108,0.007957862581995887,1,Sideways,1,Bull,0.3177962545534513,0.6821897928263659,1.3952621944348817e-05
2012-09-25,0.008924874142050877,0.008146299288018624,1,Sideways,0,Sideways,0.6767557747007714,0.3232255499195114,1.8675378737948647e-05
2012-09-26,-0.01686319159558252,0.009099474546699984,0,Bear,1,Bull,0.3190314579076197,0.680942128369655,2.6413722526517338e-05
2012-09-27,0.0014222646790324497,0.009101792110618798,1,Sideways,0,Sideways,0.6748091508069523,0.32517246143043743,1.838776350636352e-05
2012-09-28,-0.0056155579498200665,0.008168841664727889,1,Sideways,1,Bull,0.3220900147510615,0.6778995171569154,1.0468090483129722e-05
2012-10-01,0.005380421957945988,0.008269901859124181,1,Sideways,0,Sideways,0.6718253286288687,0.32815777278226627,1.689858832863967e-05
2012-10-02,0.011073171222305262,0.008580775514148245,1,Sideways,1,Bull,0.3247957509377724,0.6751918603028403,1.238875823587197e-05
2012-10-03,-0.010062533302633143,0.00858824975784834,1,Sideways,0,Sideways,0.6682497885080829,0.3317255438142301,2.466767708699375e-05
2012-10-04,0.0013011114040993852,0.008573773221610072,1,Sideways,1,Bull,0.3288490548133374,0.6711412156055278,9.729580280713418e-06
2012-10-05,0.007063601885652306,0.008704651808750775,1,Sideways,0,Sideways,0.664689578716491,0.3352919899446636,1.8431339426729606e-05
2012-10-08,0.0007670005274007575,0.008678772730208652,1,Sideways,1,Bull,0.3320044140454552,0.6679854088767474,1.0177078183695616e-05
2012-10-09,0.009262260087031383,0.008949970533622162,1,Sideways,0,Sideways,0.6621435102406038,0.3378371813864402,1.9308373999768572e-05
2012-10-10,0.0057822703832641625,0.009041567452065026,1,Sideways,1,Bull,0.3338587687186066,0.6661290189694615,1.2212311774396487e-05
2012-10-11,0.016228115700594948,0.009141097868630385,1,Sideways,0,Sideways,0.6607941850706924,0.33917823900262717,2.7575927609516478e-05
2012-10-12,0.0003664390628203744,0.008735058575002055,1,Sideways,1,Bull,0.3334288088267741,0.666557215541077,1.3975631336883769e-05
2012-10-15,0.0023906589785328914,0.008722246745009982,1,Sideways,0,Sideways,0.6632105759967745,0.3367761439478797,1.3280056280402195e-05
2012-10-16,0.007311665588621009,0.008584961136168492,1,Sideways,1,Bull,0.3308726515926745,0.6691132297716615,1.4118634247580567e-05
2012-10-17,0.005743147918738217,0.008343195788822614,1,Sideways,0,Sideways,0.6654593232561087,0.3345268148280417,1.3861914818233228e-05
2012-10-18,-0.004689416462148845,0.008450581964656525,1,Sideways,1,Bull,0.32876565595027407,0.6712202063142394,1.4137736692709853e-05
2012-10-19,0.005926431362887287,0.008113543405788235,1,Sideways,0,Sideways,0.6679013846585546,0.33208536520636356,1.3250136688933005e-05
2012-10-22,0.0062750132387613304,0.007628898881321355,1,Sideways,1,Bull,0.3258530054082115,0.6741335617232136,1.343286894179872e-05
2012-10-23,-0.006440348947601691,0.007762668920091269,1,Sideways,0,Sideways,0.6708347791592216,0.32915116606151185,1.4054777979243052e-05
2012-10-24,-0.000761915120343912,0.006405361931717567,1,Sideways,1,Bull,0.3232799962214104,0.6767079476737664,1.2056104941779993e-05
2012-10-25,0.0,0.00643089855538113,1,Sideways,0,Sideways,0.6735665984537212,0.3264217487944917,1.165275010520799e-05
2012-10-26,0.0,0.006157936437747813,1,Sideways,1,Bull,0.3204726351752203,0.6795150942085826,1.2270616296711136e-05
2012-10-30,0.01416206631689691,0.006621302164132738,1,Sideways,0,Sideways,0.6764231136875756,0.3235579800992581,1.890621486786669e-05
2012-10-31,0.011259993508654904,0.006632544562683772,1,Sideways,1,Bull,0.3152239994031026,0.6847568442204238,1.9156377040701084e-05
2012-11-01,0.0003240215110981649,0.005869700765405638,1,Sideways,0,Sideways,0.6821670494976746,0.31782097707021106,1.1973430338774781e-05
2012-11-02,-0.015696105437543267,0.0073437535992685295,0,Bear,1,Bull,0.3110629999461828,0.6889113115873636,2.568846710001187e-05
2012-11-05,0.018237179313230115,0.008040051068991553,1,Sideways,0,Sideways,0.6855079633901685,0.31446376543714627,2.8271174077691787e-05
2012-11-06,-0.009634264993633367,0.008567206600975546,1,Sideways,1,Bull,0.30543145694338136,0.6945442447125284,2.4298342687750274e-05
2012-11-07,-0.0060537420982008155,0.00869007543303262,1,Sideways,0,Sideways,0.6928549463490699,0.30713108475854384,1.3968890766803925e-05
2012-11-08,0.014487086530121667,0.009070839798350855,1,Sideways,1,Bull,0.298449429352455,0.7015255687458753,2.5001902706627432e-05
2012-11-09,-0.011483423765428985,0.009055820307655844,0,Bear,0,Sideways,0.698791942140101,0.3011866540542357,2.1403806010612377e-05
2012-11-12,-0.0064717468942901025,0.00923168095594872,1,Sideways,1,Bull,0.29405100037089565,0.7059298877753148,1.9111855385346597e-05
2012-11-13,0.009181683079674386,0.009399430382802079,1,Sideways,0,Sideways,0.7035778872346341,0.29640600104372306,1.6111720580222687e-05
2012-11-14,-0.009621859460192785,0.009616487837392966,0,Bear,1,Bull,0.28832114548214066,0.7116539916290213,2.4862889924475427e-05
2012-11-15,0.0038006827936364934,0.009572979085905825,1,Sideways,0,Sideways,0.7096183150740785,0.29036722900438017,1.4455923307168178e-05
2012-11-16,-0.011331153854179411,0.00987793324942661,0,Bear,1,Bull,0.2825133563829271,0.7174587693328958,2.7874283126933344e-05
2012-11-19,-0.002589860800165158,0.009806286549197163,1,Sideways,0,Sideways,0.7152134350068795,0.2847709795509225,1.5585443251181965e-05
2012-11-20,0.0004149289613609886,0.009692102493499728,1,Sideways,1,Bull,0.27767893709698593,0.7223043294179711,1.673348504140302e-05
2012-11-21,-0.0024933729202313093,0.009602639961090733,1,Sideways,0,Sideways,0.7201008003522066,0.27988438123265175,1.4818416099134189e-05
2012-11-22,-0.0076175757743593715,0.009744560965598559,1,Sideways,1,Bull,0.2727570881273697,0.7272214711174567,2.1440756377182033e-05
2012-11-23,0.015301524874659415,0.01037107918694819,1,Sideways,0,Sideways,0.7249249744477806,0.27504880923299724,2.6216319138243113e-05
2012-11-26,0.012075389380012026,0.010704420895982362,1,Sideways,1,Bull,0.26547546488507584,0.7344946940869171,2.98410274409259e-05
2012-11-27,0.001846084218991123,0.010240227429979973,1,Sideways,0,Sideways,0.7327128572961261,0.26727162060963205,1.552209463671412e-05
2012-11-28,-0.0003500842624721423,0.009903607576549678,1,Sideways,1,Bull,0.2593341157777242,0.7406471829144201,1.87013078400606e-05
2012-11-29,0.006569656787410094,0.010024826291141537,1,Sideways,0,Sideways,0.7389680988958223,0.261016603129534,1.5297973667970495e-05
2012-11-30,0.008379059809645777,0.009480579092848912,1,Sideways,1,Bull,0.2523860707895132,0.7475937828027361,2.0146407906124957e-05
2012-12-03,0.016835568579605532,0.009351790618492825,1,Sideways,0,Sideways,0.7458467273323427,0.2541279168132515,2.5355855208119135e-05
2012-12-04,0.01633710027783084,0.009588493337732847,1,Sideways,1,Bull,0.24267170420662368,0.7572933757525093,3.492004181789749e-05
2012-12-05,0.006805215674875849,0.0094242844977993,1,Sideways,0,Sideways,0.7557451130412596,0.24424018561085387,1.4701346784666086e-05
2012-12-06,-0.003330132085659286,0.009118817547014327,1,Sideways,1,Bull,0.23554421703243236,0.7644374151530721,1.8367815229752217e-05
2012-12-07,0.006006818338371956,0.008568336873918392,1,Sideways,0,Sideways,0.763224568567007,0.23676322750589132,1.2203927996893144e-05
2012-12-10,0.006434943861981245,0.008300261882003791,1,Sideways,1,Bull,0.2273752137050208,0.7726075641101767,1.7222183255719893e-05
2012-12-11,0.001047248005241117,0.008212884608545806,1,Sideways,0,Sideways,0.7714507145543371,0.22853820281092432,1.1082634772379793e-05
2012-12-12,0.007646332007026276,0.0076816253892880194,1,Sideways,1,Bull,0.21971617285271092,0.7802676036532925,1.622349252197122e-05
2012-12-13,-0.005714985858959307,0.007988991065085344,1,Sideways,0,Sideways,0.7788820005747829,0.22110531022334862,1.2689201130131652e-05
2012-12-14,-0.008744824422094564,0.00775176019252852,1,Sideways,1,Bull,0.2130083936780209,0.786973472224283,1.8134097990830514e-05
2012-12-17,0.015266936365011233,0.00800808927387276,1,Sideways,0,Sideways,0.7855626281628795,0.21441767862802283,1.9693209913860616e-05
2012-12-18,-0.002176236509140014,0.008100398694286555,1,Sideways,1,Bull,0.20343037001092298,0.7965502293949701,1.940059453092858e-05
2012-12-19,-0.006335783820110648,0.008317797542408693,1,Sideways,0,Sideways,0.796272460379058,0.20371526905389142,1.2270566132163126e-05
2012-12-20,5.33179985281519e-05,0.007905282754482474,1,Sideways,1,Bull,0.19240665868427181,0.8075748848340192,1.845648132133432e-05
2012-12-21,-0.0016899178141220699,0.007613354163213549,1,Sideways,0,Sideways,0.8074335156914493,0.19255627701591826,1.020729094042026e-05
2012-12-24,0.008179397310241913,0.007439626704266448,1,Sideways,1,Bull,0.18123250294366053,0.818748144435456,1.9352620479694812e-05
2012-12-25,0.0036368999091063933,0.007427498001397336,1,Sideways,0,Sideways,0.8183592685357637,0.18163027816071495,1.0453304353513883e-05
2012-12-26,0.005076254988321835,0.007368998574085064,1,Sideways,1,Bull,0.17111307828198744,0.8288699573036833,1.6964413137914557e-05
2012-12-27,0.0059203050964660555,0.007358569585908569,1,Sideways,0,Sideways,0.8285162511696247,0.17147281020999539,1.0938621049273597e-05
2012-12-28,0.0015907839892028673,0.007301397576804293,1,Sideways,1,Bull,0.1607002587529167,0.8392829500192088,1.6791226495751474e-05
2012-12-31,-0.004728767005079864,0.006827411810743311,1,Sideways,0,Sideways,0.8391874464972964,0.16080156500234796,1.0988500116794981e-05
2013-01-02,0.018165853469715353,0.0070307955917644814,1,Sideways,1,Bull,0.15007484825975365,0.8498958177606504,2.9333978543460632e-05
2013-01-03,0.004899884154877325,0.006984362937364846,1,Sideways,0,Sideways,0.8486645129171155,0.15132359558270453,1.1891498661748133e-05
2013-01-04,-0.005881014949160788,0.007119572793248363,1,Sideways,1,Bull,0.14414526043898251,0.8558414424972812,1.3297064273258705e-05
2013-01-07,0.008265950969205587,0.007196766286712003,1,Sideways,0,Sideways,0.8548285461074565,0.1451589230941344,1.2530798862139554e-05
2013-01-08,-0.0007818851181012376,0.007172377210642724,1,Sideways,1,Bull,0.13698668378642387,0.8629998909703777,1.342524167144856e-05
2013-01-09,0.012242377082982757,0.007507930789044971,1,Sideways,0,Sideways,0.862417486243074,0.13756729190956027,1.5221846419906648e-05
2013-01-10,-0.0038472159315984023,0.007552727491198205,1,Sideways,1,Bull,0.12711223389131152,0.8728703078490193,1.7458259209072725e-05
2013-01-11,0.0024217225453399068,0.007321246630289352,1,Sideways,0,Sideways,0.8729843381768012,0.12700549701590297,1.0164805660120804e-05
2013-01-14,0.01173462891742555,0.007082716770291673,1,Sideways,1,Bull,0.1162105275336427,0.8837693981607043,2.0074305348322674e-05
2013-01-15,0.005062066133645471,0.006545226032766442,1,Sideways,0,Sideways,0.8835420310887926,0.11644650922689401,1.1459685714198363e-05
2013-01-16,0.020135519151606364,0.007440522798651438,1,Sideways,1,Bull,0.10711578092560295,0.892855169352956,2.904972094720364e-05
2013-01-17,0.009211466553592925,0.007084843957626696,1,Sideways,0,Sideways,0.8915752452051507,0.10841066336711407,1.409142754697228e-05
2013-01-18,0.0017025169284183325,0.007033857285517975,1,Sideways,1,Bull,0.10213324861261491,0.8978564244515749,1.0326934978065845e-05
2013-01-21,0.0032486543778477736,0.006868962344435517,1,Sideways,0,Sideways,0.8970059336927915,0.10298333928595381,1.072702228064309e-05
2013-01-22,0.004275493813113247,0.006838615573059809,1,Sideways,1,Bull,0.09647915528422983,0.9035098341623716,1.1010552264844849e-05
2013-01-23,0.008071489314711817,0.0068599391214233555,1,Sideways,0,Sideways,0.9027290670052238,0.09724285949866207,2.8073496391936955e-05
2013-01-24,0.0011217346695296942,0.006924606455634469,1,Sideways,1,Bull,0.08985684527816945,0.9098613544959147,0.0002818002261826168
2013-01-25,-0.019660351535675052,0.00886407331965818,0,Bear,0,Sideways,0.9003956509265353,0.09024585509685938,0.009358493977640901
2013-01-28,-0.04327196061829886,0.013781626944296526,0,Bear,1,Bull,0.018414663834369766,0.9104204001771435,0.07116493598868498
2013-01-29,0.012397366241340772,0.013897995717584316,1,Sideways,0,Sideways,0.9098068406334303,0.01998958179970959,0.0702035775665458
2013-01-30,-0.03966001271628737,0.016273936147918003,0,Bear,1,Bull,0.013527067140043937,0.9121057074336332,0.07436722542708729
2013-01-31,-0.002527671433321562,0.016230944003086126,1,Sideways,0,Sideways,0.9298181151560768,0.023336213844771064,0.04684567100031517
2013-02-01,0.018090357198070825,0.01671290002504732,1,Sideways,1,Bull,0.026941321586108912,0.9356735957485817,0.03738508266378845
2013-02-04,0.006225817912379786,0.01666860547577892,1,Sideways,0,Sideways,0.9335567630907609,0.034430520124963934,0.03201271678381579
2013-02-05,-0.005126939139381481,0.01671184019958898,0,Bear,1,Bull,0.03552492581597397,0.9351594207791232,0.029315653404793
2013-02-06,-0.0031865052799820237,0.016475902274318915,0,Bear,0,Sideways,0.9249413105430198,0.04147424815294687,0.033584441304755346
2013-02-07,-0.02408531008268401,0.017282462676095702,0,Bear,1,Bull,0.04071687001700188,0.9256249568791196,0.03365817310317104
2013-02-08,0.006818825964600652,0.017365305240283988,1,Sideways,0,Sideways,0.9163666184791895,0.052730273253563636,0.03090310826880233
2013-02-11,-0.018317911332732906,0.017462420203004033,0,Bear,1,Bull,0.05539396699725135,0.9172766611261052,0.02732937187827496
2013-02-12,0.010596610274964875,0.017639422417969203,1,Sideways,0,Sideways,0.9078660797158123,0.0738756978903338,0.018258222392631328
2013-02-13,-0.0017356650656393073,0.016807761787266694,1,Sideways,1,Bull,0.08070207581392036,0.9098457194236289,0.009452204761969287
2013-02-14,-0.00466679792127254,0.016526852081788192,0,Bear,0,Sideways,0.8992107972105101,0.09509767295032515,0.005691529840062355
2013-02-15,0.006435763551242321,0.016653516893675377,1,Sideways,1,Bull,0.09756036423193454,0.8994579446530391,0.002981691114979804
2013-02-18,-0.002229676090919864,0.0165685620345567,1,Sideways,0,Sideways,0.8866545714112116,0.11059448505985607,0.0027509435302698142
2013-02-19,0.004704803422743547,0.016580832781254738,1,Sideways,1,Bull,0.1116799147939977,0.8863387419207281,0.0019813432853500053
2013-02-20,0.007843931632914658,0.016571827515464738,1,Sideways,0,Sideways,0.8714517280545322,0.12442070810441845,0.004127563842823699
2013-02-21,-0.02077549119167071,0.01690014896632711,0,Bear,1,Bull,0.12452006375448348,0.871204265188518,0.004275671055707658
2013-02-22,-0.017895909406169454,0.01682737273232076,0,Bear,0,Sideways,0.8511017069617565,0.14418249022962532,0.004715802810383467
2013-02-25,0.010114832252355162,0.014611818282251993,1,Sideways,1,Bull,0.1474320729031829,0.8517137402704898,0.0008541868280092945
2013-02-26,0.01094808621404364,0.014535622995094316,1,Sideways,0,Sideways,0.837129574304883,0.1625692063335337,0.00030121936051307065
2013-02-27,0.008376163758466566,0.011869780489147504,1,Sideways,1,Bull,0.1631106064652323,0.8368597490065244,2.9644527715180015e-05
2013-02-28,0.014824336415632723,0.012340120065900757,1,Sideways,0,Sideways,0.822711663304987,0.1772047069001803,8.362979537278933e-05
2013-03-01,0.006706056319320928,0.011725916992194189,1,Sideways,1,Bull,0.17701019231111415,0.8229764713396279,1.3336348621393918e-05
2013-03-04,0.00928099103743436,0.011833731106213665,1,Sideways,0,Sideways,0.8115637689446654,0.1883859148703645,5.031618371650091e-05
2013-03-05,0.005431097642851174,0.011831693833507448,1,Sideways,1,Bull,0.18792561540623665,0.8120623553519399,1.2029242110340405e-05
2013-03-06,0.013757852923840993,0.012159014131245071,1,Sideways,0,Sideways,0.8015174989589202,0.19842164842176724,6.085261862991233e-05
2013-03-07,-0.004137619764839677,0.01069673979951431,1,Sideways,1,Bull,0.197291456096065,0.8026958310156057,1.2712886641033611e-05
2013-03-08,0.020643351624921112,0.011425678617435204,1,Sideways,0,Sideways,0.7944451879447136,0.20548205195534347,7.276010061888488e-05
2013-03-11,-0.005062920338727134,0.010468688366447805,1,Sideways,1,Bull,0.20239197152593397,0.797591826208024,1.6202264416031742e-05
2013-03-12,0.002736836511408732,0.01034125756956607,1,Sideways,0,Sideways,0.7929638569506314,0.20701518969348953,2.095335694755204e-05
2013-03-13,-0.008777768688768006,0.01063616629655427,0,Bear,1,Bull,0.20378937512928177,0.7961946004896469,1.6024381387706404e-05
2013-03-14,-0.007746023931087009,0.010773064287618456,1,Sideways,0,Sideways,0.7914250186100688,0.20854510312763846,2.9878260946144278e-05
2013-03-15,0.013736434428025586,0.011024949716915106,1,Sideways,1,Bull,0.20529659624119573,0.7946860463905437,1.7357367884898414e-05
2013-03-18,0.0031628849926494005,0.010952833880119762,1,Sideways,0,Sideways,0.7888046756462513,0.21116778771146122,2.7536643278713638e-05
2013-03-19,-0.013189579657513105,0.011554445130665416,0,Bear,1,Bull,0.2087321417527116,0.7912434546388227,2.4403606906243546e-05
2013-03-20,-0.0015262668568360672,0.01151621508758395,1,Sideways,0,Sideways,0.784510987754813,0.2154562904708814,3.27217729706477e-05
2013-03-21,0.002590327706775889,0.010189647203252222,1,Sideways,1,Bull,0.2135313417417987,0.7864592551197933,9.403139584826675e-06
2013-03-22,0.0009476788134602429,0.00892978864252746,1,Sideways,0,Sideways,0.7797038894958273,0.22027699976040252,1.9110745583510402e-05
2013-03-25,0.003796213876283587,0.008818387741778197,1,Sideways,1,Bull,0.21831299444438249,0.7816795086549552,7.4969021794537485e-06
2013-03-26,0.0144577719642849,0.009000636024016889,1,Sideways,0,Sideways,0.774802152358129,0.22516925367943383,2.8593960797363848e-05
2013-03-27,0.002667666306146499,0.008944910190245731,1,Sideways,1,Bull,0.2221138905899246,0.7778767120066946,9.397402613936734e-06
2013-03-28,0.012497060426806254,0.008806855012585366,1,Sideways,0,Sideways,0.7728530331177215,0.2271249116865055,2.2055195153707323e-05
2013-03-29,0.007537134725055662,0.008824232311060278,1,Sideways,1,Bull,0.22302815240072985,0.7769608797101181,1.0967887517264018e-05
2013-04-01,0.0024800790196218728,0.008725909944176892,1,Sideways,0,Sideways,0.7727406702849867,0.22724412007325454,1.5209642926714332e-05
2013-04-02,-0.0009945005454611259,0.008761538996200023,1,Sideways,1,Bull,0.2234398740340177,0.7765500757097564,1.0050256792824864e-05
2013-04-03,-0.013653714180472266,0.009123166790124353,0,Bear,0,Sideways,0.7724962158628165,0.227471915494717,3.186864382252697e-05
2013-04-04,-0.019230352885920163,0.010185785153406275,0,Bear,1,Bull,0.22277651143613286,0.7771818020860983,4.168647855227848e-05
2013-04-05,-0.014185241464463278,0.009583802657665666,0,Bear,0,Sideways,0.7722094468986681,0.22775249409976692,3.805900203919731e-05
2013-04-08,0.015418259369518407,0.010189310119376368,1,Sideways,1,Bull,0.22388325273659765,0.7760976682817212,1.9078980127299226e-05
2013-04-09,-0.006936200856171156,0.010288462636378672,1,Sideways,0,Sideways,0.7703293198459563,0.2296431996510993,2.7480501705922454e-05
2013-04-10,-0.004432852200287203,0.01014596822488309,1,Sideways,1,Bull,0.2269338826108471,0.7730535000727319,1.2617317847124142e-05
2013-04-11,0.020399862189675957,0.010953835412326621,1,Sideways,0,Sideways,0.7674823096506692,0.23246303355795447,5.465679278000533e-05
2013-04-12,0.005673281371945355,0.010614252844046273,1,Sideways,1,Bull,0.22714903442817436,0.7728326372188269,1.8328351625979315e-05
2013-04-15,0.006202037253347924,0.010670352970350521,1,Sideways,0,Sideways,0.7697770894057951,0.2302032476507285,1.96629442698231e-05
2013-04-16,-0.004731085291605561,0.010236049215167494,1,Sideways,1,Bull,0.22474085386548717,0.7752422754156052,1.6870717925045377e-05
2013-04-17,-0.003639173631904449,0.010279183989031616,1,Sideways,0,Sideways,0.7724883371207102,0.22749139499366336,2.026788515041132e-05
2013-04-18,-0.016240595485516547,0.01099635268084525,0,Bear,1,Bull,0.2219656497620198,0.7779951626262513,3.9187612166592526e-05
2013-04-19,0.0029725147956248454,0.011010955805044513,1,Sideways,0,Sideways,0.7742883028241744,0.22568883620649902,2.2860970280363895e-05
2013-04-22,0.008820874693925777,0.011146541002746143,1,Sideways,1,Bull,0.2213659401315748,0.7786172925420891,1.676732724795999e-05
2013-04-23,0.0,0.01066965699341413,1,Sideways,0,Sideways,0.7745340371505697,0.22544488675062294,2.1076100362491504e-05
2013-04-24,0.008969036430842856,0.010843232099903491,1,Sideways,1,Bull,0.22159134757519502,0.7783939107196671,1.4741706267760413e-05
2013-04-25,0.0019219339348571216,0.010470983444263657,1,Sideways,0,Sideways,0.7737964936726707,0.22618293235697462,2.057396912317464e-05
2013-04-26,0.0019852281646322583,0.010328178658185264,1,Sideways,1,Bull,0.22273917882692063,0.7772491918509344,1.1629322403598894e-05
2013-04-29,0.00049217971180646,0.010307940441501465,1,Sideways,0,Sideways,0.7727288950249943,0.22725103719483172,2.006777847076349e-05
2013-04-30,0.010418325111299845,0.010594507449646942,1,Sideways,1,Bull,0.2237648708853383,0.7762209695034579,1.4159611580674622e-05
2013-05-01,0.0,0.010095795871708292,1,Sideways,0,Sideways,0.770932608830628,0.2290400769008695,2.7314268527427832e-05
2013-05-02,0.030036211521112546,0.010952558728991788,1,Sideways,1,Bull,0.22608117727121052,0.7738453284836493,7.349424601582333e-05
2013-05-03,0.004770408999173694,0.010164664065166598,1,Sideways,0,Sideways,0.7579240155204561,0.2420328570909811,4.3127386985746666e-05
2013-05-06,0.006947091737092881,0.009839735067795643,1,Sideways,1,Bull,0.24254523629466054,0.7574472378117519,7.525894973769617e-06
2013-05-07,-0.002849800303867617,0.009648220706377645,1,Sideways,0,Sideways,0.7409963861747185,0.2589639470542771,3.9666769446300494e-05
2013-05-08,0.015448018438891214,0.009769443767229944,1,Sideways,1,Bull,0.25965269422454623,0.7403359274394792,1.1378335787759555e-05
2013-05-09,-0.010189020095942303,0.009604858121509872,0,Bear,0,Sideways,0.7178557813713418,0.2820789898143296,6.522881475510554e-05
2013-05-10,-0.004036777586083792,0.009725908228523057,1,Sideways,1,Bull,0.2835393036470635,0.7164522771120753,8.419239793081566e-06
2013-05-13,0.0021891685545906143,0.009694782268123503,1,Sideways,0,Sideways,0.6955950203538274,0.3043600052127696,4.497443426291756e-05
2013-05-14,0.016812128372016687,0.01002117292363585,1,Sideways,1,Bull,0.30570166383342495,0.6942845000555686,1.3836111249703695e-05
2013-05-15,0.008996809716019278,0.009929269863924955,1,Sideways,0,Sideways,0.6647740659327621,0.3351611377072046,6.479635943102484e-05
2013-05-16,-0.001797252794783396,0.00881366581487686,1,Sideways,1,Bull,0.33740834544789916,0.6625843986295729,7.255920749396091e-06
2013-05-17,-0.00023820473411097822,0.008883332598706658,1,Sideways,0,Sideways,0.6365943953621147,0.3633537839590528,5.182067746498319e-05
2013-05-20,-0.0193283690553998,0.010344945819190664,0,Bear,1,Bull,0.36551070052727347,0.6344589413472549,3.0358124168980128e-05
2013-05-21,0.011311593890546022,0.010450622474013918,1,Sideways,0,Sideways,0.5978401663004876,0.4020553911101804,0.00010444259012261598
2013-05-22,0.021567247841327068,0.011118344672217376,1,Sideways,1,Bull,0.4049277788116143,0.5950233565235109,4.8864664963323315e-05
2013-05-23,-0.019807692042881023,0.012394879112097546,0,Bear,0,Sideways,0.5407284846899936,0.45859559787204174,0.0006759174385787734
2013-05-24,-0.00367496397226475,0.012498747143590875,1,Sideways,1,Bull,0.4626904901940778,0.5371302350782147,0.00017927472918023013
2013-05-27,-0.005171802658841013,0.012630462089239335,1,Sideways,0,Sideways,0.4977557339368677,0.49960677967194744,0.0026374863921074594
2013-05-28,-0.006986481595642683,0.012696947180565738,0,Bear,1,Bull,0.5000966857368985,0.4941553254636069,0.0057479888004564736
2013-05-29,-0.030968526533540153,0.014708376303926686,0,Bear,0,Sideways,0.27418450135400296,0.5374906215772048,0.18832487706781478
2013-05-30,-4.929198091890263e-05,0.012982098321819296,1,Sideways,1,Bull,0.5297924121604652,0.2741711147320548,0.19603647310682584
2013-05-31,-0.013631522877598718,0.013212647264486076,0,Bear,2,Bear,0.002891372138306993,0.543137403055611,0.45397122480498503
2013-06-03,-0.11063734855284607,0.027530878283926294,0,Bear,2,Bear,1.5994767647394697e-25,1.1316414888934123e-16,1.0
2013-06-04,0.04755748036881116,0.03017408032953424,2,Bull,2,Bear,5.062460648367209e-13,7.414070475451952e-10,0.9999999992578523
2013-06-05,-0.013674861806484364,0.02982940856796998,2,Bull,2,Bear,9.858221752523922e-12,2.7774416722114745e-09,0.9999999972133082
2013-06-06,-0.048121530344496774,0.031242860655606074,0,Bear,2,Bear,3.1459696147860196e-16,1.2020438160958007e-12,1.0
2013-06-07,0.03160909594535573,0.03250133113726016,2,Bull,2,Bear,5.961195583096972e-13,2.4601999029544255e-10,0.9999999997526174
2013-06-10,-0.025161773649767266,0.03268243438066455,2,Bull,2,Bear,3.215218313569222e-14,1.6405934680018416e-11,0.9999999999818101
2013-06-11,-0.017767469098820595,0.03220807218106487,2,Bull,2,Bear,2.5950523433228887e-13,8.715817231719928e-11,0.9999999999126885
2013-06-12,0.024220251294677513,0.03284915273843786,2,Bull,2,Bear,8.246431126811807e-13,2.3482370659937324e-10,0.9999999997635314
2013-06-13,-0.005113133835805588,0.032819040624098565,2,Bull,2,Bear,6.45031627383838e-13,1.387994942517377e-10,0.9999999998617568
2013-06-14,0.04502363821340414,0.03496047482152617,2,Bull,2,Bear,3.1085459955031516e-15,3.0223382437233063e-12,0.999999999996362
2013-06-17,-0.013394956546882452,0.034874888373385,2,Bull,2,Bear,1.3259085540881297e-14,3.648615031546405e-12,0.999999999996362
2013-06-18,-0.015405671156944724,0.03466197150579845,2,Bull,2,Bear,1.3078624113221562e-14,3.924545018909892e-12,0.999999999996362
2013-06-19,0.013987219021571845,0.034362040883717075,2,Bull,2,Bear,1.8557082213980857e-13,3.772522388476128e-11,0.9999999999636202
2013-06-20,-0.0705850428654989,0.03702516372829527,0,Bear,2,Bear,3.0039798272562122e-24,2.9635470733612036e-19,1.0
2013-06-21,-0.004913958321317063,0.03701347807987195,2,Bull,2,Bear,1.6736738558598968e-15,3.448325297489599e-13,1.0
2013-06-24,-0.034249248692559825,0.03734378425925062,2,Bull,2,Bear,3.0807125369560848e-18,3.2130649582595915e-15,1.0
2013-06-25,0.00809412898721213,0.03761042335544045,2,Bull,2,Bear,1.6571184754764387e-15,2.963513777690757e-13,1.0
2013-06-26,0.03635851639597504,0.038785869285042816,2,Bull,2,Bear,6.189765365208762e-17,2.7433153436207554e-14,1.0
2013-06-27,0.025533867332973567,0.03948756715227771,2,Bull,2,Bear,6.427840572800936e-17,1.5962103817209498e-14,1.0
2013-06-28,0.007010663400559374,0.03957515831763039,2,Bull,2,Bear,7.238180090704077e-17,1.2392092748224651e-14,1.0
2013-07-01,0.005777904127768726,0.03100550283643295,2,Bull,2,Bear,1.2994805273713687e-11,2.4970201386110834e-09,0.9999999974897946
2013-07-02,-0.0038883342725748327,0.028900933613087716,2,Bull,2,Bear,8.611893870825138e-11,1.8618950202819085e-08,0.9999999812935132
2013-07-03,-0.036233935914641205,0.02977738148747855,0,Bear,2,Bear,9.719999815146004e-14,1.0417969890479124e-10,0.9999999998944986
2013-07-04,0.022678041560027663,0.02841594446756243,2,Bull,2,Bear,1.4527369331029402e-10,4.319851147533627e-08,0.9999999566571214
2013-07-05,-0.03094484940629704,0.02815791015540397,0,Bear,2,Bear,2.5737183560888663e-12,1.8576749268329633e-09,0.9999999981409928
2013-07-08,-0.019745834163856616,0.0279634749124114,2,Bull,2,Bear,3.7229148981789855e-11,1.1928309164284881e-08,0.9999999880346878
2013-07-09,0.0041665863084834704,0.027790753777589276,2,Bull,2,Bear,4.90471426705562e-10,9.1721081239699e-08,0.9999999077881554
2013-07-10,-0.012687450028130794,0.027170815075436398,2,Bull,2,Bear,2.8289680828159947e-10,6.124956397541957e-08,0.9999999384672283
2013-07-11,0.010020798422866527,0.02734620216402976,2,Bull,2,Bear,1.1109020296037233e-09,1.6248856439471738e-07,0.9999998364001065
2013-07-12,0.029266651241117457,0.026082439557289186,2,Bull,2,Bear,8.057213387510677e-10,2.9975786676622174e-07,0.9999996994375121
2013-07-15,0.030718443805815152,0.027088215476063972,2,Bull,2,Bear,2.720107561996302e-10,1.0414611019947715e-07,0.9999998955827377
2013-07-16,-0.007240099636263116,0.02693268493445902,2,Bull,2,Bear,7.009460048553828e-10,1.2441208816129055e-07,0.9999998748862786
2013-07-17,0.018252548766630773,0.02707697399903386,2,Bull,2,Bear,2.638998105955661e-08,1.9796727969144e-07,0.9999997756422342
2013-07-18,-0.0006398441207291289,0.021596518716127236,2,Bull,2,Bear,1.2801658279294084e-06,2.1477464353757067e-05,0.9999772423695761
2013-07-19,-0.01502746051492449,0.0218923419476649,0,Bear,2,Bear,3.7318087116743627e-06,8.796468248911764e-06,0.999987471723479
2013-07-22,-0.000764744166060934,0.02020044070763455,2,Bull,2,Bear,5.8950634435626284e-05,0.00010212477572936909,0.9998389245894075
2013-07-23,-0.0059251995857395575,0.02027701418311852,0,Bear,2,Bear,0.0003021313270709348,0.0001959532196973086,0.9995019154532605
2013-07-24,-0.018113634336602635,0.019164897126494725,0,Bear,2,Bear,0.0009214569755074451,0.0011736188900590965,0.9979049241359844
2013-07-25,-0.0022384997544175117,0.018208136944884615,0,Bear,2,Bear,0.009744207886224949,0.005437300872718128,0.9848184912404832
2013-07-26,-0.017687091389450724,0.018452286237088198,0,Bear,2,Bear,0.013329693550781828,0.015997190389588557,0.9706731160592721
2013-07-29,0.00527722269041771,0.018440782356488446,2,Bull,2,Bear,0.05393973454831001,0.04110579533400897,0.9049544701189882
2013-07-30,0.02011335118986698,0.019116863497312644,2,Bull,2,Bear,0.09099902846393149,0.08108554728485429,0.8279154242509494
2013-07-31,-0.014118093382937544,0.017569070892418905,0,Bear,2,Bear,0.17760091451075258,0.1947861457298155,0.6276129397604403
2013-08-01,0.00033108517021345645,0.016725732477126453,1,Sideways,0,Sideways,0.46631384024531713,0.302100575230334,0.23158558452442898
2013-08-02,0.008559821762199295,0.015320292793393598,1,Sideways,1,Bull,0.393960246584461,0.5503907552356921,0.0556489981786493
2013-08-05,0.003469394468348711,0.014555963372086514,1,Sideways,0,Sideways,0.5772890440684645,0.41308621106326954,0.00962474486993044
2013-08-06,-0.0034856360353585094,0.014590644089763292,1,Sideways,1,Bull,0.41217331351418535,0.585725404253788,0.002101282233497074
2013-08-07,-0.006597293957140727,0.01434251554741307,0,Bear,0,Sideways,0.5825405740926316,0.4169808065966322,0.0004786193098613941
2013-08-08,0.0,0.014211286959152273,1,Sideways,1,Bull,0.4117786851174089,0.5880932288391023,0.00012808604305994533
2013-08-09,0.0,0.01258355402650436,1,Sideways,0,Sideways,0.5841312034457287,0.4158228339808725,4.5962573084780475e-05
2013-08-12,0.024574240340568668,0.011840631507594289,1,Sideways,1,Bull,0.4103746387969989,0.5895462569040303,7.910430049993183e-05
2013-08-13,0.001851751029600607,0.011744931156734181,1,Sideways,0,Sideways,0.5804395119341651,0.4195170183080393,4.3469756862410344e-05
2013-08-14,0.0009490183519266612,0.010930275900077712,1,Sideways,1,Bull,0.41763766825039134,0.5823264811343152,3.5850613891357145e-05
2013-08-15,-0.02149928884695758,0.011853014696627284,0,Bear,0,Sideways,0.5726418307936518,0.42667504847552135,0.0006831207297072762
2013-08-16,0.00400935236221194,0.011512677208516316,1,Sideways,1,Bull,0.42178611759387147,0.5766778862895042,0.0015359961158691593
2013-08-19,-0.02581245888702598,0.012771853465717213,0,Bear,0,Sideways,0.5517592145491915,0.42737038778413505,0.02087039766563036
2013-08-20,-0.002467727952059076,0.012743814112321143,1,Sideways,1,Bull,0.39379992808301384,0.5601835415509168,0.046016530366615155
2013-08-21,-0.03516309276803916,0.014338723019565885,0,Bear,0,Sideways,0.3846060829116296,0.39535541633328847,0.22003850075646728
2013-08-22,-0.020425299970051932,0.014855486177673377,0,Bear,1,Bull,0.3101118997915779,0.40789372892277986,0.28199437128383015
2013-08-23,-0.005399606796535151,0.01450551275577802,0,Bear,0,Sideways,0.39320074426330726,0.30970964890169306,0.297089606834811
2013-08-26,0.012328664878676197,0.014807307594804208,1,Sideways,1,Bull,0.02815688582367448,0.40719715772336784,0.5646459564522136
2013-08-27,-0.0484864173460415,0.016973226977710785,0,Bear,2,Bear,0.0008595757129950234,0.025234554905341648,0.973905869382259
2013-08-28,-0.0010307392609809926,0.01691091980128685,1,Sideways,2,Bear,0.020439795884856338,0.0023220271697761393,0.9772381769453947
2013-08-29,0.014289512710590127,0.017452914717711057,1,Sideways,2,Bear,0.0021854472392413026,0.02081003274376645,0.9770045200153468
2013-08-30,0.0,0.017205661053084183,1,Sideways,2,Bear,0.005152366716896138,0.0028098466105990895,0.992037786674094
2013-09-02,0.03188358878438706,0.019054267431351617,2,Bull,2,Bear,1.890510944968894e-05,0.005132261497457424,0.9948488333927058
2013-09-03,-0.02320513948300338,0.019529219064804912,0,Bear,2,Bear,9.289031976999759e-05,4.071381780328503e-05,0.9998663958631836
2013-09-04,-0.0001090025836331767,0.019555337854531632,2,Bull,2,Bear,5.991198400885296e-05,0.0001965305021485986,0.9997435575129527
2013-09-05,-0.003750775496891781,0.019526000109239227,0,Bear,2,Bear,7.842619881876745e-05,0.00014240281880686145,0.9997791709838926
2013-09-06,0.007723961683974664,0.019703039977618048,2,Bull,2,Bear,1.0345474272112863e-05,0.00017206930172724064,0.9998175852228384
2013-09-09,0.03589008376516257,0.020717823598552204,2,Bull,2,Bear,2.916516862367439e-07,2.080109473758829e-05,0.9999789072540733
2013-09-10,0.02967201182687577,0.022018907642346878,2,Bull,2,Bear,4.5471198772377704e-07,8.441225487646978e-06,0.9999911040608883
2013-09-11,-0.00022847978012960598,0.022010687939660087,2,Bull,2,Bear,2.552137139884961e-06,1.6213932687398924e-05,0.9999812339316189
2013-09-12,0.013159234023514123,0.02180691275610535,2,Bull,2,Bear,9.338822347984422e-07,2.350326759514279e-05,0.9999755628489815
2013-09-13,-0.015064356206902356,0.02199916075544564,0,Bear,2,Bear,1.1283973022421204e-07,6.8546020803332595e-06,0.9999930325599854
2013-09-16,0.035969786713228334,0.022775351276988147,2,Bull,2,Bear,6.221412239675847e-08,2.7228034458921583e-06,0.9999972149819442
2013-09-17,0.007042357897031502,0.022792272726343633,2,Bull,2,Bear,2.1982940304114995e-06,1.0126658444721052e-05,0.9999876750475878
2013-09-18,-0.0016447787263805746,0.021104648657491138,2,Bull,2,Bear,1.4187421803876895e-07,3.160276921353865e-05,0.9999682553552821
2013-09-19,0.06237809321057369,0.024089284598278336,2,Bull,2,Bear,2.78401320211983e-12,2.0438767352487246e-08,0.9999999795581973
2013-09-20,-0.020379629956088455,0.024737949793761885,0,Bear,2,Bear,1.4092669755274045e-09,3.0728243447075563e-07,0.9999996913066319
2013-09-23,-0.013642145205105621,0.025112468613326253,2,Bull,2,Bear,4.11994932910332e-08,4.4743609486871504e-07,0.9999995113649959
2013-09-24,-0.003628595146231071,0.021822461497772713,2,Bull,2,Bear,1.7234735120279016e-06,1.580285656460957e-05,0.9999824736704538
2013-09-25,-0.003867321891478151,0.02189175205447018,2,Bull,2,Bear,1.1275467541131278e-06,1.6397596484889665e-05,0.9999824748564141
2013-09-26,-0.008114554765464924,0.022104919814235867,2,Bull,2,Bear,4.444370454119614e-07,1.0771919210224692e-05,0.9999887836430966
2013-09-27,-0.011249457052905193,0.022420013037900623,0,Bear,2,Bear,6.897366296922495e-07,6.409132570582829e-06,0.9999929011316494
2013-09-30,-0.0038282651281877143,0.021654207875483698,2,Bull,2,Bear,2.477090026331785e-06,1.8402107359940834e-05,0.9999791208025858
2013-10-01,0.026279300547389833,0.0211853321356154,2,Bull,2,Bear,4.7566984694118754e-07,2.1131792454610665e-05,0.9999783925383554
2013-10-02,-0.01724211806490794,0.021809398183682202,0,Bear,2,Bear,6.544096849852607e-07,6.1115400344788125e-06,0.999993234051696
2013-10-03,0.01462191297796886,0.021774011478805498,2,Bull,2,Bear,2.504036715065767e-06,2.202591323797201e-05,0.9999754700500522
2013-10-04,-0.0008250045110645684,0.021836517135469344,2,Bull,2,Bear,8.433213191725023e-06,2.084420775408456e-05,0.9999707225790571
2013-10-07,-0.004020826822840309,0.020785036435587354,2,Bull,2,Bear,1.738489838931632e-05,6.980136954861169e-05,0.9999128137307541
2013-10-08,-0.011092783747900627,0.020151987258311525,0,Bear,2,Bear,0.00034294552224848344,8.618088087463765e-05,0.9995708735970886
2013-10-09,-0.00775678114682014,0.020270310109894146,0,Bear,2,Bear,0.00040373629265434403,0.0018363975332576503,0.9977598661747342
2013-10-10,0.01539963371700015,0.02034213377312943,2,Bull,2,Bear,0.015594177374216759,0.001781373980839119,0.982624448646536
2013-10-11,0.007069097585179026,0.019965401371058792,2,Bull,2,Bear,0.009706493168643795,0.05757260926353082,0.9327208975695023
2013-10-14,0.0007689735543597765,0.0184032473771122,1,Sideways,2,Bear,0.2547504374727347,0.0241949331607688,0.7210546293681479
2013-10-15,0.0,0.01835517202104771,1,Sideways,2,Bear,0.04761699266365435,0.40010373758006806,0.5522792697579644
2013-10-16,0.0,0.018346564070581863,1,Sideways,0,Sideways,0.6782028386849799,0.06584705295774199,0.25595010835604254
2013-10-17,0.0,0.011332148376582616,1,Sideways,1,Bull,0.09132944184682722,0.8843969111353437,0.024273647016997767
2013-10-18,0.0,0.010484151664427222,1,Sideways,0,Sideways,0.9061087176713724,0.09229550662481537,0.0015957757024845014
2013-10-21,0.03406900393013497,0.012669921029752111,1,Sideways,1,Bull,0.08198373525374648,0.917018418354416,0.0009978463917847873
2013-10-22,0.005000346182759946,0.012639094051400008,1,Sideways,0,Sideways,0.9150087331918921,0.08487932158812282,0.00011194522091758442
2013-10-23,-0.009592656278351899,0.012836565242743602,0,Bear,1,Bull,0.08221563711560664,0.9177467503457222,3.76125394059204e-05
2013-10-24,0.004196662308902581,0.01264631790665629,1,Sideways,0,Sideways,0.9149595780366769,0.0850059584888221,3.446347402808713e-05
2013-10-25,0.0053846756967331055,0.012264071954370502,1,Sideways,1,Bull,0.08239222851967452,0.9175937331064469,1.4038373970283135e-05
2013-10-28,0.0036980994906955496,0.012161094880623379,1,Sideways,0,Sideways,0.914865868459282,0.08510657804818086,2.755349181431332e-05
2013-10-29,0.0,0.010901840539334923,1,Sideways,1,Bull,0.08243450460860981,0.9175555919064464,9.903486096808235e-06
2013-10-30,-0.008149786280952686,0.010226566291947885,1,Sideways,0,Sideways,0.91502844554139,0.08494659116829924,2.4963289563465438e-05
2013-10-31,-0.01659671935155838,0.010643125152229297,0,Bear,1,Bull,0.08198788035538286,0.917989687502425,2.2432141062429422e-05
2013-11-01,-0.014523791851110867,0.011185439847950457,0,Bear,0,Sideways,0.9148883857378263,0.08506155213906534,5.006212239893418e-05
2013-11-04,-0.0034963220612022703,0.011175651616961553,1,Sideways,1,Bull,0.0821768345606151,0.9178071258237547,1.603961503464319e-05
2013-11-05,-0.019737232275360464,0.011786622642076324,0,Bear,0,Sideways,0.9154033791451305,0.08449768544129554,9.893541308084643e-05
2013-11-06,0.013610969811000176,0.012032727267335128,1,Sideways,1,Bull,0.07991170013401909,0.9200564889787767,3.18108863150513e-05
2013-11-07,0.0005660616599450303,0.011535941026800478,1,Sideways,0,Sideways,0.9182833327285116,0.08166378158297963,5.2885687708382814e-05
2013-11-08,-0.025289547474699407,0.012717689066664298,0,Bear,1,Bull,0.0778099504695942,0.9219818341155329,0.00020821541531192316
2013-11-11,-0.024351743117297216,0.013685037607185967,0,Bear,0,Sideways,0.9179114500178326,0.08156186653419117,0.000526683449472603
2013-11-12,-0.003268372935866732,0.01366984319485758,1,Sideways,1,Bull,0.07789634381025494,0.9219810551479793,0.00012260104250274445
2013-11-13,0.0058572078384158096,0.013797925747772603,1,Sideways,0,Sideways,0.9204153571220856,0.0795076865031282,7.695637596402813e-05
2013-11-14,0.022526981001518353,0.014899501989872032,1,Sideways,1,Bull,0.07541195462865594,0.9244852423535612,0.00010280301616779125
2013-11-15,0.004025643072434615,0.014948013747142093,1,Sideways,0,Sideways,0.921506135930556,0.07839526357221027,9.860049595866003e-05
2013-11-18,0.017675679167466977,0.013260500276271472,1,Sideways,1,Bull,0.07616154287115416,0.9237972140154587,4.1243114536330234e-05
2013-11-19,-0.013048086965534677,0.013363929675444577,0,Bear,0,Sideways,0.9195115029930648,0.08038202027793687,0.00010647672968732607
2013-11-20,0.01018678782760347,0.013582453668471732,1,Sideways,1,Bull,0.07856124040095276,0.9214063714342161,3.238816597315787e-05
2013-11-21,-0.009361545354052902,0.013593316449433955,0,Bear,0,Sideways,0.9174607941166995,0.08245217477867846,8.70311054317509e-05
2013-11-22,0.012757101418824954,0.013920533354349264,1,Sideways,1,Bull,0.08059705018365831,0.9193670177197802,3.593209716003835e-05
2013-11-25,0.011741030402448347,0.014217338313535104,1,Sideways,0,Sideways,0.9150757951786812,0.08482085830877341,0.00010334651344539415
2013-11-26,-0.01273171825257452,0.014409459348240186,0,Bear,1,Bull,0.08288672566775207,0.9170379905802346,7.528375354688847e-05
2013-11-27,-0.008868869490194818,0.01442497620045497,0,Bear,0,Sideways,0.9128526252777074,0.08701561647007834,0.00013175825328528228
2013-11-28,-0.0042227766011243935,0.014054391242371405,1,Sideways,1,Bull,0.08522105797472929,0.9147265278966871,5.241413019736331e-05
2013-11-29,0.015538205591650662,0.014250404975844738,1,Sideways,0,Sideways,0.9108867529262046,0.08894034352504904,0.00017290354973557617
2013-12-02,-0.010578671968557813,0.01441595975027943,0,Bear,1,Bull,0.0861274988781121,0.9136762238466957,0.00019627727464510914
2013-12-03,-0.025179964978235592,0.014836532529357693,0,Bear,0,Sideways,0.9099319940914635,0.08908716570776248,0.0009808402011914675
2013-12-04,1.6451364651425387e-05,0.01443198113218827,1,Sideways,1,Bull,0.08379302401314562,0.915887662544217,0.000319313441967435
2013-12-05,-0.015120179917619103,0.014719964293150693,0,Bear,0,Sideways,0.9149927527227069,0.08471448419528359,0.0002927630836124534
2013-12-06,0.01907600596445051,0.014458909464314176,1,Sideways,1,Bull,0.07758996933517773,0.9222493129178748,0.00016071774799306853
2013-12-09,0.011577789834315936,0.01352380319416347,1,Sideways,0,Sideways,0.9212092540628626,0.07871935333823278,7.139259952750468e-05
2013-12-10,-0.0015489385373807778,0.013497804054785291,1,Sideways,1,Bull,0.07305090721749645,0.9268794131948647,6.967958651756033e-05
2013-12-11,-0.0020555674674325045,0.013479812393637684,1,Sideways,0,Sideways,0.9259480970943826,0.07369750447492554,0.0003543984310611482
2013-12-12,-0.012160372422616651,0.012794671818313268,0,Bear,1,Bull,0.06660761713535546,0.9317327770242096,0.0016596058395383887
2013-12-13,0.013500647215025797,0.013146100076632385,1,Sideways,0,Sideways,0.9173600608871731,0.06736217926100514,0.015277759851461889
2013-12-16,0.010454812983333615,0.012723410954716534,1,Sideways,1,Bull,0.002278699502643914,0.923559087993055,0.07416221250305094
2013-12-17,-0.05347756003409865,0.017233911142791415,0,Bear,2,Bear,0.00011083683428870169,0.0008480923374008918,0.9990410708275744
2013-12-18,0.006619703444367385,0.017113493043612656,1,Sideways,2,Bear,0.00010199860307704258,0.0005487383847201199,0.9993492630127413
2013-12-19,-0.03298537025788128,0.01836677029037429,0,Bear,2,Bear,1.2363217293814488e-05,0.00010756236932888931,0.999880074413614
2013-12-20,0.006819030903432648,0.0181301017580699,1,Sideways,2,Bear,0.00010204995975557316,0.0002788968714094215,0.9996190531684075
2013-12-23,-0.021600636525818447,0.01812206110175537,0,Bear,2,Bear,6.157513768249097e-05,0.0001497932488141244,0.9997886316129365
2013-12-24,0.013301526659810665,0.018531796025327976,2,Bull,2,Bear,1.4960645020939526e-06,0.00024151708810397755,0.9997569868458471
2013-12-25,-0.042957302111333376,0.02042167039009175,0,Bear,2,Bear,3.3729912552953447e-09,8.707096105548885e-07,0.999999125917766
2013-12-26,-0.023596669839897607,0.020776898043787937,0,Bear,2,Bear,8.620250607205013e-07,6.104428153360421e-06,0.9999930335458708
2013-12-27,-0.010433023695876398,0.02007968892123746,0,Bear,2,Bear,1.5147334018424522e-07,3.810291742194703e-05,0.9999617456092277
2013-12-30,0.06220972779211729,0.025540175753127874,2,Bull,2,Bear,1.7706350551866417e-12,6.788871661375754e-09,0.9999999932078936
2013-12-31,-0.0027100845496913677,0.02509031170103073,2,Bull,2,Bear,8.359049074279264e-09,1.0147253069849031e-06,0.9999989769172093
2014-01-02,-0.012106670819906833,0.02514083017677494,2,Bull,2,Bear,2.9571629771810195e-09,5.019531784790575e-07,0.9999994950886868
2014-01-03,-0.01532443872799727,0.02514547254063659,2,Bull,2,Bear,1.8769539990539323e-09,3.660747686966502e-07,0.9999996320476152
2014-01-06,0.030674955074659935,0.025838878162181684,2,Bull,2,Bear,1.5880002376093444e-09,3.3777324472039766e-07,0.9999996606384806
2014-01-07,0.008440976144852529,0.025750054870644357,2,Bull,2,Bear,4.230153026870423e-09,7.723277517376766e-07,0.9999992234409834
2014-01-08,-0.018640993944213733,0.025949145755034736,2,Bull,2,Bear,4.3134761608639926e-10,1.159191409917241e-07,0.9999998836501686
2014-01-09,-0.013729323501351394,0.026015339949362292,2,Bull,2,Bear,9.054351912246237e-10,1.8216757223900523e-07,0.9999998169260093
2014-01-10,0.022312373766749723,0.026676408212308003,2,Bull,2,Bear,1.2961481759341063e-09,2.5394039119720796e-07,0.9999997447630774
2014-01-13,0.0022092728833771453,0.02641225609099665,2,Bull,2,Bear,2.763926622947605e-09,3.5317967935820583e-07,0.9999996440565789
2014-01-14,0.0001498372036383318,0.026210534778945156,2,Bull,2,Bear,1.5638049451015722e-08,3.9818224283602577e-07,0.9999995861799963
2014-01-15,0.0009118996719621142,0.02357704979040775,2,Bull,2,Bear,5.091972540385592e-08,4.600566347578743e-06,0.9999953485129434
2014-01-16,-0.01912965991191219,0.023782481495936775,0,Bear,2,Bear,9.811455386521178e-09,8.910064785356069e-07,0.9999990991822835
2014-01-17,-0.018246474995224474,0.02303099546847918,0,Bear,2,Bear,7.577524420427735e-08,1.852824922258961e-06,0.9999980714001547
2014-01-20,0.001957430292235094,0.022952179178457113,2,Bull,2,Bear,7.214677904561621e-07,8.083397329359266e-06,0.9999911951332437
2014-01-21,0.008405405636157597,0.02263817122078278,2,Bull,2,Bear,8.795856926082389e-07,1.2169634952604324e-05,0.999986950778852
2014-01-22,0.015687763955109423,0.022725380950398135,2,Bull,2,Bear,4.4391045326617604e-07,1.078773519687267e-05,0.9999887683528433
2014-01-23,-0.029189453715183042,0.02157308066415569,0,Bear,2,Bear,4.953151241666321e-07,6.883270952584816e-06,0.9999926214131217
2014-01-24,-0.015429605343323742,0.021186863442125958,0,Bear,2,Bear,0.0012212667826884437,0.00011908448784982055,0.9986596487311326
2014-01-27,0.0021892045063267953,0.021050388644002584,2,Bull,2,Bear,0.003401593713640911,0.021911329903416224,0.974687076383998
2014-01-28,-0.016001904108376507,0.015530360823458853,0,Bear,2,Bear,0.24301151183091785,0.01618359803602412,0.7408048901338912
2014-01-29,-0.02316385577704186,0.016145305276774796,0,Bear,2,Bear,0.024975734233424515,0.36182447675002694,0.6131997890152391
2014-01-30,0.009819744865736854,0.016337827845371897,1,Sideways,0,Sideways,0.709597641220852,0.0477089199900016,0.24269343878766
2014-01-31,-0.01353919027041171,0.016273452032268303,0,Bear,1,Bull,0.054748744711467914,0.8038277378540456,0.14142351743608608
2014-02-03,-0.0029627083544650915,0.0141915477892646,1,Sideways,0,Sideways,0.9163540041407314,0.06208792836526659,0.021558067492484203
2014-02-04,0.01700094943632855,0.01473371249990939,1,Sideways,1,Bull,0.057372488131560456,0.934655184211277,0.007972327657004428
2014-02-05,-0.004636698210104014,0.014352614100297924,1,Sideways,0,Sideways,0.9384737785991961,0.05839145761713315,0.003134763782266364
2014-02-06,0.03319247389439829,0.016336649589836657,1,Sideways,1,Bull,0.05305749873154676,0.9440895765495558,0.002852924719221751
2014-02-07,0.000997157696706586,0.015373596197653347,1,Sideways,0,Sideways,0.9423734433614708,0.05680362702072219,0.0008229296173391891
2014-02-10,-0.008768630415210352,0.015392988420440349,0,Bear,1,Bull,0.05562516258104763,0.9440257522429084,0.00034908517502191803
2014-02-11,0.00359228743059066,0.015449650602444404,1,Sideways,0,Sideways,0.9405682279720597,0.05921889446520042,0.00021287756163674188
2014-02-12,0.0036182193373411574,0.015496259440870668,1,Sideways,1,Bull,0.057921008222290314,0.9419736619496221,0.00010532982899874925
2014-02-13,-0.011673119156346397,0.015167144609986869,0,Bear,0,Sideways,0.9383350405858022,0.06134597559817678,0.00031898381706642895
2014-02-14,0.017379582973505302,0.015294372767567907,1,Sideways,1,Bull,0.059580137406664596,0.9402070746311917,0.00021278796288467654
2014-02-17,0.010979396827676124,0.015504638564264104,1,Sideways,0,Sideways,0.9357685943271514,0.06359777216037427,0.0006336335132801188
2014-02-18,-0.022718284829028264,0.016151792707581228,0,Bear,1,Bull,0.06194383070665765,0.9372884113593491,0.0007677579330004182
2014-02-19,-0.011663753770869789,0.015756845863413152,0,Bear,0,Sideways,0.9312193424629123,0.06816840756296465,0.0006122499732147794
2014-02-20,0.004704804184325049,0.01457582103416177,1,Sideways,1,Bull,0.06763765273770991,0.9322034603182727,0.00015888694374348777
2014-02-21,0.0032076924019086256,0.014220006049210919,1,Sideways,0,Sideways,0.9268065433030056,0.07291121192370664,0.000282244772107017
2014-02-24,0.004691108442620225,0.014255150575467793,1,Sideways,1,Bull,0.07194607870200202,0.9276825362698236,0.0003713850275265809
2014-02-25,-0.03265594600750499,0.01563996009839337,0,Bear,0,Sideways,0.915851927410355,0.07713494565149055,0.007013126939511853
2014-02-26,-0.010043082387815443,0.014925960382511138,0,Bear,1,Bull,0.07336740496435988,0.9238476359101357,0.0027849591270300822
2014-02-27,0.004480648559272603,0.01477919003724797,1,Sideways,0,Sideways,0.9242907551703639,0.07482521588905601,0.0008840289422350144
2014-02-28,0.012452365753757307,0.014737260910415087,1,Sideways,1,Bull,0.07028676315703838,0.9289428648685789,0.0007703719759809096
2014-03-03,-0.022048292593670585,0.015571590240830177,0,Bear,0,Sideways,0.9257126570388273,0.07176865425341637,0.0025186887090039474
2014-03-04,0.029651130479070982,0.016542095653274125,1,Sideways,1,Bull,0.06484827602632921,0.9328443671370671,0.0023073568357896
2014-03-05,0.006546808818033068,0.016557691654541594,1,Sideways,0,Sideways,0.9317568020235045,0.06734553707904796,0.0008976608961568628
2014-03-06,0.008779950695596702,0.014856162211329607,1,Sideways,1,Bull,0.06487007543493101,0.9348214468348912,0.00030847772975010603
2014-03-07,-0.014291263213092058,0.015169194625231162,0,Bear,0,Sideways,0.9324555557915274,0.06718122659300402,0.00036321761632382015
2014-03-10,-0.005793724115588061,0.01510540953394304,0,Bear,1,Bull,0.063983809851823,0.9358548690874013,0.00016132106207079988
2014-03-11,0.005311774409287097,0.015138021602642292,1,Sideways,0,Sideways,0.9342320251415125,0.06565430936330693,0.00011366549577964324
2014-03-12,0.003055636890348651,0.015129598408565821,1,Sideways,1,Bull,0.0623038345890303,0.9376298170262203,6.634838494906675e-05
2014-03-13,0.0013711821286162028,0.014924244711588836,1,Sideways,0,Sideways,0.9361301508793536,0.06378563492539054,8.421419613677042e-05
2014-03-14,-0.0010503222909646066,0.01433037042812579,1,Sideways,1,Bull,0.060337617001641954,0.9396132394602519,4.9143539071894064e-05
2014-03-17,0.014417023084919175,0.014504352298010944,1,Sideways,0,Sideways,0.9382109117342678,0.061685006128150005,0.00010408213850988172
2014-03-18,0.02120266241051569,0.014380128290682156,1,Sideways,1,Bull,0.057061645678229064,0.9428484164969689,8.993782594099538e-05
2014-03-19,-0.001318502147016783,0.014079138283291937,1,Sideways,0,Sideways,0.9410595993039016,0.058862747101731686,7.765359505357554e-05
2014-03-20,-0.0034523872712670495,0.014103617048095892,1,Sideways,1,Bull,0.05607807544833407,0.9438580017631863,6.392278836332504e-05
2014-03-21,-0.01050524200684312,0.01433364348817124,0,Bear,0,Sideways,0.9418098576013677,0.05776510604289896,0.00042503635665085555
2014-03-24,-0.013546107193177127,0.01463264749178167,0,Bear,1,Bull,0.05416847973931576,0.9451166253269998,0.0007148949323761296
2014-03-25,0.015357778185619937,0.012892387049875728,1,Sideways,0,Sideways,0.9408179329420161,0.0558910768376766,0.0032909902212294034
2014-03-26,0.0458338208596282,0.015853085265928886,1,Sideways,1,Bull,0.04582137666242672,0.9445668539701524,0.009611769365925105
2014-03-27,-0.010126203568798089,0.016202293573743958,0,Bear,0,Sideways,0.932121786864899,0.05862691589072829,0.009251297245537006
2014-03-28,0.030390244750163244,0.017157737397897495,2,Bull,1,Bull,0.060309223057117355,0.9321094967648635,0.007581280178083164
2014-03-31,0.008915887752604728,0.015943681891190376,1,Sideways,0,Sideways,0.9062324042321165,0.09057983764370624,0.0031877581253166925
2014-04-01,0.01594841786550232,0.015174001832953367,1,Sideways,1,Bull,0.09508011265556063,0.9040297614548404,0.000890125889675233
2014-04-02,-0.0029595277768511437,0.015299475585358466,1,Sideways,0,Sideways,0.870837323837156,0.12840703650622246,0.0007556396557235203
2014-04-03,0.012614032408746116,0.015368224642413853,1,Sideways,1,Bull,0.13241531942744864,0.8673846821891713,0.00019999838415835552
2014-04-04,0.01440549601940767,0.014743341905883646,1,Sideways,0,Sideways,0.8283807173070572,0.17109243202902802,0.0005268506630024836
2014-04-07,-0.0012931418927302676,0.014571074747858,1,Sideways,1,Bull,0.17455501143860483,0.8252688635707179,0.00017612499124863542
2014-04-08,0.019905723479324892,0.014833095066938563,1,Sideways,0,Sideways,0.7930682964109218,0.2052308158835688,0.001700887704570067
2014-04-09,-0.020740657671050503,0.016143559058726692,0,Bear,1,Bull,0.2067027071175159,0.7916942856872305,0.0016030071938949468
2014-04-10,0.00991358601632429,0.016106205446638353,1,Sideways,0,Sideways,0.759337758672035,0.23882962499524638,0.0018326163314687244
2014-04-11,-0.005674288129350988,0.016263224943323586,0,Bear,1,Bull,0.24208895143651768,0.7567340667338258,0.00117698183087694
2014-04-14,0.014178049543504174,0.01625754809920243,1,Sideways,0,Sideways,0.7249994089620224,0.27185099891825065,0.003149592120851106
2014-04-15,-0.018287580267134465,0.016823962669817814,0,Bear,1,Bull,0.273921925589159,0.7231491128926831,0.0029289615197254514
2014-04-16,-0.0005329954562822972,0.01680940057511542,1,Sideways,0,Sideways,0.6874474328581086,0.30952784136319555,0.003024725777464705
2014-04-17,0.01592780663050408,0.016854000124526883,1,Sideways,1,Bull,0.3142903705770554,0.6841323287697981,0.001577300654137803
2014-04-18,-0.0011670139961863235,0.016498690128008208,1,Sideways,0,Sideways,0.6384735772291623,0.3597613189663601,0.0017651038057998507
2014-04-21,-0.0003988918652572619,0.015911376330874,1,Sideways,1,Bull,0.36571326646312,0.6337631872633885,0.0005235462719998598
2014-04-22,-0.0037744483637643816,0.015964482742622334,0,Bear,0,Sideways,0.5884111225136791,0.4107039027935969,0.0008849746918192293
2014-04-23,0.0,0.012979271600889698,1,Sideways,1,Bull,0.4161264045183583,0.5837857863932241,8.780908814042513e-05
2014-04-24,-0.010699329867302005,0.013012371960815687,0,Bear,0,Sideways,0.539454128465815,0.46023026955188323,0.00031560198119211263
2014-04-25,-0.013946522896819377,0.011986180203632565,0,Bear,1,Bull,0.4645266770219542,0.5354125646296558,6.075834678644499e-05
2014-04-28,0.01404592331174408,0.01220352209741531,1,Sideways,1,Bull,0.48795897961634904,0.5118526536447502,0.0001883667381198445
2014-04-29,-0.0011539565579302812,0.011756345493656265,1,Sideways,0,Sideways,0.5157286052820322,0.48424688674053,2.4507975643235907e-05
2014-04-30,0.021295552759762436,0.012548765953070409,1,Sideways,1,Bull,0.44687608133520795,0.5528813813069466,0.00024253735774191058
2014-05-01,0.0,0.01231424072703321,1,Sideways,0,Sideways,0.5544320093271934,0.44553456972621247,3.342094802072365e-05
2014-05-02,0.017280080317471767,0.01248713031375582,1,Sideways,1,Bull,0.4234922620754026,0.5763864486620364,0.00012128926154094138
2014-05-05,-0.005313587783898033,0.012570676644913698,1,Sideways,0,Sideways,0.5765171756783888,0.42345016912742395,3.265519534360102e-05
2014-05-06,0.005728638813039892,0.011860356724102608,1,Sideways,1,Bull,0.40772383323826344,0.5922238534821563,5.2313279153452895e-05
2014-05-07,-0.002971588470942809,0.010775025172916286,1,Sideways,0,Sideways,0.5922384250904003,0.4077459006898264,1.5674221197902852e-05
2014-05-08,0.010806156306586651,0.010812520326208427,1,Sideways,1,Bull,0.39275946073031354,0.6071976820499881,4.2857219682592904e-05
2014-05-09,-0.0028901241369647264,0.0107292743171509,1,Sideways,0,Sideways,0.6066629501104268,0.3933213932161119,1.5656672562820697e-05
2014-05-12,0.00491891074225417,0.010365486201590215,1,Sideways,1,Bull,0.3805402340731504,0.6194293609328925,3.0404992822524987e-05
2014-05-13,-0.0020974100496300723,0.009323270333008761,1,Sideways,0,Sideways,0.6187721310369246,0.38121620411570056,1.1664846493904782e-05
2014-05-14,0.0035739073453341834,0.00930388958704498,1,Sideways,1,Bull,0.3690143029908116,0.6309609046875789,2.479232335773023e-05
2014-05-15,-0.010833287778599023,0.009188409967826229,0,Bear,0,Sideways,0.6302177120748005,0.36976569828251793,1.65896412177566e-05
2014-05-16,-0.0029167008119628406,0.009219609118055359,1,Sideways,1,Bull,0.3568013078491871,0.6431717661950226,2.692595451269763e-05
2014-05-19,0.0,0.009216780288589238,1,Sideways,0,Sideways,0.6427876549988616,0.35720135240705136,1.0992595755150564e-05
2014-05-20,0.0032741924993429845,0.009157057960221475,1,Sideways,1,Bull,0.34416408065920806,0.6558102303832211,2.5688957273773493e-05
2014-05-21,0.01581082580407224,0.009695999801549738,1,Sideways,0,Sideways,0.6553715931416997,0.34460675550951586,2.1651348782758168e-05
2014-05-22,0.020565351688716618,0.010022425848682676,1,Sideways,1,Bull,0.3267590421237245,0.673169640705518,7.131717115236989e-05
2014-05-23,0.0002229441611530068,0.00916950321242261,1,Sideways,0,Sideways,0.6721272891709638,0.32785931283766884,1.3397990703575966e-05
2014-05-26,0.006926954151958442,0.008912680970809947,1,Sideways,1,Bull,0.31742954124312417,0.6825485965901438,2.1862165803470124e-05
2014-05-27,-0.013706189551064334,0.009709314349263852,0,Bear,0,Sideways,0.681218844807463,0.3187569436086395,2.421158531425565e-05
2014-05-28,0.0059435839900442815,0.008790397457694875,1,Sideways,1,Bull,0.3074294317579801,0.6925475906666859,2.2977574586762647e-05
2014-05-29,0.01658831491919852,0.009289077087285007,1,Sideways,0,Sideways,0.6916139708325103,0.30836423607491226,2.1793093598608772e-05
2014-05-30,-0.00012862149678578947,0.008733363520575027,1,Sideways,1,Bull,0.29289632391792836,0.7070758290790939,2.784700442328388e-05
2014-06-02,-0.008117132014467423,0.008889441849129645,1,Sideways,0,Sideways,0.7074678522692266,0.2925188935573274,1.3254174957137762e-05
2014-06-03,0.002152774754641529,0.008857730263354662,1,Sideways,1,Bull,0.27637274214007884,0.723599101494358,2.8156365484079707e-05
2014-06-04,-0.005516398092323855,0.008956023263687293,1,Sideways,0,Sideways,0.7241359401182078,0.2758515992745362,1.246060872049877e-05
2014-06-05,0.017932416127866783,0.009443707395341346,1,Sideways,1,Bull,0.259675287493266,0.7402758120767683,4.8900428669328274e-05
2014-06-06,0.007423170057966822,0.009410511575085604,1,Sideways,0,Sideways,0.7395687160510066,0.2604168298650242,1.4454085018825899e-05
2014-06-09,0.004420732705975393,0.009406104402631002,1,Sideways,1,Bull,0.2487607982238132,0.7512138901802109,2.5311597439889538e-05
2014-06-10,0.011306124087556824,0.0094951788357871,1,Sideways,0,Sideways,0.7506881354227791,0.24926012066384443,5.1743914728943574e-05
2014-06-11,-0.033002643613128574,0.012558414719036988,0,Bear,1,Bull,0.23477822359023245,0.7642443339076279,0.0009774425007212202
2014-06-12,0.01024474307231115,0.012314124554851183,1,Sideways,0,Sideways,0.7608616464567658,0.23901261628935647,0.0001257372522715886
2014-06-13,-0.010358601259050155,0.01261027790560807,0,Bear,1,Bull,0.23420996018611437,0.7657229945272768,6.704528795520217e-05
2014-06-16,-0.017438515895633958,0.013378910449644628,0,Bear,0,Sideways,0.7618825753485364,0.23796978798953278,0.00014763666091607237
2014-06-17,0.004753879687424947,0.013392000318610032,1,Sideways,1,Bull,0.23178364283124386,0.7681618104906217,5.454667796935214e-05
2014-06-18,0.0009891035602632252,0.012979686692602169,1,Sideways,0,Sideways,0.765713223251335,0.23424930500363775,3.747174431950971e-05
2014-06-19,0.012273726910213983,0.01244530368339158,1,Sideways,1,Bull,0.22814268635105517,0.7718221827409864,3.513090829963566e-05
2014-06-20,-0.008339990123226077,0.012606850043641147,0,Bear,0,Sideways,0.7686688519258097,0.23128370227656359,4.744579914449028e-05
2014-06-23,0.011739369969628573,0.012786301620653213,1,Sideways,1,Bull,0.2259074819985886,0.7740571878126636,3.533019044245522e-05
2014-06-24,-0.004300371511756945,0.012405209389325194,1,Sideways,0,Sideways,0.7705085210681719,0.22945432491574266,3.715401713612175e-05
2014-06-25,0.00014935890249515274,0.012349451319070264,1,Sideways,1,Bull,0.2249078983137344,0.7750669020329847,2.5199653385809125e-05
2014-06-26,-0.011378685368905196,0.012027561620319536,0,Bear,0,Sideways,0.7716335342553445,0.22831946509838427,4.700064757244954e-05
2014-06-27,0.004704422032284543,0.012089303100875292,1,Sideways,1,Bull,0.22303356773153266,0.7769413292549154,2.5103014893482565e-05
2014-06-30,0.0002115379986906289,0.011956484513351438,1,Sideways,0,Sideways,0.7739661184028573,0.22600165900927374,3.222258704004226e-05
2014-07-01,-0.017764444735867253,0.012572418300950487,0,Bear,1,Bull,0.22078323053684648,0.7791431275721499,7.364189158592417e-05
2014-07-02,-0.0035754880674178854,0.012543973078890335,1,Sideways,0,Sideways,0.7748264651947548,0.2251301417404963,4.339306597020579e-05
2014-07-03,0.00902701582857007,0.011982013419007027,1,Sideways,1,Bull,0.22147866944467254,0.778500427092741,2.0903462371230675e-05
2014-07-04,8.132117550826465e-05,0.011807185421531452,1,Sideways,0,Sideways,0.7736924016910344,0.22627552437707277,3.2073930983161015e-05
2014-07-07,0.01810169935352481,0.012559661321622695,1,Sideways,1,Bull,0.2230184427014982,0.7769484498869436,3.310741270686897e-05
2014-07-08,0.004293498723127297,0.012289215621552791,1,Sideways,0,Sideways,0.7696521245544414,0.23030778983745284,4.008560908093336e-05
2014-07-09,0.0021165435150564418,0.009806075942330005,1,Sideways,1,Bull,0.22842164904926826,0.771568692121186,9.658831016448475e-06
2014-07-10,-0.011482925325826905,0.0098470868965329,0,Bear,0,Sideways,0.764494914142523,0.235470184832978,3.4901024980807126e-05
2014-07-11,0.010294136933977254,0.009875891716969155,1,Sideways,1,Bull,0.2331606089733503,0.7668276350002893,1.1756024706248083e-05
2014-07-14,0.015716732741670587,0.00953196982926258,1,Sideways,0,Sideways,0.75946094366595,0.24050499065709213,3.4065678648774696e-05
2014-07-15,0.007703855496619025,0.009601344307724122,1,Sideways,1,Bull,0.23738069236644055,0.7626076990849112,1.1608549904688743e-05
2014-07-16,0.012542113900307657,0.00987906781711595,1,Sideways,0,Sideways,0.7569926964900635,0.24298114303645418,2.6160473957814846e-05
2014-07-17,-0.005940769558867495,0.009779962329163155,1,Sideways,1,Bull,0.23919640876967344,0.7607900257036907,1.3565527483668498e-05
2014-07-18,0.006475453511577448,0.009537968510954502,1,Sideways,0,Sideways,0.7564202107742939,0.24356191242952038,1.787679468548689e-05
2014-07-21,-0.0005371321854771923,0.009299768856902863,1,Sideways,1,Bull,0.2394351970911536,0.7605537290522478,1.1073857678321973e-05
2014-07-22,0.003157758690531953,0.009190239485358371,1,Sideways,0,Sideways,0.7566330649502534,0.24335140378357814,1.55312665031826e-05
2014-07-23,0.003919396824832802,0.009184739283615774,1,Sideways,1,Bull,0.23901778981838484,0.760971136266237,1.1073915445267274e-05
2014-07-24,0.011640423987178508,0.008803818897448298,1,Sideways,0,Sideways,0.7570798381694275,0.24290105876979423,1.9103060943462567e-05
2014-07-25,0.004680966720564364,0.008803656375263352,1,Sideways,1,Bull,0.23755763660709828,0.7624301982165397,1.2165176754467089e-05
2014-07-28,0.0,0.008807982992493576,1,Sideways,0,Sideways,0.759337601723189,0.2406486646466408,1.3733630307125936e-05
2014-07-29,0.0,0.007318058625597457,1,Sideways,1,Bull,0.23549018856968407,0.7644993849190728,1.0426511432067318e-05
2014-07-30,0.0,0.00715453964263423,1,Sideways,0,Sideways,0.7615010897213929,0.238483838366745,1.5071911727392583e-05
2014-07-31,-0.024777853765806476,0.009619533520515632,0,Bear,1,Bull,0.23319921096956292,0.766734377998226,6.6411031726865e-05
2014-08-01,-0.00076705526458266,0.009634472593450665,1,Sideways,0,Sideways,0.7607490884147791,0.2392283282081981,2.258337700757312e-05
2014-08-04,-0.0024465983590168084,0.008997799048790093,1,Sideways,1,Bull,0.23672187099706182,0.7632687045672274,9.42443517136608e-06
2014-08-05,-0.015398793162595337,0.009759200739014777,0,Bear,0,Sideways,0.7573171798255616,0.24263797324293462,4.484693314997725e-05
2014-08-06,-0.015113293184278847,0.01038166010440193,0,Bear,1,Bull,0.23915222263519953,0.7608201656942518,2.76116692097471e-05
2014-08-07,-0.0074428064114103265,0.010184236788278582,1,Sideways,0,Sideways,0.7549944603352478,0.24497744947264533,2.809019272770035e-05
2014-08-08,0.0045064532014886995,0.00996167426127701,1,Sideways,1,Bull,0.24214141763434924,0.7578448463977192,1.3735967824079755e-05
2014-08-11,-0.02464609881286918,0.01065245368297603,0,Bear,0,Sideways,0.7519563727391957,0.24789803564444435,0.00014559161557794404
2014-08-12,0.007168286365181545,0.010627095581859662,1,Sideways,1,Bull,0.24213472249832546,0.757839226160006,2.605134111992837e-05
2014-08-13,-0.0026838291938786193,0.010048918470378775,1,Sideways,0,Sideways,0.7548605420129413,0.24512163958070898,1.781840575554341e-05
2014-08-14,-0.0006276265449852279,0.010034806775287888,1,Sideways,1,Bull,0.23974247303025065,0.7602425838559987,1.4943114260549636e-05
2014-08-15,-0.011380761838665553,0.009974841771500237,0,Bear,0,Sideways,0.7573236078297165,0.24265043979481515,2.595237386280856e-05
2014-08-18,0.008439778858167062,0.01031318615363462,1,Sideways,1,Bull,0.23652677100259456,0.7634518059740621,2.14230217957681e-05
2014-08-19,0.024695647973829758,0.011988211356945711,1,Sideways,0,Sideways,0.760533712082471,0.23937205384266594,9.42340766316564e-05
2014-08-20,-0.005172536187027388,0.011923676244820368,1,Sideways,1,Bull,0.22753000507169457,0.7724165587516647,5.343617595129031e-05
2014-08-21,0.0011481251105548386,0.011493401673280746,1,Sideways,0,Sideways,0.772156845976646,0.22782330508499798,1.984893697744398e-05
2014-08-22,-0.0003534084604697636,0.011371013326101449,1,Sideways,1,Bull,0.21605687512275554,0.7839089214444828,3.420343288848238e-05
2014-08-25,0.004207577458995839,0.011472632416540837,1,Sideways,0,Sideways,0.7837288866955462,0.2162505090620872,2.060424177632493e-05
2014-08-26,0.018647373957638522,0.012448270935486918,1,Sideways,1,Bull,0.20399090843790776,0.7959379863278445,7.110523402444998e-05
2014-08-27,-0.0035591197915234895,0.012442110413168962,1,Sideways,0,Sideways,0.7946890784959192,0.2052788638027002,3.205770299529139e-05
2014-08-28,0.004591335292870838,0.01133026416809731,1,Sideways,1,Bull,0.19714958807053612,0.8028249069524308,2.5504976644493202e-05
2014-08-29,-0.006513202037482257,0.01140176317114417,1,Sideways,0,Sideways,0.801546297115906,0.19842915429365016,2.4548589091203162e-05
2014-09-01,0.006352366161764898,0.011516118437360418,1,Sideways,1,Bull,0.19025319161803367,0.8097209045396572,2.5903842055498706e-05
2014-09-02,-0.0014201777854503943,0.010986314307332774,1,Sideways,0,Sideways,0.8084442094406505,0.19153730142895029,1.8489128760391938e-05
2014-09-03,0.007190054820810046,0.01048762087253827,1,Sideways,1,Bull,0.18379100107296611,0.8161889960541645,2.000287361194754e-05
2014-09-04,0.011419081090833028,0.010521568622634736,1,Sideways,0,Sideways,0.8147459148730907,0.18523344655607943,2.0638571544743744e-05
2014-09-05,-0.00040017397336291645,0.01051971931662198,1,Sideways,1,Bull,0.17654136617460017,0.8234370277782483,2.1606046055485796e-05
2014-09-08,7.782002356193876e-05,0.008500480670399619,1,Sideways,0,Sideways,0.82264257695941,0.17734129718849437,1.6125853605737756e-05
2014-09-09,-0.026120641735842946,0.01064799309318124,0,Bear,1,Bull,0.16847991190892045,0.8313907727202573,0.0001293153701764913
2014-09-10,-0.0066353198818935,0.01076430709418107,1,Sideways,0,Sideways,0.8285769770123907,0.17139190345795635,3.111952855797508e-05
2014-09-11,-0.007370865629151079,0.010929865111949034,1,Sideways,1,Bull,0.16688821659545702,0.8330917002268629,2.0083176639726992e-05
2014-09-12,-0.01461368979676412,0.011142760624894806,0,Bear,0,Sideways,0.8302334571997886,0.16972100363387357,4.553916491657981e-05
2014-09-15,0.0012495628900977365,0.010995962599569418,1,Sideways,1,Bull,0.16425119112453176,0.8357305253034986,1.8283573619883114e-05
2014-09-16,0.009153551321068815,0.00965368555334912,1,Sideways,0,Sideways,0.833684569161593,0.16629825819184854,1.7172647190180595e-05
2014-09-17,0.004232140093756953,0.009638332136228667,1,Sideways,1,Bull,0.15996917970586116,0.84001547550006,1.5344793844504442e-05
2014-09-18,-0.01881248574145168,0.010513853861150571,0,Bear,0,Sideways,0.8383270035122992,0.16161802153743624,5.4974948767617936e-05
2014-09-19,-0.007440895430512396,0.0106122411335151,1,Sideways,1,Bull,0.15288801415673367,0.8470821628188479,2.9823024652225335e-05
2014-09-22,-0.0006762679507431048,0.010535031873150249,1,Sideways,0,Sideways,0.8464018571651442,0.15358200982177964,1.613301360637492e-05
2014-09-23,-0.0026181793587754794,0.009403504894889543,1,Sideways,1,Bull,0.14509272318986433,0.8548880814805754,1.9195327801846873e-05
2014-09-24,-0.01943799459320187,0.010131291286799658,0,Bear,0,Sideways,0.8542748480681729,0.14567419871146176,5.09532192395203e-05
2014-09-25,-0.00804236338691849,0.010000494875159905,1,Sideways,1,Bull,0.1334325671726498,0.8665331658887446,3.426693760232107e-05
2014-09-26,0.0005588872334464424,0.010032728187910416,1,Sideways,0,Sideways,0.8668698477480857,0.13311644961740532,1.3702635283860403e-05
2014-09-29,0.0001781859732284814,0.009800481105913547,1,Sideways,1,Bull,0.12125182976775249,0.8787250905318624,2.3079699595224112e-05
2014-09-30,0.0039055641719099366,0.009944882372598138,1,Sideways,0,Sideways,0.8791654633627296,0.12082093889619083,1.3597742751052298e-05
2014-10-01,-0.010507665858392407,0.009708494628069114,0,Bear,1,Bull,0.10847322937619071,0.8914938712996519,3.289932369012676e-05
2014-10-02,-0.004006398697748046,0.008952618486715639,1,Sideways,0,Sideways,0.8919408470630639,0.10804656081863734,1.2592118273368427e-05
2014-10-03,0.007101835990617081,0.009321218297070296,1,Sideways,1,Bull,0.09657456620018842,0.9034044303904383,2.100340896485256e-05
2014-10-06,0.0,0.0093190068971605,1,Sideways,0,Sideways,0.9037737687267875,0.09621430090963025,1.1930361999490834e-05
2014-10-07,0.0,0.0079292421259207,1,Sideways,1,Bull,0.08553601290665162,0.9144454110014414,1.8576093060470943e-05
2014-10-08,-0.01956100703631464,0.008673819561154681,0,Bear,0,Sideways,0.9148943458338252,0.08504773362704951,5.792053739939047e-05
2014-10-09,0.030572461886181332,0.011623089679186958,1,Sideways,1,Bull,0.06979286038546166,0.9299533778610515,0.00025376175299424906
2014-10-10,-0.023052568649135196,0.012225892130622954,0,Bear,0,Sideways,0.9291093627973639,0.0706231377600328,0.00026749944345342387
2014-10-13,0.021824499280996324,0.013399240768029112,1,Sideways,1,Bull,0.06177704500990472,0.9380810543145298,0.00014190067727493764
2014-10-14,-0.005728869348821476,0.01316834153465492,1,Sideways,0,Sideways,0.9375088415974268,0.062438158312159306,5.300009025097521e-05
2014-10-15,0.0022655476237917367,0.013122093342923613,1,Sideways,1,Bull,0.057107447515596585,0.9428620539069116,3.0498578702172742e-05
2014-10-16,-0.003748923223200577,0.012567613114953689,1,Sideways,0,Sideways,0.9423710587520627,0.0575968555230408,3.208572595129814e-05
2014-10-17,0.012756254191489898,0.012907561183831743,1,Sideways,1,Bull,0.05213414194710784,0.9478354647649222,3.0393289550023466e-05
2014-10-20,0.010510847757852678,0.013158227671353707,1,Sideways,0,Sideways,0.9471387163864105,0.0528175569988602,4.3726616273278415e-05
2014-10-21,0.017070465051833617,0.013704868178904695,1,Sideways,1,Bull,0.04753624067615761,0.9524177418658214,4.601745669919313e-05
2014-10-22,0.0055892425836899335,0.012894407841829764,1,Sideways,0,Sideways,0.9515457075107013,0.04841835234531796,3.594014527983552e-05
2014-10-23,0.017946230869062083,0.013148395850708858,1,Sideways,1,Bull,0.04439455858154616,0.9555728714923978,3.2569925277239545e-05
2014-10-24,-0.0009766488464956814,0.013168996710716242,1,Sideways,0,Sideways,0.9542095463992295,0.04575160190440484,3.885169665741677e-05
2014-10-27,-0.002290574702115259,0.013209402356006225,1,Sideways,1,Bull,0.04295761121988144,0.9570219032057528,2.0485573324399004e-05
2014-10-28,0.004453987792097896,0.013211986142911714,1,Sideways,0,Sideways,0.9557789495376092,0.044185578754018275,3.5471709699509826e-05
2014-10-29,0.0,0.012850082059484073,1,Sideways,1,Bull,0.04117516677183847,0.9588073101318908,1.7523094708971522e-05
2014-10-30,0.0038812421793920737,0.012726853511136805,1,Sideways,0,Sideways,0.9577548220938139,0.04221546641330507,2.9711491839110476e-05
2014-10-31,0.00848836248045502,0.012748794088213286,1,Sideways,1,Bull,0.03898961418786887,0.9609930008424559,1.7384968446425973e-05
2014-11-03,-0.006871476169037743,0.012953219018904706,0,Bear,0,Sideways,0.9599448571022102,0.04001274002579535,4.240287220740452e-05
2014-11-04,0.002998238570891292,0.01292599563086882,1,Sideways,1,Bull,0.036825947299504634,0.9631526027578248,2.14499432282244e-05
2014-11-05,-0.0164815782099865,0.012648358149876526,0,Bear,0,Sideways,0.9622381270078744,0.037667593010615334,9.42799807938083e-05
2014-11-06,-0.018481045003104924,0.011953278404505906,0,Bear,1,Bull,0.033331030026476756,0.9666116999214566,5.727005263751342e-05
2014-11-07,0.00575674435971605,0.010483288430137691,1,Sideways,0,Sideways,0.9658797696577888,0.03410246061746657,1.7769725404542806e-05
2014-11-10,-0.0027539860782589353,0.00955339282142764,1,Sideways,1,Bull,0.030733420187747943,0.9692587807981848,7.799014653104997e-06
2014-11-11,0.008453647340411215,0.009497647190151184,1,Sideways,0,Sideways,0.9687051555219274,0.03127818181359066,1.6662663855520805e-05
2014-11-12,0.02508339964379198,0.010763226266584002,1,Sideways,1,Bull,0.027326557213097215,0.9726479674167365,2.547536952384164e-05
2014-11-13,0.005967658925307087,0.010634032790841512,1,Sideways,0,Sideways,0.9712916466947955,0.028690177108754936,1.8176195482674563e-05
2014-11-14,0.004139737986231675,0.010435653525570389,1,Sideways,1,Bull,0.02671528899345847,0.9732787880378823,5.922967352284494e-06
2014-11-17,-0.008803417381947459,0.010656164756857682,0,Bear,0,Sideways,0.9720866978522265,0.027890500035777126,2.280211307771324e-05
2014-11-18,0.010259033193035729,0.010273283810463942,1,Sideways,1,Bull,0.025711338952874842,0.9742816585267564,7.002520723665256e-06
2014-11-19,0.0016180499216623986,0.010245067494937877,1,Sideways,0,Sideways,0.9730984869225248,0.02688622957529021,1.5283503881091256e-05
2014-11-20,0.012810763858318835,0.009885567854660715,1,Sideways,1,Bull,0.024889914292993972,0.9751038445373408,6.241168532349319e-06
2014-11-21,0.009287531083369787,0.009996223073363786,1,Sideways,0,Sideways,0.9737004055522661,0.0262822234266396,1.7371019461560852e-05
2014-11-24,-0.00035785553002236754,0.009958006634802024,1,Sideways,1,Bull,0.02434803607822703,0.9756466693644128,5.294556583520779e-06
2014-11-25,0.0033395943281548917,0.009949449560556529,1,Sideways,0,Sideways,0.9746015238861816,0.025384231319089737,1.4244794594009937e-05
2014-11-26,0.008497240418775311,0.010021979041521575,1,Sideways,1,Bull,0.023251873912610018,0.976742449003833,5.67708304178876e-06
2014-11-27,0.005270765245851306,0.010034374287077815,1,Sideways,0,Sideways,0.9757147291556811,0.0242698287375178,1.544210797505926e-05
2014-11-28,0.017327206408217218,0.010477789066749324,1,Sideways,1,Bull,0.02212876967112284,0.9778624788174276,8.751510679219581e-06
2014-12-01,-0.00024836972958328085,0.010239587053158895,1,Sideways,0,Sideways,0.976460812956648,0.023522129834834687,1.7057208392844477e-05
2014-12-02,-0.014405568094819412,0.011011374847739062,0,Bear,1,Bull,0.022017049131226638,0.9779728908266767,1.0060043739410216e-05
2014-12-03,-1.150051205993501e-06,0.010067622380794795,1,Sideways,0,Sideways,0.976382006382099,0.023602234512387625,1.5759106752668303e-05
2014-12-04,0.01541377067869631,0.008937670570459997,1,Sideways,1,Bull,0.02228112523041882,0.9777138113975367,5.063372255467547e-06
2014-12-05,-0.011596066760381617,0.00970378618242759,0,Bear,0,Sideways,0.9755929741314497,0.02438224052584607,2.4785343804637944e-05
2014-12-08,-0.0049535937465192605,0.009801880942993276,1,Sideways,1,Bull,0.023253966467780083,0.9767409734580886,5.060074577754178e-06
2014-12-09,-0.015342523622717855,0.010682860911210856,0,Bear,0,Sideways,0.9749575469385059,0.02500229191688183,4.016114500381377e-05
2014-12-10,0.00714574279649423,0.009424771544974194,1,Sideways,1,Bull,0.02336796762819989,0.97662583167788,6.200695351566959e-06
2014-12-11,0.007011186015424177,0.009449185575014098,1,Sideways,0,Sideways,0.9752546126403365,0.024716807615664048,2.857974495103307e-05
2014-12-12,-0.01776583395314705,0.010444384245642495,0,Bear,1,Bull,0.022884775839640315,0.9770458750223532,6.934913747998722e-05
2014-12-15,-0.005083396781550579,0.010288344069978956,1,Sideways,0,Sideways,0.9736039206134652,0.024448533911482807,0.0019475454750958218
2014-12-16,-0.04461605316203808,0.014328522229473844,0,Bear,1,Bull,0.01822012258883876,0.9749761913887945,0.006803686021748987
2014-12-17,0.020367950180022715,0.015123087252354592,1,Sideways,0,Sideways,0.965300568468773,0.02951495331833769,0.005184478213092182
2014-12-18,0.029329152986991913,0.0162884130479207,1,Sideways,1,Bull,0.030363411374462475,0.9656243648975059,0.004012223729302239
2014-12-19,0.004165426272486312,0.01618174971458746,1,Sideways,0,Sideways,0.9499829943574708,0.047342237522156126,0.0026747681214419846
2014-12-22,0.018613896439624758,0.01669675127370048,1,Sideways,1,Bull,0.04961455955979123,0.9487153299363292,0.0016701105027788698
2014-12-23,-0.007732028720938569,0.016802612799353585,0,Bear,0,Sideways,0.9255378345739116,0.07228541323187428,0.002176752195660061
2014-12-24,0.003941813252701612,0.016720169832380276,1,Sideways,1,Bull,0.07536591752355275,0.9236878953257571,0.0009461871524302767
2014-12-25,3.3027897243165894e-05,0.016679880356838272,1,Sideways,0,Sideways,0.9022524986053647,0.09657388434576256,0.0011736170503152362
2014-12-26,0.0014466879414918156,0.016186331491366647,1,Sideways,1,Bull,0.09914897925531826,0.9003625212244927,0.0004884995192057691
2014-12-29,-0.010003095303889724,0.01631800092938988,0,Bear,0,Sideways,0.8787229220861258,0.12014434862528574,0.00113272928960091
2014-12-30,0.005162508813190534,0.016069380703484647,1,Sideways,1,Bull,0.122288319557119,0.8773022039345454,0.0004094765085706136
2014-12-31,0.01390847392436402,0.016377542342854566,1,Sideways,0,Sideways,0.857794211509197,0.14145304268359213,0.0007527458072295576
2015-01-02,-0.003063400211456794,0.016007299715611056,1,Sideways,1,Bull,0.14277088901481383,0.8569361639514737,0.0002929470325224947
2015-01-05,0.011676368106183761,0.016000399727654425,1,Sideways,0,Sideways,0.8410124790852839,0.1585227906591,0.00046473025483135134
2015-01-06,0.005156541139771384,0.01597166068379249,1,Sideways,1,Bull,0.15923924708057136,0.840592132276479,0.00016862064191607387
2015-01-07,-0.0015314554318987654,0.015509872361753213,1,Sideways,0,Sideways,0.8265662526246134,0.173126516885519,0.0003072304884091327
2015-01-08,0.01046629718305627,0.015586473055072898,1,Sideways,1,Bull,0.1737386789486728,0.8261475069219617,0.0001138141298134148
2015-01-09,-0.00046993748190122874,0.015551485286350586,1,Sideways,0,Sideways,0.8105255983814531,0.1891988840717637,0.0002755175477270863
2015-01-12,0.0024647464128882486,0.014861326656910721,1,Sideways,1,Bull,0.1900731313909778,0.8098586468666651,6.822174282707529e-05
2015-01-13,0.0050948523890987744,0.014754228829603295,1,Sideways,0,Sideways,0.7942933532001989,0.20555183317023024,0.00015481362780437515
2015-01-14,-0.008528715142037869,0.010054182532635772,1,Sideways,1,Bull,0.20621951731229063,0.7937652958898104,1.5186796576496052e-05
2015-01-15,0.0020455384384356623,0.009395769049085132,1,Sideways,0,Sideways,0.7781274004322799,0.2218382632133325,3.4336355505621514e-05
2015-01-16,-0.0037268931964762712,0.007426935786548444,1,Sideways,1,Bull,0.2224583163132915,0.7775364677621159,5.215922835409858e-06
2015-01-19,0.0067278039865205225,0.007479888274079288,1,Sideways,0,Sideways,0.7623228522024704,0.2376468880910684,3.0259707712459558e-05
2015-01-20,0.013475905967865546,0.006971307695569856,1,Sideways,1,Bull,0.23790755549174136,0.7620845819228556,7.862583753520298e-06
2015-01-21,0.012392605135434208,0.006894909065991852,1,Sideways,0,Sideways,0.7438753187236727,0.2560830466400365,4.163463727866702e-05
2015-01-22,0.006511597683149231,0.006930693758955204,1,Sideways,1,Bull,0.25637934285480296,0.7436144518904114,6.205255853195631e-06
2015-01-23,-0.001835511524234719,0.0069916751591464895,1,Sideways,0,Sideways,0.728066877735102,0.27190471540877903,2.840685551883441e-05
2015-01-26,0.007431358019960157,0.007033038570336748,1,Sideways,1,Bull,0.2724061502970043,0.7275878792225673,5.97048033839565e-06
2015-01-27,-0.0028790800418652808,0.006461383150637806,1,Sideways,0,Sideways,0.7103682020982927,0.2896006960721656,3.11018302932633e-05
2015-01-28,-0.008909561610106958,0.007068533200249977,1,Sideways,1,Bull,0.2904060037271369,0.7095865099783296,7.486293040030295e-06
2015-01-29,-0.019942578415054073,0.00833850188560506,0,Bear,0,Sideways,0.6915103505639927,0.3083961816256784,9.346781211784715e-05
2015-01-30,0.004371777907717911,0.008283907239640816,1,Sideways,1,Bull,0.3081347769548769,0.6918558696733785,9.353373050934097e-06
2015-02-02,0.008586219322086475,0.008121140122417853,1,Sideways,0,Sideways,0.6786019843521499,0.3213610905277532,3.692511891079772e-05
2015-02-03,-0.024877483989713185,0.010029253713183401,0,Bear,1,Bull,0.32067384407004845,0.6792609391856482,6.521674459418597e-05
2015-02-04,-0.018434568187165164,0.01087232858091729,0,Bear,0,Sideways,0.6579935888692185,0.34184872510130865,0.00015768603056754433
2015-02-05,-0.001407127153716926,0.010561636238195053,1,Sideways,1,Bull,0.34217198810071714,0.6578118738811067,1.6138018024247253e-05
2015-02-06,-0.009391237097451122,0.010721018050931301,0,Bear,0,Sideways,0.6424343201326976,0.35750735407117007,5.832579773952543e-05
2015-02-09,-0.004872648305695266,0.010702234754230265,1,Sideways,1,Bull,0.35746187714696104,0.6425234630957143,1.4659758037388237e-05
2015-02-10,-0.01738832550504717,0.011101273522619935,0,Bear,0,Sideways,0.6279842365982439,0.37190329151783097,0.0001124718831694948
2015-02-11,0.0037598533082082632,0.011121116884957198,1,Sideways,1,Bull,0.3708664677632966,0.6291034484894127,3.0083745725208553e-05
2015-02-12,0.03130536679934351,0.013425129385158923,1,Sideways,0,Sideways,0.6175990668812295,0.3819645013199618,0.0004364317979964381
2015-02-13,-0.0031798915953802835,0.013419741564613848,1,Sideways,1,Bull,0.37542636367398136,0.6244611453025668,0.00011249102292280042
2015-02-16,0.0026907513048121537,0.013328581779156719,1,Sideways,0,Sideways,0.6215053892537186,0.37843408718131105,6.05235654342598e-05
2015-02-17,-0.01895569735633462,0.013430576614633668,0,Bear,1,Bull,0.37156358307268395,0.628268853080412,0.0001675638466613093
2015-02-18,0.011971844695458133,0.013405913320852465,1,Sideways,0,Sideways,0.6235314880096442,0.3763939878392006,7.452415176049781e-05
2015-02-19,0.011318903581163607,0.0136224794313534,1,Sideways,1,Bull,0.37094001692749956,0.628998332507381,6.165056596613764e-05
2015-02-20,-0.010766647427973713,0.01374429095909246,0,Bear,0,Sideways,0.6243189611105417,0.37558668507099485,9.435381729104095e-05
2015-02-23,0.009307472328058635,0.013825241782917663,1,Sideways,1,Bull,0.3703474733262661,0.6295925717000483,5.995497235154804e-05
2015-02-24,0.004658378997874986,0.013927755759750244,1,Sideways,0,Sideways,0.6250453283065195,0.3748945622345626,6.0109457631342126e-05
2015-02-25,0.00048786234873437394,0.013858761884786892,1,Sideways,1,Bull,0.3700593208019873,0.6298832998401966,5.737935847101306e-05
2015-02-26,-0.009477193106707079,0.013334816835808058,0,Bear,0,Sideways,0.6254811933962355,0.3744122026261493,0.00010660397635400604
2015-02-27,-0.020791866035106247,0.01392429072887218,0,Bear,1,Bull,0.36887817467748935,0.6308787752656897,0.00024305005668557068
2015-03-02,-0.0023867458618610357,0.013666965468141369,1,Sideways,0,Sideways,0.6243081348502055,0.3755886691736438,0.00010319597731636353
2015-03-03,0.004243702376845675,0.012771472540738628,1,Sideways,1,Bull,0.3725790876729853,0.6273424137798838,7.849854774720159e-05
2015-03-04,-0.026889704046794808,0.013469661539641638,0,Bear,0,Sideways,0.619902217562888,0.3793557630329142,0.0007420194049626156
2015-03-05,-0.01581394509355207,0.013801214753229422,0,Bear,1,Bull,0.37191119510347614,0.6276665456898582,0.00042225920710023765
2015-03-06,-0.005827890924269864,0.013737332388076293,0,Bear,0,Sideways,0.6240975248997629,0.37564495633768047,0.00025751876288265086
2015-03-09,0.004165139270106803,0.013815043296858981,1,Sideways,1,Bull,0.36931796392308824,0.6300147770628151,0.0006672590143409575
2015-03-10,-0.03364141080286489,0.015157283847767962,0,Bear,0,Sideways,0.6227484606899797,0.3728976736047744,0.004353865703896227
2015-03-11,0.003833508297461456,0.015159070440357478,1,Sideways,1,Bull,0.35287773047160265,0.645791281799239,0.0013309877281981813
2015-03-12,0.00020692080784164412,0.012854582445727533,1,Sideways,0,Sideways,0.6479825952484409,0.35181994636341013,0.00019745838939387903
2015-03-13,-0.02131423617510089,0.013367891247045094,0,Bear,1,Bull,0.330974717248774,0.6683951055642213,0.0006301771858219702
2015-03-16,0.020068087811131254,0.014458706821220486,1,Sideways,0,Sideways,0.6681927998780858,0.33144300594740633,0.000364194175334606
2015-03-17,0.0231956680350383,0.01532953016051416,1,Sideways,1,Bull,0.3108549482465503,0.6884395563997193,0.000705495352581161
2015-03-18,-0.0011051576912970455,0.014946117119273466,1,Sideways,0,Sideways,0.6878866041514081,0.3117258011414452,0.00038759470693074024
2015-03-19,0.02446242612719301,0.015883523023415506,1,Sideways,1,Bull,0.29986359209267544,0.699162275374132,0.0009741325320296351
2015-03-20,0.007108321653426995,0.01590679800540645,1,Sideways,0,Sideways,0.6957572710068707,0.3032172159315394,0.0010255130602233543
2015-03-23,0.014864731595106767,0.016157154967141586,1,Sideways,1,Bull,0.2962967078406815,0.7018722384797071,0.0018310536791510748
2015-03-24,-0.02062386986703691,0.016632204725532323,0,Bear,0,Sideways,0.6953411667326584,0.3004172274238092,0.00424160584342489
2015-03-25,0.007488400185653847,0.016777224731998566,1,Sideways,1,Bull,0.2922353175077454,0.7039716828695787,0.0037929996223384985
2015-03-26,-0.014218136554639218,0.016915232189723337,0,Bear,0,Sideways,0.7014248297222575,0.29448383660793676,0.0040913336708079005
2015-03-27,-0.007244829496388,0.016414295966937102,0,Bear,1,Bull,0.28456447761880044,0.7118572787284128,0.00357824365318781
2015-03-30,0.015818528645432716,0.016888009504296135,1,Sideways,0,Sideways,0.7107046688692948,0.2861269260339477,0.0031684050966431848
2015-03-31,-0.01641454272001172,0.01717577539702054,0,Bear,1,Bull,0.27334838867191946,0.7230850515788944,0.0035665597492027528
2015-04-01,0.004473759337733406,0.016196603567522377,1,Sideways,0,Sideways,0.7235292491146912,0.27524362064962915,0.0012271302366266147
2015-04-02,0.00574515237113686,0.015839046611393823,1,Sideways,1,Bull,0.26645759904735417,0.7329049215185335,0.0006374794346193852
2015-04-03,0.016006862862374693,0.01612605486303766,1,Sideways,0,Sideways,0.7315798586946408,0.26799535227184756,0.0004247890348347246
2015-04-06,0.0016361419132053072,0.016115155024778158,1,Sideways,1,Bull,0.2564542197877968,0.7432037663097483,0.0003420139023659325
2015-04-07,-0.008023227927053903,0.014060653453188394,0,Bear,0,Sideways,0.7429125265507189,0.25697383104133464,0.00011364240967827779
2015-04-08,0.004035988444588627,0.014061510983839736,1,Sideways,1,Bull,0.2446608262048248,0.7552384954234359,0.00010067837062699042
2015-04-09,0.008588611381828955,0.014104734352057906,1,Sideways,0,Sideways,0.7549949850809007,0.24494604764424582,5.8967274333768646e-05
2015-04-10,-0.010445442911466941,0.013295576127094998,0,Bear,1,Bull,0.23166731714456615,0.7682197265489814,0.00011295630783729498
2015-04-13,-0.008606033838998073,0.012988158440824389,0,Bear,0,Sideways,0.7680266479806224,0.23192334217460042,5.000984544136756e-05
2015-04-14,0.004652470346166062,0.012048681977567196,1,Sideways,1,Bull,0.2191070515115402,0.7808450664459826,4.7882042063278736e-05
2015-04-15,-0.011757422775871463,0.012396148895188232,0,Bear,0,Sideways,0.7807872431891738,0.21916837532816594,4.438148128500628e-05
2015-04-16,0.013177688489191848,0.01148981674995514,1,Sideways,1,Bull,0.20498487343071506,0.7949649644457938,5.0162124937461905e-05
2015-04-17,-0.0002305106257425732,0.011378026577190437,1,Sideways,0,Sideways,0.7947481566676731,0.20523225466031703,1.9588670235806003e-05
2015-04-20,-0.001397529391745701,0.01082334410008553,1,Sideways,1,Bull,0.19382162685926416,0.8061452737544047,3.3099387909971e-05
2015-04-21,0.02371462453131122,0.011100898260879413,1,Sideways,0,Sideways,0.80596280139916,0.19397243837930436,6.476022198521231e-05
2015-04-22,-0.005918194158214982,0.011115492964559607,1,Sideways,1,Bull,0.17130688613701262,0.8286239596738206,6.915418877401731e-05
2015-04-23,0.0,0.010552969750666422,1,Sideways,0,Sideways,0.8306297633369272,0.16935358314873442,1.6653513093014946e-05
2015-04-24,0.020917126177719136,0.011199148861354138,1,Sideways,1,Bull,0.14705414433291789,0.8528477234318897,9.813223451620127e-05
2015-04-27,0.009893430146728143,0.010911273062777603,1,Sideways,0,Sideways,0.8534262100909732,0.14655164257521117,2.2147335620742677e-05
2015-04-28,-0.0022293107929961978,0.010043425951790653,1,Sideways,1,Bull,0.13144565877820094,0.8685220515814478,3.228963918148808e-05
2015-04-29,-0.002684262761993965,0.01012330698682288,1,Sideways,0,Sideways,0.8695201876097536,0.13045984641609476,1.9965975284853226e-05
2015-04-30,-0.02391046893589489,0.011722985520813096,0,Bear,1,Bull,0.1150655748183774,0.8847346702927307,0.00019975488997051272
2015-05-01,0.0,0.011206202328432193,1,Sideways,0,Sideways,0.8846233498875993,0.11535053159002945,2.6118522888338405e-05
2015-05-04,0.0008561964494117037,0.011203656223533528,1,Sideways,1,Bull,0.10660453497651326,0.8933709497683681,2.4515255179344088e-05
2015-05-05,-0.007624895810586334,0.01118799093804354,1,Sideways,0,Sideways,0.8932056359020003,0.10676975153742353,2.461255957379981e-05
2015-05-06,-0.011329196261443651,0.011460365782641285,0,Bear,1,Bull,0.09753268961498836,0.9024262591132748,4.105127152869839e-05
2015-05-07,0.0015611411594048104,0.011282539503314155,1,Sideways,0,Sideways,0.9022512472202794,0.09772865413112798,2.0098647632094074e-05
2015-05-08,0.017880787951178596,0.011745760847548536,1,Sideways,1,Bull,0.08929793566831759,0.9106639937253798,3.807060619851172e-05
2015-05-11,0.008209134453295299,0.011634693189497773,1,Sideways,0,Sideways,0.9097713629605262,0.09020462375920446,2.40132795627009e-05
2015-05-12,0.007179856607323514,0.011682202811664306,1,Sideways,1,Bull,0.08386633786053485,0.9161128232688056,2.0838870458329452e-05
2015-05-13,0.01227156097044701,0.011446082073927862,1,Sideways,0,Sideways,0.9153754253083329,0.08459850385956741,2.6070831272781004e-05
2015-05-14,0.009515158337577689,0.011303371256248963,1,Sideways,1,Bull,0.07727553818958288,0.9227023477455881,2.2114065339767832e-05
2015-05-15,0.004131601588530756,0.011283199693901154,1,Sideways,0,Sideways,0.9222615718991042,0.07771948980008112,1.8938299684888813e-05
2015-05-18,0.01188049292790844,0.011397678191042067,1,Sideways,1,Bull,0.07093924943226936,0.9290390852939021,2.166527466209689e-05
2015-05-19,0.0,0.01039728310638186,1,Sideways,0,Sideways,0.9284267680385504,0.07155710872613634,1.6123236286141713e-05
2015-05-20,-0.009757285971369914,0.010595021088071418,0,Bear,1,Bull,0.06583048668272148,0.9341492321963377,2.0281120781045123e-05
2015-05-21,-0.014064540293231847,0.011207429359876538,0,Bear,0,Sideways,0.9334975785593349,0.06646289876572947,3.9522676413004105e-05
2015-05-22,-0.008831190227611552,0.010462980558133423,0,Bear,1,Bull,0.05994347901674813,0.9400334086400497,2.311234275077806e-05
2015-05-25,-0.014520368187010243,0.010687824935310898,0,Bear,0,Sideways,0.9397516052702206,0.06021210718815012,3.628754274784157e-05
2015-05-26,-0.010909808160343207,0.01091116225214867,0,Bear,1,Bull,0.05262717940193006,0.9473427383328505,3.008226628198544e-05
2015-05-27,0.00765393578379074,0.011095790912547653,1,Sideways,0,Sideways,0.9473773293414033,0.05260326300761018,1.9407650895217484e-05
2015-05-28,-0.008608419401269059,0.009894740216615667,1,Sideways,1,Bull,0.044977280666521714,0.954999446808602,2.3272524000615007e-05
2015-05-29,-0.007065672327193097,0.010011718546281878,1,Sideways,0,Sideways,0.955161583244843,0.04475531100066841,8.31057559328383e-05
2015-06-01,-0.03123803608046953,0.01211979159948519,0,Bear,1,Bull,0.03639362853767781,0.9627642756298866,0.0008420958308393005
2015-06-02,0.012247351127945526,0.01246000871449729,1,Sideways,0,Sideways,0.9612076546505023,0.03746032015175273,0.001332025197868149
2015-06-03,0.02394815768188879,0.013409856287759403,1,Sideways,1,Bull,0.03175381206296452,0.9647127953416905,0.0035333925966590392
2015-06-04,-0.010785433703806928,0.013644173272681713,0,Bear,0,Sideways,0.935786780931197,0.033381340859714205,0.030831878209574698
2015-06-05,-0.006757331193399387,0.013039549860500658,0,Bear,1,Bull,0.004857833027246599,0.9376550141305526,0.0574871528439014
2015-06-08,-0.05181797835146182,0.017037178344310146,0,Bear,2,Bear,0.001593869895192018,0.004537752200951916,0.9938683779054929
2015-06-09,0.004371892187030288,0.01694914436006406,1,Sideways,2,Bear,0.006969923989179385,0.0046182003207162385,0.9884118756887402
2015-06-10,0.020287716913850926,0.017451881444315528,1,Sideways,2,Bear,0.005972007258573545,0.007918648090628453,0.9861093446517649
2015-06-11,0.013665829925781454,0.017644871794290237,1,Sideways,2,Bear,0.0067211568783812235,0.007899593589277049,0.9853792495307954
2015-06-12,-0.003875423378445673,0.017545794048712773,0,Bear,2,Bear,0.008503355914222962,0.007316432714110824,0.9841802113729268
2015-06-15,-0.019828429533275148,0.01744778258833542,0,Bear,2,Bear,0.004333827696200634,0.009663380164350045,0.9860027921384588
2015-06-16,0.015489076936084596,0.018051809030707952,2,Bull,2,Bear,0.012750503927203338,0.005440113840668911,0.9818093822320806
2015-06-17,0.0065818838488477735,0.0181952787053488,1,Sideways,2,Bear,0.005603498346656677,0.01601951694203702,0.9783769847116848
2015-06-18,0.014992392531845864,0.018523503830106647,2,Bull,2,Bear,0.01944111318789404,0.006486783320684318,0.9740721034930782
2015-06-19,0.006349627970428739,0.01857216785670802,2,Bull,2,Bear,0.006387307424018485,0.024287525567907014,0.9693251670065276
2015-06-22,0.011717005356567875,0.018567210463313846,2,Bull,2,Bear,0.03207163553357686,0.0074743502325560745,0.9604540142352648
2015-06-23,-0.0042968212235917356,0.01843383402071372,0,Bear,2,Bear,0.0075791501041603555,0.04006116913347995,0.9523596807616926
2015-06-24,0.01282480588918957,0.01858759904497487,2,Bull,2,Bear,0.05697700936449144,0.009139475307106149,0.9338835153266161
2015-06-25,-0.010316761602769287,0.0186326758312544,0,Bear,2,Bear,0.010140563510867324,0.07395060508641699,0.9159088314036381
2015-06-26,0.0032249207743890434,0.01857438129663818,2,Bull,2,Bear,0.13502141807647422,0.014451336915344228,0.8505272450065545
2015-06-29,-0.02165687879617659,0.01782555890951129,0,Bear,2,Bear,0.02044300030506081,0.18349995052528306,0.7960570491681582
2015-06-30,0.006015674239541543,0.017669045204863395,1,Sideways,0,Sideways,0.48930018540744524,0.05249578581773486,0.45820402877314026
2015-07-01,-0.0069273343949309675,0.01684262436130247,0,Bear,1,Bull,0.08460923700964201,0.6329782971607056,0.2824124658311211
2015-07-02,0.002424751840181671,0.016698620012878043,1,Sideways,0,Sideways,0.7875905161224099,0.10045979737927749,0.11194968649675349
2015-07-03,-0.008130225270550353,0.016729024751882468,0,Bear,1,Bull,0.10449567735708032,0.8375264138312843,0.05797790881110022
2015-07-06,0.014046948666140488,0.011857259615723346,1,Sideways,0,Sideways,0.8853370169795148,0.10991315837977,0.004749824640367042
2015-07-07,-0.009681718153119283,0.012174379515692604,0,Bear,1,Bull,0.1013199666947669,0.8978574020151047,0.000822631290685518
2015-07-08,-0.01464224327193469,0.011937926445489206,0,Bear,0,Sideways,0.8983045983074254,0.10153162725597377,0.00016377443535582273
2015-07-09,0.02335704469731351,0.012678488939414664,1,Sideways,1,Bull,0.09091533874970603,0.908966774004257,0.00011788724670872705
2015-07-10,0.006125670205821176,0.012678143563487614,1,Sideways,0,Sideways,0.9080666410654223,0.09189793751690309,3.542141938880303e-05
2015-07-13,0.007177806260574179,0.01170050380719976,1,Sideways,1,Bull,0.08594059968719572,0.9140384763891615,2.0923921984618354e-05
2015-07-14,-0.004172349623799652,0.011394371859430217,1,Sideways,0,Sideways,0.9131417569073735,0.08683596099240519,2.2282099224915232e-05
2015-07-15,-0.003778799861658745,0.01139868538471689,1,Sideways,1,Bull,0.08114843979921957,0.9188326202789722,1.893992153062525e-05
2015-07-16,0.0007479826868677609,0.010929030640574374,1,Sideways,0,Sideways,0.9180663129721018,0.08191617977896531,1.75072504244539e-05
2015-07-17,0.0,0.01084266969282355,1,Sideways,1,Bull,0.07612869265455344,0.9238546606504131,1.6646693574383726e-05
2015-07-20,-0.017912894895199996,0.011204842630004338,0,Bear,0,Sideways,0.9231747700786236,0.07676693063116229,5.829929114425099e-05
2015-07-21,0.0032362730299117116,0.011224637665521476,1,Sideways,1,Bull,0.06873019456511902,0.9312403000160185,2.9505419511919943e-05
2015-07-22,-0.004437213213426786,0.010767972990671325,1,Sideways,0,Sideways,0.9312144627821096,0.06868352125301987,0.00010201596545944326
2015-07-23,-0.03617607053199651,0.013140117858548501,0,Bear,1,Bull,0.05962504949369034,0.9392723925139173,0.0011025579915386002
2015-07-24,0.004781919049228778,0.01318383991889354,1,Sideways,0,Sideways,0.9372728583460906,0.06256796518142688,0.000159176472261387
2015-07-27,-0.017430411414609836,0.012899521008568325,0,Bear,1,Bull,0.06061677192665131,0.9393124294880375,7.079858572340609e-05
2015-07-28,0.008649968028752722,0.01300694002974614,1,Sideways,0,Sideways,0.9357072506087627,0.06424350829704883,4.924109536791471e-05
2015-07-29,0.0007148915044939821,0.012986507170468876,1,Sideways,1,Bull,0.06265322326423878,0.9373307935433343,1.5983191831228744e-05
2015-07-30,0.002452252537143659,0.012987030187998367,1,Sideways,0,Sideways,0.9341591274242156,0.06578733899244235,5.353358514027702e-05
2015-07-31,0.020713674164490287,0.013871508370411045,1,Sideways,1,Bull,0.06401402802213997,0.935926429571802,5.9542404932682546e-05
2015-08-03,-0.02208681621139374,0.01418403317278471,0,Bear,0,Sideways,0.9304897051157823,0.06907244819338688,0.0004378466925645953
2015-08-04,0.0009053914961273974,0.014103870444179179,1,Sideways,1,Bull,0.06717594052130045,0.9327291971856235,9.486229260112261e-05
2015-08-05,-0.0012866816657643846,0.013790914633943113,1,Sideways,0,Sideways,0.9299928983089731,0.06994665025036369,6.0451440372810355e-05
2015-08-06,0.008523225239679069,0.012747618221614822,1,Sideways,1,Bull,0.06782607533919432,0.9321553204655955,1.8604194019086987e-05
2015-08-07,-0.004782842964418512,0.012606919368900963,1,Sideways,0,Sideways,0.9291780179934637,0.0707680235360738,5.3958471904995794e-05
2015-08-10,-0.011952217644918767,0.012542939039100112,0,Bear,1,Bull,0.06869483617735896,0.9312447981232045,6.036569979119791e-05
2015-08-11,0.02830321165330831,0.014433380512424664,1,Sideways,0,Sideways,0.9273009354358768,0.07191830772106217,0.0007807568438219477
2015-08-12,-0.019573210136591288,0.014956111068341906,0,Bear,1,Bull,0.06658112756588953,0.9327125121558112,0.0007063602796009033
2015-08-13,-0.014032152609092822,0.01513408388712282,0,Bear,0,Sideways,0.931333240988578,0.06820276301290795,0.00046399599861000066
2015-08-14,0.0028952582859271487,0.015183789771773419,1,Sideways,1,Bull,0.06387941790646093,0.9359346395748815,0.0001859425181009386
2015-08-17,-0.005013319422110229,0.01480522402204965,0,Bear,0,Sideways,0.9349688214307244,0.06487873277624184,0.0001524457920039473
2015-08-18,-0.012588887427401278,0.014889423253716175,0,Bear,1,Bull,0.06025443067629128,0.939587156626019,0.00015841269828166768
2015-08-19,-0.008733400146389436,0.014933503038699992,0,Bear,0,Sideways,0.9384040499778296,0.06140600350516926,0.0001899465162317568
2015-08-20,-0.008238416612916901,0.01291439812769978,0,Bear,1,Bull,0.057061532782692444,0.9427734190697464,0.0001650481470654462
2015-08-21,-0.011907435079640824,0.012965756714481393,0,Bear,0,Sideways,0.9407969472316781,0.05802949723312819,0.0011735555347211317
2015-08-24,-0.0338437786714342,0.014357108482718815,0,Bear,1,Bull,0.050734075763550955,0.9456075164634391,0.003658407771965294
2015-08-25,0.029932149718495782,0.01603778895120352,1,Sideways,0,Sideways,0.9416226673248035,0.05446565785666398,0.003911674819794908
2015-08-26,0.0014436883261758136,0.01604745099788292,1,Sideways,1,Bull,0.0508210637135436,0.9472846178492459,0.0018943184369068335
2015-08-27,0.01613733602208429,0.016572795542513907,1,Sideways,0,Sideways,0.9471666298856399,0.05174149009673171,0.0010918800185043308
2015-08-28,-0.002300361775062255,0.015668031697147262,1,Sideways,1,Bull,0.04630135749338911,0.9531238871541144,0.0005747553531188363
2015-08-31,0.007591551186879592,0.015204613774901034,1,Sideways,0,Sideways,0.9529765410576742,0.046567400361051274,0.00045605858301918487
2015-09-01,-0.022056273745283118,0.015833463084730826,0,Bear,1,Bull,0.040248154953457876,0.9589766190273525,0.0007752260194371556
2015-09-02,0.0011736493509107195,0.01585762061169041,1,Sideways,0,Sideways,0.9585160969550447,0.04110185363250247,0.00038204941409275133
2015-09-03,0.004713614615138674,0.015734943455357395,1,Sideways,1,Bull,0.03751164143097525,0.9622126753606253,0.0002756832095256742
2015-09-04,-0.014344897143939868,0.01593148019939674,0,Bear,0,Sideways,0.9611125500365074,0.03823298186073993,0.0006544681035913528
2015-09-07,-0.014975089458651501,0.016028734609014647,0,Bear,1,Bull,0.033579562107577045,0.9658991713758638,0.0005212665181964342
2015-09-08,0.0025847223397357432,0.014253462688624567,1,Sideways,0,Sideways,0.9657083499454623,0.0341838680104887,0.00010778204280953263
2015-09-09,-0.0006733367308235617,0.013861513715013568,1,Sideways,1,Bull,0.0304864968044026,0.9694708100275047,4.269316666076053e-05
2015-09-10,-0.002179969683202426,0.013667063388018218,1,Sideways,0,Sideways,0.9690357584398109,0.030916136888203608,4.8104673138901145e-05
2015-09-11,-0.006922053995678762,0.013600696111913328,0,Bear,1,Bull,0.027057630129793602,0.9729051594575993,3.7210413390264536e-05
2015-09-14,-0.0007219842806041734,0.013617874472119785,1,Sideways,0,Sideways,0.9725338553697201,0.02739925008815721,6.689454042590269e-05
2015-09-15,0.02594400980011357,0.01496725545977109,1,Sideways,1,Bull,0.02351421568423988,0.9763678210469563,0.00011796326816552995
2015-09-16,0.01325141020277123,0.01524137032409259,1,Sideways,0,Sideways,0.9751671234898376,0.02469249291320699,0.00014038359545574808
2015-09-17,0.011146111888140237,0.0153573228766735,1,Sideways,1,Bull,0.022393586177459672,0.9775367301254749,6.968369841726542e-05
2015-09-18,0.00157778465546772,0.015091519152829191,1,Sideways,0,Sideways,0.9766004917201903,0.023322862982612626,7.664529827744853e-05
2015-09-21,0.010091499149613364,0.01279484950786452,1,Sideways,1,Bull,0.021209362148104795,0.9787708401592435,1.979769212889621e-05
2015-09-22,-0.011494611031206123,0.01150573189613658,0,Bear,0,Sideways,0.9777971600280666,0.022167366311151047,3.5473659274278464e-05
2015-09-23,-0.005126939484046854,0.011585904912159379,1,Sideways,1,Bull,0.01992975103214995,0.9800591293939719,1.1119572893032904e-05
2015-09-24,0.0,0.010999154256563257,1,Sideways,0,Sideways,0.9793735272831474,0.020609079433398812,1.7393283320152327e-05
2015-09-25,0.0,0.0109873520863522,1,Sideways,1,Bull,0.018270362099417337,0.9817217503161997,7.887584749139218e-06
2015-09-28,-0.017511964299854143,0.011494135276599902,0,Bear,0,Sideways,0.9811323052000306,0.018809132899131057,5.856190215018944e-05
2015-09-29,0.012776237233609657,0.010797619651974526,1,Sideways,1,Bull,0.01546110104782217,0.984524522472351,1.4376481011771298e-05
2015-09-30,-0.0007031714785682609,0.010799295952705127,1,Sideways,0,Sideways,0.9842338178650253,0.01575010645768109,1.6075678154822084e-05
2015-10-01,0.004376822495742548,0.01079242934493626,1,Sideways,1,Bull,0.012930177802563394,0.9870622415547243,7.580643768633574e-06
2015-10-02,-0.0018035934454284936,0.010243789450977755,1,Sideways,0,Sideways,0.9868710475874342,0.013107341096632204,2.161131462633518e-05
2015-10-05,0.033126873400278936,0.011824958581760555,1,Sideways,1,Bull,0.010214480300273781,0.9897336024019522,5.191729709653915e-05
2015-10-06,0.004619841573166412,0.011826448649102346,1,Sideways,0,Sideways,0.9884705976720525,0.011502848474653039,2.65538524692832e-05
2015-10-07,0.018462061394585373,0.01223886319247663,1,Sideways,1,Bull,0.010665829109384668,0.9893250212938334,9.14959842944609e-06
2015-10-08,-0.00047281792406933797,0.012196102130201066,1,Sideways,0,Sideways,0.9875690303160201,0.012404388045854423,2.6581639329854345e-05
2015-10-09,0.0070168943973746385,0.01190190607838505,1,Sideways,1,Bull,0.011831704069672813,0.9881631675346697,5.128394240091697e-06
2015-10-12,0.0010749700343529627,0.011861341197663532,1,Sideways,0,Sideways,0.9864206524565161,0.013554747429856103,2.4600112322979783e-05
2015-10-13,-0.01194362124730539,0.011410664519134986,0,Bear,1,Bull,0.012900638994240307,0.9870920790043827,7.282001926236923e-06
2015-10-14,0.012953235826341674,0.011397334512772035,1,Sideways,0,Sideways,0.9852658142602302,0.014705336795756672,2.884894482138085e-05
2015-10-15,-0.00147376068691918,0.011295277733016942,1,Sideways,1,Bull,0.013784466126157923,0.9862097674165475,5.76645723609967e-06
2015-10-16,-0.00988550759423053,0.01164478625258702,0,Bear,0,Sideways,0.9849094738133704,0.015057015016116542,3.351117130337513e-05
2015-10-19,0.01581265118229575,0.011915855546995067,1,Sideways,1,Bull,0.01387327593111363,0.986117048787938,9.675282377630728e-06
2015-10-20,0.009511384091229058,0.011538094774184363,1,Sideways,0,Sideways,0.9846322469527365,0.015342382804188806,2.53702419108833e-05
2015-10-21,-0.009125118946212504,0.01172922340439665,0,Bear,1,Bull,0.014254031804711204,0.9857377032049705,8.264991269584947e-06
2015-10-22,0.006131670171850258,0.011717440678905395,1,Sideways,0,Sideways,0.9844917156491811,0.01548579452758819,2.2489824729711276e-05
2015-10-23,-0.0016349129637047786,0.01174988187691837,1,Sideways,1,Bull,0.014268242130564372,0.9857252361279377,6.521742643315445e-06
2015-10-26,-0.010822794587864577,0.011200710152628524,0,Bear,0,Sideways,0.9846942351316248,0.015275407907435165,3.0356959713807176e-05
2015-10-27,-0.007596001965836626,0.011277074799783442,1,Sideways,1,Bull,0.013751769381241667,0.9862395450765136,8.685540564675381e-06
2015-10-28,-0.0016056495090274383,0.011293965274143817,1,Sideways,0,Sideways,0.9854367932840458,0.014540275341911078,2.2931373606771877e-05
2015-10-29,0.0,0.011304939449446112,1,Sideways,1,Bull,0.012940102196238323,0.9870409196634368,1.897814157243416e-05
2015-10-30,0.011050819168776626,0.01140533085577093,1,Sideways,0,Sideways,0.9855186120782956,0.013587334302926864,0.000894053617753704
2015-11-02,0.052550714112704684,0.014491793574473076,1,Sideways,1,Bull,0.009463756618114529,0.9875794345551691,0.0029568088258751287
2015-11-03,-0.009359764238704521,0.01480579796788986,0,Bear,0,Sideways,0.9788144914148645,0.020166784113793593,0.0010187244698721145
2015-11-04,0.009246282920554207,0.01445596814457126,1,Sideways,1,Bull,0.021466816624318232,0.9783200550541128,0.00021312832051742332
2015-11-05,-0.008742233940961975,0.014679213991899536,0,Bear,0,Sideways,0.9683197941174106,0.03137726161589879,0.0003029442651496879
2015-11-06,-0.012439062777457842,0.015015957001160261,0,Bear,1,Bull,0.032186305921015096,0.9676934424202063,0.0001202516592230782
2015-11-09,0.0014623478257153552,0.015015378318856588,1,Sideways,0,Sideways,0.9570025801500623,0.04279067266448523,0.00020674718366543086
2015-11-10,-0.010733799678799456,0.014959835622391959,0,Bear,1,Bull,0.04368506440277823,0.9562400986812749,7.483691651577254e-05
2015-11-11,0.006678057349379671,0.01477752540757389,1,Sideways,0,Sideways,0.9443863009310731,0.05545236737460931,0.00016133169257460603
2015-11-12,0.005192266565199931,0.014783254029736142,1,Sideways,1,Bull,0.05632721565751632,0.9436335379825411,3.9246360260625256e-05
2015-11-13,-0.003226407518820142,0.01458017658106309,1,Sideways,0,Sideways,0.9320967083878929,0.06771992053281334,0.00018337108058881068
2015-11-16,-0.01021829764092409,0.014454620132869751,0,Bear,1,Bull,0.06849612492420808,0.9314308411195301,7.30339548288267e-05
2015-11-17,0.0013131341777260954,0.014310579969390985,1,Sideways,0,Sideways,0.9186828353077795,0.0809134588855897,0.00040370580725892634
2015-11-18,-0.007901383772887067,0.014270242593288103,0,Bear,1,Bull,0.08166234751808249,0.9179213901252139,0.0004162623567730987
2015-11-19,-0.0009071400181426882,0.014209860712442507,1,Sideways,0,Sideways,0.8977599712464481,0.09467641470369699,0.007563614050476658
2015-11-20,0.002985353208080172,0.014217463732534035,1,Sideways,1,Bull,0.09210874422535577,0.8969179329450517,0.010973322830450523
2015-11-23,-0.011680256686663372,0.014254162627836848,0,Bear,0,Sideways,0.5995674523247595,0.10464390635887966,0.2957886413160531
2015-11-24,-0.044905937338983,0.017430052098352862,0,Bear,1,Bull,0.009678448958123347,0.5975854356208317,0.39273611542286113
2015-11-25,0.007754137947639952,0.017554031990380647,1,Sideways,0,Sideways,0.5922934965094135,0.028612661167585093,0.3790938423216157
2015-11-26,-0.024223612087521596,0.018294630875406018,0,Bear,1,Bull,0.04014632445513944,0.5964161127061001,0.36343756283962364
2015-11-27,0.008507887459653038,0.018205541300448283,2,Bull,0,Sideways,0.6354936703605317,0.15128399975186496,0.21322232988821826
2015-11-30,-0.005376691556739711,0.01280448400410685,1,Sideways,1,Bull,0.3047357433500282,0.670260832317116,0.025003424332855097
2015-12-01,0.020428432498216825,0.013988638810608488,1,Sideways,0,Sideways,0.6577920740536548,0.33433323599481396,0.007874689951224928
2015-12-02,-0.005098477153364644,0.013645939082143524,1,Sideways,1,Bull,0.3375958640250235,0.6599275078656054,0.002476628110504839
2015-12-03,-0.01241001557367861,0.013729540769402887,0,Bear,0,Sideways,0.6471336429914014,0.34999163739396666,0.0028747196137097982
2015-12-04,-0.01586348099547185,0.013851421394131631,0,Bear,1,Bull,0.3476474038769349,0.6484502039485015,0.0039023921735792206
2015-12-07,-0.004810541435772007,0.013770288868262915,1,Sideways,0,Sideways,0.6235806022215298,0.3609809475317739,0.015438450247785208
2015-12-08,-0.010992657097053523,0.013775859859446852,0,Bear,1,Bull,0.3390705184987481,0.62388739680751,0.03704208469540504
2015-12-09,0.020081335182185887,0.014682248578832071,1,Sideways,2,Bear,0.26616824267460243,0.3526928530358401,0.38113890429014474
2015-12-10,-0.030348454745238753,0.015563180444287788,0,Bear,2,Bear,0.00963050820559144,0.2651323671517937,0.7252371246415991
2015-12-11,-0.029081973488182308,0.016344765562896844,0,Bear,2,Bear,0.026336752369813518,0.010211097860480932,0.9634521497696269
2015-12-14,-0.013921084068593416,0.016396427322082307,0,Bear,2,Bear,0.0007343230824984299,0.026652597918779816,0.9726130789989533
2015-12-15,0.040271070681990845,0.01954975432817434,2,Bull,2,Bear,0.0001869193467791024,0.0007470685907408029,0.9990660120613162
2015-12-16,0.009311193617882943,0.019832660979318694,2,Bull,2,Bear,0.0002843561281397595,0.0003258044704976424,0.9993898394015192
2015-12-17,0.01201159333944965,0.020180782172388834,2,Bull,2,Bear,0.0003357377401080658,0.00047640818684016335,0.9991878540722072
2015-12-18,-0.017124072899118846,0.020295756846878905,0,Bear,2,Bear,0.0009983499134757644,0.0008404420543608276,0.9981612080336179
2015-12-21,0.011904999698095178,0.020593048282519746,2,Bull,2,Bear,0.01068184051183907,0.008586930172129074,0.9807312293172417
2015-12-22,-0.003088158968856179,0.01822917033774311,0,Bear,2,Bear,0.06337607019760004,0.0406909298772111,0.8959329999259449
2015-12-23,0.01281461093658853,0.01840744448612411,2,Bull,2,Bear,0.09915206985459085,0.10531437643050479,0.7955335537159796
2015-12-24,7.434942402817672e-05,0.017638878958126842,1,Sideways,0,Sideways,0.1824065258268376,0.14899610264113575,0.668597371532526
2015-12-25,0.0018766862431668506,0.017519886116965238,1,Sideways,1,Bull,0.20924713072067494,0.22127657589213537,0.5694762933865529
2015-12-28,0.0007234647507253676,0.01749215507287565,1,Sideways,0,Sideways,0.2610443181243498,0.23813424917317394,0.5008214327032614
2015-12-29,-0.0044628591410894106,0.01678375267420319,0,Bear,1,Bull,0.26555688873887584,0.28183452950354754,0.4526085817572483
2015-12-30,-0.00967832400745959,0.016860660178036644,0,Bear,0,Sideways,0.29402161725437753,0.27962393623242143,0.4263544465137813
2015-12-31,-0.020337676241751163,0.017204596528649994,0,Bear,1,Bull,0.2885346488985205,0.3063968636118854,0.405068487489569
2016-01-04,-0.01699357841055615,0.017252474579930323,0,Bear,0,Sideways,0.33771927607329477,0.32698101267205826,0.3352997112540735
2016-01-05,0.00240352988270743,0.017278965782481188,1,Sideways,1,Bull,0.42077877738839836,0.39552468266856045,0.18369653994272414
2016-01-06,0.007186065419402207,0.017271767906908465,1,Sideways,0,Sideways,0.4460464208906297,0.4612662600605342,0.09268731904944363
2016-01-07,0.004176776609995468,0.016587171887106043,1,Sideways,1,Bull,0.4918616531481315,0.47094051857416036,0.037197828278341255
2016-01-08,-0.012422940441974673,0.015424822900806679,0,Bear,0,Sideways,0.48031225430762603,0.505728515223031,0.013959230470137692
2016-01-11,0.006152589709326528,0.014023318886768088,1,Sideways,1,Bull,0.5072289564255004,0.4907095106119778,0.002061532963755854
2016-01-12,0.009684321435453556,0.013732148609929279,1,Sideways,0,Sideways,0.4876157618038915,0.5120813775426336,0.0003028606520794385
2016-01-13,0.010652455824544625,0.010595069701046374,1,Sideways,1,Bull,0.5061695237720653,0.4937869565210593,4.351970761944343e-05
2016-01-14,-0.007865775533800983,0.010517231133566405,1,Sideways,0,Sideways,0.48934820960887176,0.5106267587378993,2.5031654848436695e-05
2016-01-15,-0.012288038300590711,0.010384470194056049,0,Bear,1,Bull,0.5053194924699309,0.494648915987902,3.15915408823206e-05
2016-01-18,-0.0003138930155713687,0.009741899377899637,1,Sideways,0,Sideways,0.48972630496512254,0.5102568567311083,1.6838304170876827e-05
2016-01-19,0.0004714895984478165,0.009269373876795753,1,Sideways,1,Bull,0.505730081319706,0.49425320061387057,1.6718067061103817e-05
2016-01-20,-0.02088825592106161,0.010228562830484662,0,Bear,0,Sideways,0.4892574540441785,0.5106755225795143,6.702337741743862e-05
2016-01-21,-0.014997566198337151,0.009930035031138065,0,Bear,1,Bull,0.5033874159449877,0.4965592644896917,5.3319566657392886e-05
2016-01-22,0.024149030397133023,0.011726497383726067,1,Sideways,0,Sideways,0.49278240231476533,0.5071441185466132,7.347913872728857e-05
2016-01-25,0.004192282748942058,0.011784711867048034,1,Sideways,1,Bull,0.4947552806928552,0.5051931980423957,5.152126629188544e-05
2016-01-26,0.017842648068747986,0.012624684889219402,1,Sideways,0,Sideways,0.5043205508695893,0.4956377638764295,4.1685253423737614e-05
2016-01-27,0.0033920842334333704,0.012655270189437903,1,Sideways,1,Bull,0.4779405267747942,0.5219843053426841,7.516788402684375e-05
2016-01-28,0.005184130285250737,0.012571889461940813,1,Sideways,0,Sideways,0.5224866817430975,0.47748997689109784,2.3341364394641735e-05
2016-01-29,0.014443525511788815,0.01208400898858137,1,Sideways,1,Bull,0.45941500589826184,0.5405061177343952,7.887636849154812e-05
2016-02-01,-0.0004546231437776765,0.011314245189436556,1,Sideways,0,Sideways,0.5402207205246548,0.4597599728151104,1.930665941805151e-05
2016-02-02,-0.012901467622424721,0.011795361697775375,0,Bear,1,Bull,0.44581546590638793,0.5541001350148375,8.43990795165234e-05
2016-02-03,0.010443657863418547,0.011903356112755241,1,Sideways,0,Sideways,0.5532590618366984,0.4467132494759037,2.768868646221442e-05
2016-02-04,0.016755856597749565,0.01237881749617318,1,Sideways,1,Bull,0.43286649389009646,0.5670390852557856,9.442085574481838e-05
2016-02-05,-0.004060284337187142,0.011999224958854644,1,Sideways,0,Sideways,0.5654001418641929,0.43449976573786153,0.00010009239682637772
2016-02-08,-0.030073017288822935,0.013985371597947455,0,Bear,1,Bull,0.42354305553827837,0.5752331734608395,0.0012237710021225144
2016-02-09,-0.008227599604261084,0.013951104247949448,0,Bear,0,Sideways,0.569099049937702,0.4305813091731533,0.0003196408899557416
2016-02-10,0.002782732886023317,0.013737443160091798,1,Sideways,1,Bull,0.4272566690077941,0.5726616517175561,8.167927403147487e-05
2016-02-11,-0.009435066685829016,0.013785401312798847,0,Bear,0,Sideways,0.566399911708959,0.43350234594304315,9.774234961209225e-05
2016-02-12,-6.057125926578566e-05,0.01351283529301491,1,Sideways,1,Bull,0.42964943505306835,0.5703023421021846,4.82228456531842e-05
2016-02-15,0.0009961203902744307,0.013514856252272073,1,Sideways,0,Sideways,0.5646750194723248,0.4352700116557532,5.496887155628271e-05
2016-02-16,-0.0008298163357501722,0.013515486593791813,1,Sideways,1,Bull,0.43134824919422377,0.5685951598844947,5.659092177652774e-05
2016-02-17,0.02582196050715048,0.013765360621575063,1,Sideways,0,Sideways,0.5628871284255995,0.4369304240528908,0.00018244752308852965
2016-02-18,0.008771207038057192,0.01321303843169206,1,Sideways,1,Bull,0.42754045030722837,0.5723805508593064,7.899883334575168e-05
2016-02-19,-0.005886867959801275,0.012417983994519773,1,Sideways,0,Sideways,0.5702708843256921,0.42968375891976174,4.535675286935378e-05
2016-02-22,0.02540208250223732,0.013481064011937988,1,Sideways,1,Bull,0.42078697291523537,0.5790394700651149,0.00017355701802366675
2016-02-23,0.008057470320607885,0.013085624225957741,1,Sideways,0,Sideways,0.573239037541222,0.4266729595870623,8.800287284742093e-05
2016-02-24,-0.019157141602290324,0.013948258256714056,0,Bear,1,Bull,0.4224068073692631,0.5773922038213989,0.0002009888076983422
2016-02-25,0.015203685709013193,0.014268395938434014,1,Sideways,0,Sideways,0.5692811985219359,0.4305750714859681,0.000143729993459325
2016-02-26,-0.0036355226112168198,0.014000708255770863,1,Sideways,1,Bull,0.4270595328562835,0.572869149472017,7.131767234372626e-05
2016-02-29,0.011747236545965666,0.014199544428852373,1,Sideways,0,Sideways,0.566732367906128,0.433184474547291,8.315754543102328e-05
2016-03-01,0.0018581326091914828,0.013784463250103381,1,Sideways,1,Bull,0.4288314793224019,0.5711157340982848,5.2786578381618714e-05
2016-03-02,0.010902015188061059,0.013799047210175799,1,Sideways,0,Sideways,0.5660204438297257,0.4339181455562378,6.141061456638949e-05
2016-03-03,0.0005247064082952112,0.013377871511403811,1,Sideways,1,Bull,0.42873485110900256,0.5712193244505137,4.582443890724042e-05
2016-03-04,0.004711116425305085,0.013328469390853958,1,Sideways,0,Sideways,0.5669775184695166,0.43298220420692957,4.027732216736828e-05
2016-03-07,0.003785999670719356,0.010988722373271462,1,Sideways,1,Bull,0.42760128731376285,0.5723772048765733,2.150780927463335e-05
2016-03-08,0.0025649055046775273,0.010633131776383706,1,Sideways,0,Sideways,0.5681937353295108,0.4317873517487796,1.891292135059876e-05
2016-03-09,0.013493391467564167,0.010825641295805006,1,Sideways,1,Bull,0.4264454550487646,0.5735293487537287,2.5196196381209882e-05
2016-03-10,0.003631966047811245,0.010306890246259866,1,Sideways,0,Sideways,0.5680387418491093,0.43194140895259214,1.9849198246757385e-05
2016-03-11,0.004488519638120027,0.010230065434923148,1,Sideways,1,Bull,0.42783559789028325,0.5721488853254043,1.5516783561067323e-05
2016-03-14,0.009162938551537946,0.010198622339127186,1,Sideways,0,Sideways,0.5666023094623491,0.43337519905792143,2.2491480176984412e-05
2016-03-15,-0.01357051818577378,0.01101495616845019,0,Bear,1,Bull,0.4287527303509749,0.5712117168067982,3.555284146141949e-05
2016-03-16,0.004269014154289204,0.0099100895477576,1,Sideways,0,Sideways,0.565424747810525,0.43455244520976627,2.280697934996904e-05
2016-03-17,0.024983478170746778,0.010906623983236571,1,Sideways,1,Bull,0.43059772811763436,0.5693397741408173,6.249774078818831e-05
2016-03-18,0.01906459790859988,0.01100709224773198,1,Sideways,0,Sideways,0.5568025645341179,0.44312653763163956,7.089783365602404e-05
2016-03-21,0.005522212406937282,0.01005479389132092,1,Sideways,1,Bull,0.4406696412259305,0.5593118378742169,1.8520899642253366e-05
2016-03-22,-0.019817941407397958,0.011493286526781221,0,Bear,0,Sideways,0.5509914107867864,0.4488932588458553,0.00011533036630193759
2016-03-23,-0.01705137230232914,0.011277734682169034,0,Bear,1,Bull,0.4448048617231879,0.5551305558069025,6.458246997782606e-05
2016-03-24,0.012052666981344773,0.011135444717466927,1,Sideways,0,Sideways,0.5478350750643929,0.4521290515628032,3.587337265964629e-05
2016-03-25,-2.3331649229496448e-05,0.011035044970133545,1,Sideways,1,Bull,0.4484366495791044,0.5515445655262868,1.8784893563165225e-05
2016-03-28,-0.00014630409985938084,0.010921988151959777,1,Sideways,0,Sideways,0.5456676786530319,0.4543093207255755,2.3000621217810872e-05
2016-03-29,0.004770769781145316,0.010918076087887103,1,Sideways,1,Bull,0.45059765643718597,0.5493844360658914,1.790749614461106e-05
2016-03-30,0.014384555580721119,0.011066318849126136,1,Sideways,0,Sideways,0.5432420762799929,0.4567252985539426,3.262516454573606e-05
2016-03-31,0.004214605490849085,0.011038861327023305,1,Sideways,1,Bull,0.45172527274364754,0.5482526205237425,2.210673320180072e-05
2016-04-01,-0.01097178120386855,0.01153346176273366,0,Bear,0,Sideways,0.5436184566262895,0.45634131911729203,4.022425756521418e-05
2016-04-04,0.018209995963637343,0.012010482412796775,1,Sideways,1,Bull,0.45084099638672054,0.5491059677370794,5.3035875865177636e-05
2016-04-05,-0.0108945734870834,0.012461477104275842,0,Bear,0,Sideways,0.5425205514918644,0.4574024144644289,7.703404452014164e-05
2016-04-06,-0.017666361453548596,0.013052341439322455,0,Bear,1,Bull,0.4535558942658405,0.5463319787226164,0.00011212701007637296
2016-04-07,-0.0042612644005572044,0.013111027325553104,1,Sideways,0,Sideways,0.5381449623213664,0.4617784752247478,7.656245401997411e-05
2016-04-08,0.01634336550528753,0.013522569038903708,1,Sideways,1,Bull,0.4593871357209927,0.5405493447158903,6.351956384258432e-05
2016-04-11,0.017844256952806198,0.01390104014087163,1,Sideways,0,Sideways,0.5292773191178829,0.4705857288457452,0.00013695203708120394
2016-04-12,-0.0031924888830148312,0.01346172895194865,1,Sideways,1,Bull,0.46798917555176966,0.5319469837642725,6.384068494868705e-05
2016-04-13,0.023338840305851326,0.014219207961287771,1,Sideways,0,Sideways,0.5241658720667419,0.47565436447694326,0.0001797634570350549
2016-04-14,0.0010297767677056775,0.013324814975290327,1,Sideways,1,Bull,0.46970946012444065,0.530227613365843,6.292650874132767e-05
2016-04-15,-0.0024707945131192304,0.012786753308363675,1,Sideways,0,Sideways,0.5265802574439231,0.4733823437844372,3.739877069706794e-05
2016-04-18,0.00896254808127823,0.012865747745260456,1,Sideways,1,Bull,0.46736503994835815,0.5325943353107103,4.062474160690453e-05
2016-04-19,-0.0010742009436291678,0.011856381368760788,1,Sideways,0,Sideways,0.5284200644612583,0.471553071610101,2.6863927411967995e-05
2016-04-20,-0.008158278799639571,0.011227943326328534,0,Bear,1,Bull,0.46622329563508585,0.5337470569111767,2.9647453812277093e-05
2016-04-21,0.0014087059401208166,0.011032544811645197,1,Sideways,0,Sideways,0.529295163353382,0.47068404364656125,2.07929984706124e-05
2016-04-22,0.0018413199809129077,0.01101723378130569,1,Sideways,1,Bull,0.46562937970947305,0.5343497028067873,2.0917482192366405e-05
2016-04-25,-0.008415927087217116,0.011280746134180892,0,Bear,0,Sideways,0.5298775194675864,0.47009335923293205,2.9121300843514046e-05
2016-04-26,0.007573236992869376,0.011330840993430168,1,Sideways,1,Bull,0.46474071318898585,0.535234957054145,2.43297561133422e-05
2016-04-27,-0.004466748842160126,0.011062528312924853,1,Sideways,0,Sideways,0.5306211527186853,0.4693551893842507,2.3657896418736868e-05
2016-04-28,0.0012127646558414736,0.01104353135489584,1,Sideways,1,Bull,0.4644489665904376,0.5355296889035726,2.1344504707675407e-05
2016-04-29,-0.001756392403940955,0.010690757360158754,1,Sideways,0,Sideways,0.5309365250836435,0.46902779600856165,3.567890610618932e-05
2016-05-02,-0.017710590316146274,0.010800309496050426,0,Bear,1,Bull,0.4639121765846974,0.5358074308830277,0.0002803925311217994
2016-05-03,-0.03347920466482402,0.012961057057550084,0,Bear,0,Sideways,0.5277185678187758,0.4703820514039424,0.0018993807755208721
2016-05-04,-0.021031358193840013,0.013206199224498718,0,Bear,1,Bull,0.4578096234198939,0.5411881770726141,0.0010021995088104901
2016-05-05,-0.008651277925204452,0.013293797210966633,0,Bear,0,Sideways,0.5393525893061663,0.46046577190416943,0.00018163878930337588
2016-05-06,-0.004210903953405452,0.01261549403698022,1,Sideways,1,Bull,0.4519088767055061,0.5480247082805412,6.641501469753676e-05
2016-05-09,0.008816557658817307,0.011992747551905015,1,Sideways,0,Sideways,0.5458819333508536,0.4540918983713122,2.6168277941606824e-05
2016-05-10,-0.0032900873781312122,0.011992840552065629,1,Sideways,1,Bull,0.44458138449451706,0.5553777024732174,4.0913030994951464e-05
2016-05-11,0.0028562097193402147,0.010390355689016612,1,Sideways,0,Sideways,0.5536529124210402,0.44633216754707883,1.4920032487970189e-05
2016-05-12,-0.009198448324065855,0.010378842128873822,0,Bear,1,Bull,0.4366920799298032,0.563272889708666,3.5030362721340676e-05
2016-05-13,-0.006351890775779618,0.010373963420580161,1,Sideways,0,Sideways,0.5613782838404902,0.43860380451397357,1.791164639747491e-05
2016-05-16,-0.010447813390899797,0.009921045138865646,0,Bear,1,Bull,0.4293358827294522,0.5706310195218224,3.3097747294753264e-05
2016-05-17,0.0035974032601132477,0.010089905610630228,1,Sideways,0,Sideways,0.5685193814162443,0.4314663960200233,1.4222561945533304e-05
2016-05-18,-0.00043094249923035293,0.010130347692250444,1,Sideways,1,Bull,0.4227127801671272,0.5772642943440806,2.2925488339490453e-05
2016-05-19,0.0,0.010087468503026284,1,Sideways,0,Sideways,0.5752807910068051,0.42470499385716215,1.4215134287840625e-05
2016-05-20,-0.011539050817715469,0.010041086848992905,0,Bear,1,Bull,0.4159049495016977,0.5840586097706216,3.644072781477281e-05
2016-05-23,0.005331562773690959,0.010322522449774371,1,Sideways,0,Sideways,0.5816455108353253,0.4183188584275169,3.56307373428549e-05
2016-05-24,0.03417355065749731,0.013326048343671869,1,Sideways,1,Bull,0.4095696401332553,0.5899366952204963,0.000493664644855315
2016-05-25,-0.010446556913840116,0.013407945704329384,0,Bear,0,Sideways,0.5785307010537428,0.42125777479701393,0.00021152414823202227
2016-05-26,-0.007322355991441128,0.013364776751944809,0,Bear,1,Bull,0.4199723405333929,0.5799664496749692,6.120979330592406e-05
2016-05-27,-8.588366632484251e-05,0.013388384117599388,1,Sideways,0,Sideways,0.5691202682104604,0.4308046998095932,7.503197816857135e-05
2016-05-30,0.0064676803969350456,0.013220536074261805,1,Sideways,1,Bull,0.4296098748305419,0.5703600919658015,3.0033205101592636e-05
2016-05-31,-0.009361840942033642,0.011276248734418808,0,Bear,0,Sideways,0.5589081988850008,0.44103766876637446,5.413234912350339e-05
2016-06-01,-0.009926536967765506,0.010542253962949949,0,Bear,1,Bull,0.4397611842817901,0.560218195818505,2.0619901346962966e-05
2016-06-02,-0.009951317278937373,0.010592549653550032,0,Bear,0,Sideways,0.5487263266320916,0.45122001052786476,5.3662840602592534e-05
2016-06-03,0.024188465386517793,0.012025877150460053,1,Sideways,1,Bull,0.4498820996508076,0.550054550285549,6.335006312689393e-05
2016-06-06,0.005784379654344165,0.011925634858330567,1,Sideways,0,Sideways,0.5287412890147152,0.4711837845678338,7.492641862179059e-05
2016-06-07,-0.005552807604391551,0.011966181439253171,1,Sideways,1,Bull,0.47227581223168136,0.5277029999786998,2.1187788991597607e-05
2016-06-08,0.00860060025365097,0.012116718894184284,1,Sideways,0,Sideways,0.5069632459578469,0.492954986072224,8.176796886612218e-05
2016-06-09,-0.014322086530731455,0.012370198321456891,0,Bear,1,Bull,0.49372764205126585,0.5062236441031199,4.8713844416094115e-05
2016-06-10,-0.010665113813863595,0.012516528403440991,0,Bear,0,Sideways,0.48335601190901895,0.5165026838283449,0.00014130426113369388
2016-06-13,-0.004603045852266237,0.012341393081381847,1,Sideways,1,Bull,0.5176927066952304,0.48227695628342837,3.0337021638078263e-05
2016-06-14,-0.010173837274715877,0.012495519711302312,0,Bear,0,Sideways,0.46135980449096253,0.5385136506171263,0.00012654489299967795
2016-06-15,0.006288409609834931,0.012601276189724259,1,Sideways,1,Bull,0.5393883042744015,0.4605714110322681,4.028469493277096e-05
2016-06-16,-0.020751070909371207,0.013374978620705111,0,Bear,0,Sideways,0.4401485779404552,0.5594281315756371,0.00042329048460883916
2016-06-17,0.010110520507366027,0.0134122274030216,1,Sideways,1,Bull,0.5590752278068513,0.4408117651048366,0.00011300708795326475
2016-06-20,0.027364352396299023,0.014762857286118812,1,Sideways,0,Sideways,0.4258648859326831,0.5737074983013849,0.0004276157655271771
2016-06-21,0.00010706976975574546,0.012457271740029058,1,Sideways,1,Bull,0.5704450387147081,0.42948896901559075,6.599226997834998e-05
2016-06-22,-0.003409655446718475,0.012280864956230285,1,Sideways,0,Sideways,0.4233722708607191,0.5765623133266308,6.541581330193343e-05
2016-06-23,0.009305873443305876,0.012382829108049434,1,Sideways,1,Bull,0.5728069038717214,0.4268964621037248,0.00029663402579608016
2016-06-24,-0.03422312822952549,0.014553535148761865,0,Bear,0,Sideways,0.41707942752825256,0.5797107167803498,0.0032098556908634022
2016-06-27,-0.002721002950201697,0.014425393812176687,1,Sideways,1,Bull,0.567737322635466,0.43118390407031515,0.001078773293631664
2016-06-28,0.02325167989496041,0.015384157885012796,1,Sideways,0,Sideways,0.4308901662067529,0.5684958569221279,0.0006139768703174774
2016-06-29,-0.0028287285377338873,0.015238006276412084,1,Sideways,1,Bull,0.5453666463225831,0.45415905751336355,0.0004742961643355561
2016-06-30,0.0013704334124240256,0.015066407000098158,1,Sideways,0,Sideways,0.45597107977773577,0.5439039761174916,0.000124944104578911
2016-07-01,0.014665960084065439,0.014409776777129995,1,Sideways,1,Bull,0.5208953513450452,0.4788648166711185,0.0002398319855768866
2016-07-04,0.005572544468451138,0.014405285511890333,1,Sideways,0,Sideways,0.479587392289308,0.5203456851397674,6.692256951982629e-05
2016-07-05,0.0,0.014348681168297434,1,Sideways,1,Bull,0.5016389477582799,0.4982011818684047,0.00015987037390601436
2016-07-06,0.0,0.014210203738520675,1,Sideways,0,Sideways,0.49900597100115646,0.5009409062277667,5.312277162385701e-05
2016-07-07,0.0,0.013821031130535061,1,Sideways,1,Bull,0.4822422774387766,0.5176139601746556,0.0001437623855165198
2016-07-08,-0.004708265512483501,0.013632172967632604,1,Sideways,0,Sideways,0.518366203781483,0.4815374105095129,9.638571038436818e-05
2016-07-11,0.015459289325640078,0.013953373572983098,1,Sideways,1,Bull,0.46172739659221745,0.5373248102581828,0.0009477931500231991
2016-07-12,0.02377768071114577,0.014483614211115487,1,Sideways,0,Sideways,0.5358801692968836,0.461957370271819,0.002162460430553713
2016-07-13,0.0022170849733869277,0.014469953292843682,1,Sideways,1,Bull,0.42529796881571685,0.5628899140692296,0.01181211711513036
2016-07-14,0.015473337562727757,0.01354825910469046,1,Sideways,0,Sideways,0.552477505731641,0.4230267203211895,0.02449577394878837
2016-07-15,0.0028486283280442816,0.013502427635040627,1,Sideways,1,Bull,0.008776743570516688,0.5868678473549855,0.40435540907302747
2016-07-18,-0.07348021358015944,0.021212184128363294,0,Bear,2,Bear,2.7613308903721417e-11,8.594979657949415e-07,0.9999991404733065
2016-07-19,-0.01018447898670403,0.021324633441377604,0,Bear,2,Bear,7.207512927306615e-07,1.5337449738111023e-05,0.9999839417994415
2016-07-20,-0.016878816850091412,0.021619355908194256,0,Bear,2,Bear,2.3160319921978895e-08,7.461115420938031e-06,0.9999925157233469
2016-07-21,-0.04516602599272044,0.023526284801926933,0,Bear,2,Bear,1.2748511582585616e-10,1.5583840796922846e-08,0.9999999842875696
2016-07-22,0.0020008846879878343,0.022470235906922285,2,Bull,2,Bear,1.8230612360444018e-07,1.1793468842816342e-05,0.999988024223827
2016-07-25,0.03338754962781111,0.023856561813204603,2,Bull,2,Bear,2.015956949184377e-08,1.5883798209656412e-06,0.9999983914616882
2016-07-26,-0.006554767910475483,0.02320624912697515,2,Bull,2,Bear,1.4731153343051624e-07,4.367057925512713e-06,0.9999954856313741
2016-07-27,0.01863804177533475,0.023665176248572294,2,Bull,2,Bear,1.2373982851863534e-07,4.432035943054728e-06,0.9999954442240871
2016-07-28,0.0022405159617499876,0.02367071334963539,2,Bull,2,Bear,2.064557930834625e-07,4.534826707274357e-06,0.9999952587171341
2016-07-29,0.002142669944702068,0.023397590682010933,2,Bull,2,Bear,2.052247121059257e-07,5.74391233016799e-06,0.9999940508636948
2016-08-01,0.017174049303441605,0.023727838802985048,2,Bull,2,Bear,5.901530049215316e-08,4.454108537239166e-06,0.9999954868755573
2016-08-02,-0.011904483719426994,0.02384831261907243,2,Bull,2,Bear,1.5153260482637286e-08,1.7132239942817396e-06,0.9999982716232283
2016-08-03,-0.016650237304077678,0.024076260451421083,0,Bear,2,Bear,1.0426585233761502e-08,8.745765032808075e-07,0.9999991149965631
2016-08-04,0.020885098715222126,0.024637170729447367,2,Bull,2,Bear,2.1515576297529176e-08,1.749363794901725e-06,0.9999982291207962
2016-08-05,-0.0007871701464702108,0.024625594840960757,2,Bull,2,Bear,2.439144681553836e-08,1.722841353752806e-06,0.9999982527676169
2016-08-08,0.022275319949952726,0.02491474117230493,2,Bull,2,Bear,2.1789724907120555e-08,1.3040692741284882e-06,0.9999986741395027
2016-08-09,0.009543074820542893,0.02436920473855095,2,Bull,2,Bear,4.151051425976303e-08,2.7475993400723945e-06,0.9999972108892294
2016-08-10,-0.007275114987088491,0.024382582241034192,2,Bull,2,Bear,1.236496964825843e-07,1.5281349977892888e-06,0.9999983482171046
2016-08-11,0.013732346636161557,0.02431951576452725,2,Bull,2,Bear,5.1931149813232366e-06,1.178085533764032e-05,0.9999830260297995
2016-08-12,-0.010237730139044629,0.024352536591392575,2,Bull,2,Bear,0.001190081194977647,0.00028656539260048214,0.9985233534132602
2016-08-15,0.0031142292483189657,0.01780337975169509,1,Sideways,2,Bear,0.08322513812303008,0.15537450227890032,0.7614003595972143
2016-08-16,-0.009802978620558693,0.01779099424505376,0,Bear,0,Sideways,0.3582316547645577,0.1243428374237218,0.517425507812797
2016-08-17,0.005655361035345823,0.017306492974698804,1,Sideways,1,Bull,0.20716652374228708,0.55099625363209,0.2418372226242814
2016-08-18,-0.002266292402680734,0.01334163569537648,1,Sideways,0,Sideways,0.7356357952065629,0.2408205207695434,0.02354368402559329
2016-08-19,0.00223809695983575,0.013339621780983751,1,Sideways,1,Bull,0.2384406948817081,0.7583180240090036,0.003241281108847028
2016-08-22,-0.0024638031587306867,0.011504553330914892,1,Sideways,0,Sideways,0.7597223768149204,0.24007024142797465,0.0002073817563593092
2016-08-23,-0.007981389485284658,0.01156779968990047,0,Bear,1,Bull,0.23113732528802802,0.7688001131940514,6.256151825837042e-05
2016-08-24,-0.015866067254320257,0.011593656579558643,0,Bear,0,Sideways,0.767524477850142,0.23241969599261317,5.5826156464951974e-05
2016-08-25,0.008810604359902713,0.011732207283258776,1,Sideways,1,Bull,0.22146647003949085,0.778493800584058,3.9729375026399026e-05
2016-08-26,0.004285706965587752,0.011752799656265512,1,Sideways,0,Sideways,0.7777415450346674,0.22223571410176207,2.274086504240569e-05
2016-08-29,-0.013063515326663359,0.011522060117727053,0,Bear,1,Bull,0.21198423611135192,0.7879613512511567,5.441263846549813e-05
2016-08-30,0.0,0.011198763020494645,1,Sideways,0,Sideways,0.7869261367415123,0.21305407845183413,1.9784807677933712e-05
2016-08-31,-0.0019883058375726108,0.010494935506833624,1,Sideways,1,Bull,0.20424286667533892,0.795734604680634,2.2528642302523463e-05
2016-09-01,-0.0015123350145794308,0.009391685070502346,1,Sideways,0,Sideways,0.7947727128067413,0.20521391445153458,1.3372739971773482e-05
2016-09-02,0.013507069114335924,0.009874496161346866,1,Sideways,1,Bull,0.19634717015869824,0.8036286897783257,2.414006371007688e-05
2016-09-05,0.011731742581607814,0.008884580093857081,1,Sideways,0,Sideways,0.8019521497349735,0.19803074494857847,1.710531515137242e-05
2016-09-06,0.002608692907066433,0.0086243891000529,1,Sideways,1,Bull,0.1895192875874685,0.8104650463568196,1.5666054744346828e-05
2016-09-07,-0.004518118659749201,0.008529192002512925,1,Sideways,0,Sideways,0.8094597087484011,0.19052787165626747,1.2419594992554311e-05
2016-09-08,0.00257635077979205,0.007912520464054594,1,Sideways,1,Bull,0.18207193327006382,0.8179135162720206,1.4550457876306538e-05
2016-09-09,-0.010200422281911734,0.007910172180401045,1,Sideways,0,Sideways,0.816950220077444,0.1830346767904651,1.5103132541688466e-05
2016-09-12,0.0,0.007860456686474759,1,Sideways,1,Bull,0.17408196117054234,0.8259028870597158,1.515176827522147e-05
2016-09-13,0.0,0.007577444177113855,1,Sideways,0,Sideways,0.8252290626582204,0.17476052781358556,1.0409527301513778e-05
2016-09-14,0.0,0.007443034220683675,1,Sideways,1,Bull,0.16572150031703403,0.8342638590559304,1.4640626016525172e-05
2016-09-15,0.0,0.007435262522514558,1,Sideways,0,Sideways,0.8336862367058403,0.1663030546459124,1.070864870209453e-05
2016-09-16,-0.013499529035049435,0.007935919135006663,0,Bear,1,Bull,0.15715627846378302,0.8428174844700934,2.6237065463629258e-05
2016-09-19,0.021478934126718415,0.009429034285894046,1,Sideways,0,Sideways,0.841945165152627,0.15801430363759322,4.053120918864735e-05
2016-09-20,-0.00461074095452927,0.009311676585408019,1,Sideways,1,Bull,0.14339138039642477,0.856577915460114,3.070414309704012e-05
2016-09-21,0.007761400833025045,0.008671330994999112,1,Sideways,0,Sideways,0.8574123491505348,0.14257335042547375,1.430042338300201e-05
2016-09-22,0.02384211862523887,0.009928813070167328,1,Sideways,1,Bull,0.12636652974904292,0.8735385093025548,9.496094821145301e-05
2016-09-23,-0.0004950860459435425,0.009926408339686159,1,Sideways,0,Sideways,0.8729162647666027,0.12694277522146452,0.00014096001330149625
2016-09-26,-0.03874032237676333,0.013090075064986849,0,Bear,1,Bull,0.11704964287635108,0.880967658320697,0.001982698803863384
2016-09-27,0.005653534364205167,0.01314198943894226,1,Sideways,0,Sideways,0.8755627506669845,0.12418618590695574,0.00025106342556341604
2016-09-28,0.006679225362574512,0.013192192137170164,1,Sideways,1,Bull,0.12313448650488328,0.876822915214757,4.259828044640379e-05
2016-09-29,-0.007767149880896448,0.013331116843248383,0,Bear,0,Sideways,0.870181289384865,0.1297345692359354,8.414138072651663e-05
2016-09-30,-0.007663236400720441,0.013107689231070004,0,Bear,1,Bull,0.128493248740917,0.8714786481292314,2.8103129649978923e-05
2016-10-03,0.00958936739928351,0.01301296012528966,1,Sideways,0,Sideways,0.864985772587333,0.13495782412287766,5.6403290726226915e-05
2016-10-04,-0.0021726732409204476,0.012999362072286125,1,Sideways,1,Bull,0.1334133188298993,0.8665665389328332,2.0142236946985824e-05
2016-10-05,0.01027559058485845,0.01318451391501657,1,Sideways,0,Sideways,0.8609078309872857,0.13903600456410795,5.61644493492218e-05
2016-10-06,0.0005265368661000301,0.013172501792525423,1,Sideways,1,Bull,0.13698144014331678,0.8629968847066678,2.1675150036732643e-05
2016-10-07,0.0010431629141435382,0.012950839456852914,1,Sideways,0,Sideways,0.8581946940903881,0.1417611188776607,4.4187030206080715e-05
2016-10-10,-0.001806018262444323,0.012961498843949046,1,Sideways,1,Bull,0.1395896869914133,0.860389829113131,2.0483894537741234e-05
2016-10-11,-0.002465933726616542,0.012978270847163628,1,Sideways,0,Sideways,0.8557001127610485,0.14425222180048716,4.766543901089481e-05
2016-10-12,-0.0023506782282370522,0.012992543505682245,1,Sideways,1,Bull,0.14196862626272125,0.8580087243937611,2.2649342662442708e-05
2016-10-13,-0.008439689314128956,0.013137810797764302,0,Bear,0,Sideways,0.8534107343275819,0.14652464186669595,6.462380703050725e-05
2016-10-14,0.009638306413836825,0.012918052188490696,1,Sideways,1,Bull,0.1439195251530658,0.8560567855596214,2.36892868377456e-05
2016-10-17,-0.0015046241432523672,0.011989174738663734,1,Sideways,0,Sideways,0.8513316633597899,0.14863425443570322,3.4082204862141746e-05
2016-10-18,0.011590986037637847,0.012217125268894896,1,Sideways,1,Bull,0.14633069280396852,0.8536522506914973,1.7056505653981794e-05
2016-10-19,0.011037847299185,0.012338727245012551,1,Sideways,0,Sideways,0.848054103915515,0.1519035562757443,4.2339809968945656e-05
2016-10-20,0.0005363926510394525,0.01108747596208309,1,Sideways,1,Bull,0.1495461649421868,0.8504418945080475,1.1940550019435134e-05
2016-10-21,-0.0051702805825601834,0.011140039015533777,1,Sideways,0,Sideways,0.8458290278657131,0.15414272240748583,2.8249725940599947e-05
2016-10-24,0.013716411748497671,0.007137841113901384,1,Sideways,1,Bull,0.15163085917523658,0.8483595028688733,9.637955287747248e-06
2016-10-25,-0.006266113006740364,0.007316283332440549,1,Sideways,0,Sideways,0.8424111430459259,0.15757031253589937,1.8544417031160416e-05
2016-10-26,-0.0004457635361315005,0.007221176557279032,1,Sideways,1,Bull,0.15584465689736832,0.8441497463723979,5.596731545679584e-06
2016-10-27,-0.008330729286293127,0.007258582416115653,1,Sideways,0,Sideways,0.8383778779944909,0.1616024402747184,1.968172998862886e-05
2016-10-28,-0.005173522006100301,0.007121024437796478,1,Sideways,1,Bull,0.15966545097862395,0.8403281652821728,6.383737575337286e-06
2016-10-31,0.0025920107182861685,0.006853577241900735,1,Sideways,0,Sideways,0.8348495057645293,0.16513447953790064,1.601469601421408e-05
2016-11-01,-0.014203425875016855,0.0076174590688494245,0,Bear,1,Bull,0.16303026568862744,0.8369593344464172,1.0399863864008378e-05
2016-11-02,-0.003324734721011156,0.007273724952350163,1,Sideways,0,Sideways,0.830762318145718,0.16921948495250927,1.8196902470746804e-05
2016-11-03,-0.006372342550696362,0.0073881601037987564,1,Sideways,1,Bull,0.16752607533726496,0.8324612872107634,1.2637451720417944e-05
2016-11-04,-0.03198982170143134,0.010138403459313041,0,Bear,0,Sideways,0.8257941457109848,0.1737321487429618,0.00047370554423493695
2016-11-07,0.01887098360536574,0.011204311341623982,1,Sideways,1,Bull,0.16726921981386778,0.8326398167233667,9.096346356161637e-05
2016-11-08,0.009020799895038345,0.01143889422121808,1,Sideways,0,Sideways,0.8296109126801308,0.17035860413241688,3.0483187253013818e-05
2016-11-09,-0.002081523027034118,0.011437167211861648,1,Sideways,1,Bull,0.1656719330372752,0.834309686682002,1.83802792376663e-05
2016-11-10,0.0019846515907003454,0.011308205410067088,1,Sideways,0,Sideways,0.8317655372144418,0.1682106189064552,2.3843879976367194e-05
2016-11-11,-0.0156561515268453,0.011550810240615599,0,Bear,1,Bull,0.16334991147580227,0.8366108644913388,3.922403238452737e-05
2016-11-14,-0.010095545267897792,0.011707379754252949,0,Bear,0,Sideways,0.8333103261188838,0.16664855671500248,4.1117166385003946e-05
2016-11-15,0.00978152629140916,0.011603450660055577,1,Sideways,1,Bull,0.16243628149714004,0.8375444552125679,1.9263290273807813e-05
2016-11-16,-0.005223154591200721,0.011198664499164814,1,Sideways,0,Sideways,0.8341739113874487,0.16579965752116824,2.6431091294581475e-05
2016-11-17,0.0050315440225645845,0.011315582299749861,1,Sideways,1,Bull,0.16202102071746638,0.8379644877208827,1.4491562471691767e-05
2016-11-18,0.006669531004906322,0.011486136463849928,1,Sideways,0,Sideways,0.8345832770259572,0.16539186656867857,2.4856404375740464e-05
2016-11-21,-0.0012621105143831783,0.01087434576864831,1,Sideways,1,Bull,0.16139507527692137,0.8385910617216195,1.3863000997888949e-05
2016-11-22,0.0035466651398890197,0.010932070706046442,1,Sideways,0,Sideways,0.8355950490885057,0.16438377674064403,2.1174169951231278e-05
2016-11-23,-0.01027654129838706,0.01106297312356896,0,Bear,1,Bull,0.160153016178585,0.8398256174193733,2.1366402066294722e-05
2016-11-24,-0.01130880039725242,0.01116059538201302,0,Bear,0,Sideways,0.8366710454057587,0.1632926968844714,3.6257710751184255e-05
2016-11-25,0.002293978442133088,0.011207931687533378,1,Sideways,1,Bull,0.15885449564896872,0.8411292509143183,1.625343555729771e-05
2016-11-28,0.008392209771043034,0.011422341758532059,1,Sideways,0,Sideways,0.8384622618653322,0.16151241268481292,2.5325451114787763e-05
2016-11-29,-0.010519120527465668,0.01124882717279068,0,Bear,1,Bull,0.15649384454045004,0.8434808952384921,2.5260220147474783e-05
2016-11-30,-0.002838014636994698,0.011246623348517256,1,Sideways,0,Sideways,0.840948388352836,0.15902301973668598,2.8591912041803525e-05
2016-12-01,-0.02013931315640678,0.01192275274982616,0,Bear,1,Bull,0.1543619650234758,0.8455758774234371,6.215755394015723e-05
2016-12-02,0.011938952894801036,0.010179200559798051,1,Sideways,0,Sideways,0.8415401596737787,0.1584325766465865,2.7263679333452813e-05
2016-12-05,0.002841032269022193,0.009144423637643423,1,Sideways,1,Bull,0.1546861490250333,0.8453028816366105,1.0969338273090746e-05
2016-12-06,0.024607837377059908,0.010623457426622743,1,Sideways,0,Sideways,0.8420736720565409,0.15785121879053715,7.510915164789804e-05
2016-12-07,0.007889709042337581,0.010783807377364781,1,Sideways,1,Bull,0.1494129691250326,0.8505604163261923,2.6614549818035718e-05
2016-12-08,-0.0013358232016497423,0.010775304300285893,1,Sideways,0,Sideways,0.8496721129337714,0.15031053987099058,1.7347195713919645e-05
2016-12-09,-0.002663954491654972,0.010174617111709354,1,Sideways,1,Bull,0.14253596815533603,0.8574454230809083,1.860876335651231e-05
2016-12-12,0.006742300310872241,0.009957683085588602,1,Sideways,0,Sideways,0.8566560355622106,0.14332886066459033,1.5103772206943238e-05
2016-12-13,0.009863349804054726,0.009961406895621241,1,Sideways,1,Bull,0.13482775416380682,0.8651525810318409,1.9664806043144397e-05
2016-12-14,-0.0014868942786606964,0.00986896761322812,1,Sideways,0,Sideways,0.8642996613085319,0.1356858803422947,1.4458349833835782e-05
2016-12-15,0.01032229258225731,0.010040865521032116,1,Sideways,1,Bull,0.1282479653906057,0.8717340463198079,1.7988289862794328e-05
2016-12-16,-0.001145091271116037,0.009987731274175004,1,Sideways,0,Sideways,0.8705785953288977,0.12940633129770057,1.5073374598317883e-05
2016-12-19,-0.005582001435830224,0.010091614761359839,1,Sideways,1,Bull,0.12296728994951764,0.8770158919508003,1.681809892361371e-05
2016-12-20,0.008390228681858949,0.01021190364039737,1,Sideways,0,Sideways,0.8759198481007802,0.12406319449366322,1.6957403815397076e-05
2016-12-21,-0.0024241826842749704,0.009889275221653802,1,Sideways,1,Bull,0.11687215977921159,0.883111710498467,1.612972193335801e-05
2016-12-22,-0.0027712098561836042,0.009474101947432905,1,Sideways,0,Sideways,0.882407415360214,0.11757889413625414,1.3690503616082687e-05
2016-12-23,-0.005603230129613302,0.009629708796885728,1,Sideways,1,Bull,0.1102820792239209,0.8897011981934827,1.672258342155575e-05
2016-12-26,0.0007311542241450581,0.009502021846500555,1,Sideways,0,Sideways,0.8890724591444378,0.11091457896024094,1.2961893900693458e-05
2016-12-27,-0.004281561309113411,0.009189486492283822,1,Sideways,1,Bull,0.1035828419215175,0.8964020710429628,1.5087035759265433e-05
2016-12-28,0.010999366150376902,0.009353030427410675,1,Sideways,0,Sideways,0.8958863232638395,0.10409763968940808,1.603704501914278e-05
2016-12-29,0.0037094990693112223,0.0077119196826613765,1,Sideways,1,Bull,0.09523046514168212,0.9047553514685703,1.4183390992702302e-05
2016-12-30,0.0038827283315818867,0.007456129253799581,1,Sideways,0,Sideways,0.9046946968232118,0.09529480505049298,1.049812563905128e-05
2017-01-02,-0.0049291043295761035,0.00767153586328098,1,Sideways,1,Bull,0.08628647803631784,0.9136979990630401,1.5522900887869625e-05
2017-01-03,-0.014721749362628747,0.006759088462602444,0,Bear,0,Sideways,0.9138210374728652,0.08616011531438485,1.884721149463979e-05
2017-01-04,-0.006213611293708398,0.0067137632549758635,1,Sideways,1,Bull,0.07556337823507785,0.924418669965425,1.7951797842426547e-05
2017-01-05,0.0031823490347152998,0.006739788103980078,1,Sideways,0,Sideways,0.9249812530159691,0.07500875034817459,9.996637582095939e-06
2017-01-06,0.009385493496501121,0.006994625829510965,1,Sideways,1,Bull,0.06405783002502066,0.9359242331608659,1.793681286483578e-05
2017-01-09,0.00372555437452522,0.006893866029655265,1,Sideways,0,Sideways,0.936390772004074,0.06359912000837759,1.0107987179298635e-05
2017-01-10,-8.990412907663138e-06,0.0065520792531939135,1,Sideways,1,Bull,0.05367029215663869,0.9463147088737202,1.4998970740807844e-05
2017-01-11,0.0035198695499766798,0.0065774988866915286,1,Sideways,0,Sideways,0.9469601665882508,0.05301539292775497,2.4440484370065354e-05
2017-01-12,0.04067727167980282,0.010986023330729986,1,Sideways,1,Bull,0.04224758081721093,0.9573519298842289,0.00040048929717199434
2017-01-13,0.007798541897563629,0.011032072780062132,1,Sideways,0,Sideways,0.9549231512087784,0.045034345331976436,4.250345872086805e-05
2017-01-16,0.0022961040797504417,0.010868752722318359,1,Sideways,1,Bull,0.04349447963484914,0.95649776615234,7.754213888887498e-06
2017-01-17,0.007936631377664547,0.010857088283277572,1,Sideways,0,Sideways,0.9541121354127424,0.04586664585215063,2.1218733699782952e-05
2017-01-18,0.0050442255598355775,0.010794592172047007,1,Sideways,1,Bull,0.044002409222335684,0.9559908534004057,6.73737849693708e-06
2017-01-19,-0.0058033554111223355,0.010903875467410952,1,Sideways,0,Sideways,0.9538740379895116,0.046103218290708944,2.2743718408451813e-05
2017-01-20,0.009275222936402348,0.0107881886963285,1,Sideways,1,Bull,0.04415725375056751,0.9558353018867142,7.444362346115764e-06
2017-01-23,-0.00023353791154670113,0.010804823999737893,1,Sideways,0,Sideways,0.9535983440263194,0.04638199430957116,1.9661663740722168e-05
2017-01-24,0.013872338571883674,0.010855947569506629,1,Sideways,1,Bull,0.04458581190706113,0.9554055686065916,8.619487732856955e-06
2017-01-25,-0.012903490496331592,0.011423354202218428,0,Bear,0,Sideways,0.9525655117856066,0.04739033123004377,4.4156985315064045e-05
2017-01-26,0.008363953790858693,0.01147568324567992,1,Sideways,1,Bull,0.04567983410471998,0.9543101197914735,1.0046105473091522e-05
2017-01-27,1.0703259095122617e-05,0.011505191983782411,1,Sideways,0,Sideways,0.9517834240112368,0.04818530833402418,3.126765464386306e-05
2017-01-30,0.028345217573272054,0.012576047210571406,1,Sideways,1,Bull,0.04653095021782696,0.9534320774031978,3.697237874380404e-05
2017-01-31,0.0006746218526477705,0.011737092834489895,1,Sideways,0,Sideways,0.9470261781821943,0.052937688766468455,3.613305201582442e-05
2017-02-01,0.006379739312535508,0.01138280871033061,1,Sideways,1,Bull,0.0528241673494951,0.947170087396931,5.745253386052546e-06
2017-02-02,0.006269459279345663,0.011355252057189477,1,Sideways,0,Sideways,0.9404931777963105,0.05947410026518271,3.2721937071619235e-05
2017-02-03,0.01132425922044312,0.011387333474529476,1,Sideways,1,Bull,0.05922468551573127,0.9407682127652905,7.101719210219535e-06
2017-02-06,-0.011739749555303082,0.012111195331986988,0,Bear,0,Sideways,0.9334238716601404,0.06650717112050662,6.895722030077922e-05
2017-02-07,0.0013590625629899347,0.012078964745456885,1,Sideways,1,Bull,0.06620927885659077,0.933780310677454,1.0410465718566625e-05
2017-02-08,0.00879100112716334,0.01207667469222286,1,Sideways,0,Sideways,0.9274308455282863,0.07253027428109154,3.88801918610741e-05
2017-02-09,0.006563190308081778,0.008994410763524531,1,Sideways,1,Bull,0.07189889823311389,0.9280959002982572,5.2014668811167115e-06
2017-02-10,-0.015393125756817451,0.010009094442118503,0,Bear,0,Sideways,0.922085612444391,0.07786582103769919,4.856651806405657e-05
2017-02-13,0.0125533554624954,0.010203887757140527,1,Sideways,1,Bull,0.07681619466125221,0.9231751959789457,8.609358205221895e-06
2017-02-14,-0.005616465316731232,0.010379628294904722,1,Sideways,0,Sideways,0.9172765518482903,0.08269572445455756,2.7723696734417348e-05
2017-02-15,-0.002275422592062068,0.01044583298837824,1,Sideways,1,Bull,0.08193542301725316,0.9180586801534741,5.896828784607434e-06
2017-02-16,0.003463382084363994,0.010238690156649136,1,Sideways,0,Sideways,0.9123917722029566,0.08758565944649875,2.2568349837734764e-05
2017-02-17,0.007270543555416482,0.01018839360949704,1,Sideways,1,Bull,0.08664352044425758,0.913350824511834,5.655043779628163e-06
2017-02-20,-0.002735928615715094,0.010249948358450738,1,Sideways,0,Sideways,0.907463340722214,0.09251246732841856,2.419194803387535e-05
2017-02-21,0.004251143825448514,0.009945376897377643,1,Sideways,1,Bull,0.09163698582851576,0.9083577229411286,5.291229988598872e-06
2017-02-22,-0.004888036412243697,0.009429603662586702,1,Sideways,0,Sideways,0.9023768416779196,0.09760067067935754,2.248764153709831e-05
2017-02-23,0.006834074429746755,0.009391196022631535,1,Sideways,1,Bull,0.09667070162196925,0.9033240651174181,5.2332618862281834e-06
2017-02-24,-0.00992020605253119,0.00981457681442918,0,Bear,0,Sideways,0.897010135868704,0.1029590219362775,3.084219566707779e-05
2017-02-27,-0.005602657659948985,0.007865226081439714,1,Sideways,1,Bull,0.10192109393870377,0.8980735605693135,5.345490427514503e-06
2017-02-28,-0.0032765679199309155,0.007920038567541832,1,Sideways,0,Sideways,0.8923305248564437,0.10765074262629466,1.873251849738245e-05
2017-03-01,0.020837976152389276,0.009047250739159154,1,Sideways,1,Bull,0.10651371678397907,0.8934752273312075,1.1055884083696715e-05
2017-03-02,0.006846191513632386,0.009064479298378593,1,Sideways,0,Sideways,0.883413359415581,0.11655980703865632,2.6833546465802048e-05
2017-03-03,-0.002357831818763597,0.008790800224476114,1,Sideways,1,Bull,0.11644236911983293,0.8835531435296843,4.487350989427743e-06
2017-03-06,0.014636788469442113,0.008797258266792883,1,Sideways,0,Sideways,0.8744028614580981,0.12556286209202797,3.4276449121257974e-05
2017-03-07,-0.0025448776142383022,0.008856902428579973,1,Sideways,1,Bull,0.12458537203967841,0.8754085230571779,6.104901936806139e-06
2017-03-08,-0.014739154830862107,0.00943346784642186,0,Bear,0,Sideways,0.8687711953339728,0.13118735410518584,4.1450560484285785e-05
2017-03-09,-0.005404271238505834,0.009421219237942124,1,Sideways,1,Bull,0.12958189355190552,0.8704098590276391,8.247419383039822e-06
2017-03-10,0.006816943164406577,0.00878689146398464,1,Sideways,0,Sideways,0.8649893701926913,0.1349918964512519,1.8733354273621336e-05
2017-03-13,-0.0020297315839804156,0.008392026891551977,1,Sideways,1,Bull,0.13306265713405435,0.8669312889137863,6.053952211844163e-06
2017-03-14,-0.003283895821298412,0.008318755366261919,1,Sideways,0,Sideways,0.8620982915735549,0.13788502402676764,1.668439892334526e-05
2017-03-15,0.0034616704269747763,0.008313482298473479,1,Sideways,1,Bull,0.1358452996510323,0.8641487389597121,5.96138911272587e-06
2017-03-16,0.009155764701933784,0.008501825776980713,1,Sideways,0,Sideways,0.8592481577984373,0.14073304918546056,1.8793016631948214e-05
2017-03-17,0.002468437389151625,0.00838740120508283,1,Sideways,1,Bull,0.13823218561634662,0.8617611815116945,6.632871082651698e-06
2017-03-20,0.004528302818906578,0.008377745132531178,1,Sideways,0,Sideways,0.8575609069385257,0.14242360393135386,1.548912947258872e-05
2017-03-21,-0.0032571591355902694,0.008406224972859677,1,Sideways,1,Bull,0.13972362646908434,0.8602691511339516,7.222398687812123e-06
2017-03-22,-0.008839626105742423,0.008594114526185932,1,Sideways,0,Sideways,0.8563859959046763,0.14359448131630573,1.952278018188303e-05
2017-03-23,-0.0005012046384468996,0.008474994740575306,1,Sideways,1,Bull,0.14060023091746984,0.8593922832150932,7.4858680028073015e-06
2017-03-24,0.006867767043384865,0.00823217727907957,1,Sideways,0,Sideways,0.85583620525185,0.1441483748205561,1.5419927492451835e-05
2017-03-27,-0.007636750906056092,0.008332457409916401,1,Sideways,1,Bull,0.14070115419377452,0.8592895022950217,9.343510976949512e-06
2017-03-28,0.0054104425311564085,0.008319405619920844,1,Sideways,0,Sideways,0.8560691083008722,0.14391629009387222,1.4601603897141e-05
2017-03-29,-0.010164447682126041,0.007364328020282462,1,Sideways,1,Bull,0.14024165748882736,0.8597483486901782,9.993820734841415e-06
2017-03-30,0.00014110985384499294,0.007185346731520733,1,Sideways,0,Sideways,0.856636774300167,0.14335038771277023,1.283798553459604e-05
2017-03-31,-0.003758026537047121,0.007212569903359074,1,Sideways,1,Bull,0.13983282458885318,0.8601595825633649,7.592846745088155e-06
2017-04-03,-0.0031292164916106647,0.006294402121654034,1,Sideways,0,Sideways,0.8571691813253225,0.1428179083663543,1.2910309899493391e-05
2017-04-04,-0.0006419529139410483,0.0062893228095395335,1,Sideways,1,Bull,0.13922743977536736,0.860765264371287,7.295853020469599e-06
2017-04-05,0.00478362137451026,0.005553749737413009,1,Sideways,0,Sideways,0.8578607591065232,0.1421256497195408,1.3591175370176984e-05
2017-04-06,-0.004034567236319115,0.005494987638393631,1,Sideways,1,Bull,0.1381819195920806,0.8618096868383798,8.39356833187838e-06
2017-04-07,-0.0020510258336763902,0.005252952391460544,1,Sideways,0,Sideways,0.8592420832442823,0.14074164490521118,1.627185143217429e-05
2017-04-10,0.03052686698488076,0.00870504921780352,1,Sideways,1,Bull,0.13666220301153936,0.863283843627456,5.395336100613695e-05
2017-04-11,-0.0036894429880388684,0.008716024306381295,1,Sideways,0,Sideways,0.8540118799548291,0.1459615729966248,2.6547047874611036e-05
2017-04-12,0.0005245803955494166,0.008696768371708465,1,Sideways,1,Bull,0.1455946081350598,0.854400426431384,4.9654351312545465e-06
2017-04-13,-0.011962122079187003,0.008912681995605614,0,Bear,0,Sideways,0.8451577621760343,0.15480613822791964,3.609959480471631e-05
2017-04-14,0.0021452981427214288,0.008907842079411758,1,Sideways,1,Bull,0.15405843345124381,0.8459356897903451,5.876759377214475e-06
2017-04-17,0.006530626026087972,0.008975214573001674,1,Sideways,0,Sideways,0.8376372802451919,0.16233963562490125,2.3084130032621238e-05
2017-04-18,0.007910917753103536,0.009117152773185729,1,Sideways,1,Bull,0.16131220725890058,0.8386814082566147,6.384485768217865e-06
2017-04-19,-0.006254336231470511,0.008996462549264733,1,Sideways,0,Sideways,0.8302523766492965,0.16972143301243786,2.6190337830824657e-05
2017-04-20,0.01351227558649706,0.009444747049498069,1,Sideways,1,Bull,0.16883363474443552,0.8311579082553073,8.456998875583267e-06
2017-04-21,0.0041689134611586805,0.009379335576758286,1,Sideways,0,Sideways,0.8205678068703619,0.17940479181073457,2.740132005061614e-05
2017-04-24,0.014809051972654877,0.009616697249758206,1,Sideways,1,Bull,0.17902820825633312,0.8209628249819381,8.966761960780931e-06
2017-04-25,0.008831653231371561,0.009706093417663512,1,Sideways,0,Sideways,0.8073283314845411,0.19263571119944306,3.5957317293587436e-05
2017-04-26,-0.0011905258072601212,0.009292830930660755,1,Sideways,1,Bull,0.19266607768582333,0.8073278564208544,6.065893792922369e-06
2017-04-27,-0.002540215304719759,0.009353245599502923,1,Sideways,0,Sideways,0.7953494070360603,0.20462091465298402,2.9678311534552603e-05
2017-04-28,0.003946262648813213,0.0092300447142221,1,Sideways,1,Bull,0.20455820633470348,0.7954358721551014,5.921508753782945e-06
2017-05-01,0.0,0.009144847572033142,1,Sideways,0,Sideways,0.7831158283792939,0.2168559431350486,2.8228486812139013e-05
2017-05-02,-0.0031680407087445912,0.00921881291084679,1,Sideways,1,Bull,0.21680497420472214,0.7831886515191667,6.374277903988555e-06
2017-05-03,-0.0052407618179915625,0.009395561028053386,1,Sideways,0,Sideways,0.7709644539901558,0.22900264678278362,3.289922656243996e-05
2017-05-04,-0.008819676441044689,0.009632380912960169,1,Sideways,1,Bull,0.22883556070535643,0.7711553379006088,9.101392940659533e-06
2017-05-05,0.009519375145435511,0.009698246900722483,1,Sideways,0,Sideways,0.7584735805317697,0.24149224983268114,3.4169634759582005e-05
2017-05-08,-0.0010193542621554387,0.007234226541199586,1,Sideways,1,Bull,0.24098968621908198,0.7590041739456737,6.139834829091302e-06
2017-05-09,0.01576191208872901,0.007799334669533996,1,Sideways,0,Sideways,0.7481273484749477,0.2518361470700348,3.6504454218228556e-05
2017-05-10,0.009093736572358924,0.00792676322257425,1,Sideways,1,Bull,0.2500541106989162,0.7499369876651901,8.90163637532296e-06
2017-05-11,-0.011291864101239597,0.007862213116166576,0,Bear,0,Sideways,0.7412942125730422,0.25867734020893135,2.84472182384077e-05
2017-05-12,-0.0012382360662918754,0.00791407284350025,1,Sideways,1,Bull,0.25699381103018537,0.7429988169573725,7.372013606795218e-06
2017-05-15,0.00620623530164152,0.00790606414911001,1,Sideways,0,Sideways,0.7352011415678006,0.26477942619637695,1.9432237586656576e-05
2017-05-16,0.005983840512605867,0.007850116311630705,1,Sideways,1,Bull,0.26273655884390057,0.7372557290909724,7.71206676430313e-06
2017-05-17,-0.004549522698691374,0.007758159667269698,1,Sideways,0,Sideways,0.7295633068536882,0.27041707934516335,1.9613801941355874e-05
2017-05-18,-0.006053288797466021,0.007545543534455618,1,Sideways,1,Bull,0.2685609923882124,0.7314310096767946,7.997935493830143e-06
2017-05-19,0.0,0.007530168226969716,1,Sideways,0,Sideways,0.7237381239844353,0.27624375151632624,1.812450076305523e-05
2017-05-22,0.013079966792074512,0.007377114772916558,1,Sideways,1,Bull,0.27435412039858365,0.7256357374118482,1.0142189609079616e-05
2017-05-23,0.013574457900393603,0.007698955549655423,1,Sideways,0,Sideways,0.7156783871828728,0.2842918560695053,2.9756748281079207e-05
2017-05-24,0.006083786299132414,0.007731808662952319,1,Sideways,1,Bull,0.28227467209842144,0.7177169912591383,8.336644093992865e-06
2017-05-25,-0.006130820656427387,0.007882183231656768,1,Sideways,0,Sideways,0.7096877917316102,0.29029112787828076,2.1080390831856324e-05
2017-05-26,-0.0018397597759256686,0.007904906381877611,1,Sideways,1,Bull,0.2884283596377293,0.7115639750375437,7.665322949651105e-06
2017-05-29,0.0019737987398666533,0.00789754299409994,1,Sideways,0,Sideways,0.7037374342938956,0.2962443747002316,1.819100501477222e-05
2017-05-30,-0.003879583306891791,0.007921700864415283,1,Sideways,1,Bull,0.29424643658358307,0.7057454715108965,8.091906384551233e-06
2017-05-31,0.0019908885481844567,0.007758267961554475,1,Sideways,0,Sideways,0.698110393292143,0.3018718697393435,1.7736967977321508e-05
2017-06-01,-0.0018039391104410906,0.007397216976497507,1,Sideways,1,Bull,0.29975341342438616,0.7002386872700846,7.89930687903572e-06
2017-06-02,0.01530961100289399,0.007798189903927705,1,Sideways,0,Sideways,0.6928213885041345,0.3071505090813015,2.8102415039435643e-05
2017-06-05,-0.0068598781130816576,0.008044843338345663,1,Sideways,1,Bull,0.30348478154881947,0.6965033472019491,1.1871249530759742e-05
2017-06-06,0.0014197051664298795,0.007391649672153997,1,Sideways,0,Sideways,0.69133282880532,0.30865271035087016,1.4460842727714937e-05
2017-06-07,-0.007297950559562958,0.00742027958245306,1,Sideways,1,Bull,0.3049809239507179,0.6950081444869536,1.0931560970103397e-05
2017-06-08,0.0036913909756159675,0.0068788543837704315,1,Sideways,0,Sideways,0.6898244575244236,0.3101609937132793,1.4548763951319053e-05
2017-06-09,0.009805036934683722,0.0070889343669010615,1,Sideways,1,Bull,0.3063712993572323,0.6936175811718988,1.1119470356816431e-05
2017-06-12,0.005032680147626717,0.007057378766240992,1,Sideways,0,Sideways,0.687707725534092,0.31227655861219966,1.5715855243743234e-05
2017-06-13,-0.00143303419295942,0.007030539626560733,1,Sideways,1,Bull,0.30892928651859025,0.6910617224789236,8.991003042285612e-06
2017-06-14,0.003383929368245026,0.006887326164548184,1,Sideways,0,Sideways,0.6855983357828339,0.3143868856489488,1.4778567333896416e-05
2017-06-15,-0.009066774134512665,0.007102438830288737,1,Sideways,1,Bull,0.3108095609764937,0.6891788349771907,1.1604045190606849e-05
2017-06-16,-0.005528829951790641,0.007283589597518341,1,Sideways,0,Sideways,0.683699857790215,0.3162837661147565,1.6376096171604474e-05
2017-06-19,0.011537882632033517,0.007162546817580881,1,Sideways,1,Bull,0.31282732898322757,0.6871609570241541,1.1713990914701306e-05
2017-06-20,-0.0006324165594127798,0.006582869424701157,1,Sideways,0,Sideways,0.6803553883708302,0.31962842181385565,1.6189816305018146e-05
2017-06-21,0.0012161663114269331,0.006465700732884934,1,Sideways,1,Bull,0.31707060549355515,0.6829213109127535,8.083594471998287e-06
2017-06-22,0.0068393732522462536,0.006411162634166855,1,Sideways,0,Sideways,0.6760805386428742,0.3239018909466104,1.7570409264991647e-05
2017-06-23,-0.004341266079184431,0.006497263742642528,1,Sideways,1,Bull,0.3209340523229301,0.6790568194682944,9.128209538350212e-06
2017-06-26,0.0,0.006497768895954121,1,Sideways,0,Sideways,0.6729498247915215,0.32703506708306096,1.5108126324192623e-05
2017-06-27,0.0,0.0064026125159712816,1,Sideways,1,Bull,0.32399630316081635,0.6759950008101626,8.696027576185382e-06
2017-06-28,0.009777572965898805,0.006686070883092166,1,Sideways,0,Sideways,0.6699377235565431,0.33004400384472937,1.82725972954988e-05
2017-06-29,-0.004256818291983931,0.00677281258695831,1,Sideways,1,Bull,0.32618108014052727,0.6738085870560675,1.0332802934149696e-05
2017-06-30,0.00249312900576151,0.0059463288503328465,1,Sideways,0,Sideways,0.6688450090875692,0.33114097847711677,1.4012436129808385e-05
2017-07-03,0.0008151115899473219,0.005667858868077332,1,Sideways,1,Bull,0.32711159582257004,0.6728783708855712,1.0033291355525254e-05
2017-07-04,0.006796191572386055,0.005806007309516828,1,Sideways,0,Sideways,0.6680653049264317,0.3319194282848254,1.5266789237057374e-05
2017-07-05,-0.004588240246443955,0.005619968949909931,1,Sideways,1,Bull,0.32736618131306366,0.6726224633281792,1.1355359986208955e-05
2017-07-06,-0.0011669308790508847,0.0056287599790980315,1,Sideways,0,Sideways,0.6684154821038769,0.3315712623593345,1.3255538301611669e-05
2017-07-07,-0.005406835170210786,0.0054487583436242095,1,Sideways,1,Bull,0.3269675499269037,0.673020672033867,1.177804092867673e-05
2017-07-10,0.010068583932296043,0.005772412832797915,1,Sideways,0,Sideways,0.6688460180743068,0.33113646046399225,1.752146153925948e-05
2017-07-11,0.020417856201075585,0.007211057392092954,1,Sideways,1,Bull,0.32538665012341034,0.6745851657264744,2.818414941633018e-05
2017-07-12,0.006060149958871835,0.0072643273839103585,1,Sideways,0,Sideways,0.6680221619651964,0.3319603289883523,1.750904572202085e-05
2017-07-13,0.0038496820221697813,0.006781977843928691,1,Sideways,1,Bull,0.3288549463480241,0.6711359823399915,9.071310716646057e-06
2017-07-14,0.009222115494216379,0.006640891248654594,1,Sideways,0,Sideways,0.6648694973758073,0.33511227624437023,1.822637844714174e-05
2017-07-17,0.009852019937913447,0.006542600668730078,1,Sideways,1,Bull,0.3314428597414714,0.6685455612201193,1.1579039772370949e-05
2017-07-18,-0.004706243947041228,0.006733759254035725,1,Sideways,0,Sideways,0.6622173666264244,0.33776566874378977,1.6964629516267397e-05
2017-07-19,0.015945133218102134,0.007293621399844343,1,Sideways,1,Bull,0.3348134978015761,0.6651714989104157,1.5003286896320301e-05
2017-07-20,-0.006368368146314412,0.00760326631183807,1,Sideways,0,Sideways,0.655861047877793,0.3441164012921487,2.2550831485391088e-05
2017-07-21,0.0010038723426463155,0.007414991481964701,1,Sideways,1,Bull,0.34255014025912744,0.6574422429577184,7.616784868089974e-06
2017-07-24,-0.0012390398078995465,0.007450778201475544,1,Sideways,0,Sideways,0.6482424360373867,0.35173822832978374,1.9335632327449313e-05
2017-07-25,0.0030894798281324164,0.007407859359221375,1,Sideways,1,Bull,0.35016644772007727,0.6498258936069512,7.658672393767638e-06
2017-07-26,0.0015449824428219927,0.007273028508354453,1,Sideways,0,Sideways,0.6403695694406923,0.35961102095072456,1.940960712297276e-05
2017-07-27,0.010997475416739592,0.007252874545054453,1,Sideways,1,Bull,0.3580562216351065,0.6419339375858074,9.840778482044245e-06
2017-07-28,-0.006404794025246067,0.007610019732102333,1,Sideways,0,Sideways,0.6306018153958652,0.3693729599965913,2.5224607560768017e-05
2017-07-31,-0.0015638936770282043,0.007672353656266236,1,Sideways,1,Bull,0.36843714504793557,0.6315550324883293,7.822462286271945e-06
2017-08-01,-0.012954126523164263,0.008440741049550211,0,Bear,0,Sideways,0.6204506589477002,0.3795122721881593,3.70688626745097e-05
2017-08-02,0.0035548064349740886,0.008281689880646165,1,Sideways,1,Bull,0.37804867179037993,0.6219423733576357,8.954851456946386e-06
2017-08-03,0.005881587912823104,0.008254379263605104,1,Sideways,0,Sideways,0.6119321686667483,0.38804580619598955,2.2025138339010515e-05
2017-08-04,0.012902516833816388,0.008271625929019137,1,Sideways,1,Bull,0.3863988702920291,0.6135890974331902,1.2032275243712882e-05
2017-08-07,0.011320763374630822,0.008324090298059274,1,Sideways,0,Sideways,0.6016244314570719,0.3983464778920867,2.9090649480159416e-05
2017-08-08,-0.0012943673469370095,0.00745744525413302,1,Sideways,1,Bull,0.3968631253167053,0.6031283570811895,8.517601877337002e-06
2017-08-09,-0.00846789172099145,0.00784474015226965,1,Sideways,0,Sideways,0.5934147424603512,0.40656035628208287,2.49012580906066e-05
2017-08-10,-0.008444745582846072,0.008191629681309426,1,Sideways,1,Bull,0.4048727160949785,0.5951159176171172,1.1366288683522883e-05
2017-08-11,-0.007797425027588593,0.008252175761599423,1,Sideways,0,Sideways,0.5854008422735528,0.4145703737574831,2.878397023698865e-05
2017-08-14,0.023782067517116614,0.00953999134326462,1,Sideways,1,Bull,0.4128548115740431,0.5870971408430987,4.804758296156235e-05
2017-08-15,-0.02424768917466406,0.01108834765653029,0,Bear,0,Sideways,0.5675685328283337,0.4321565150910456,0.00027495208026738504
2017-08-16,-0.00048000327090854143,0.01048064359857255,1,Sideways,1,Bull,0.43111940523515935,0.5688565514535562,2.4043310688913883e-05
2017-08-17,-0.00034344135887918374,0.010381929051778871,1,Sideways,0,Sideways,0.5580922311223017,0.4418776576441345,3.0111233664017135e-05
2017-08-18,0.0035237473948701494,0.010409470409647088,1,Sideways,1,Bull,0.4406464623188926,0.55934118031991,1.2357360123678213e-05
2017-08-21,0.013090031398321033,0.01079355903578534,1,Sideways,0,Sideways,0.5482868077044605,0.4516732310903394,3.996120571511797e-05
2017-08-22,-0.000187931684238904,0.010783194082118098,1,Sideways,1,Bull,0.44962443231543103,0.5503604296820599,1.5138003425709377e-05
2017-08-23,0.003293127658058637,0.010797304164027433,1,Sideways,0,Sideways,0.5416607682649149,0.4583121846860544,2.704704946169103e-05
2017-08-24,0.0018449456568571294,0.01053344299248303,1,Sideways,1,Bull,0.45614877485312927,0.5438374803868193,1.3744758314231101e-05
2017-08-25,0.005492702399634866,0.010467616633557681,1,Sideways,0,Sideways,0.535266674208949,0.4647079130512458,2.5412738934794636e-05
2017-08-28,0.0053150150121100935,0.01049381318303399,1,Sideways,1,Bull,0.4623569982364442,0.5376288703859835,1.413137937759374e-05
2017-08-29,0.000752786198660707,0.00994803347093444,1,Sideways,0,Sideways,0.5290965211048667,0.4708807294641762,2.2749429933061817e-05
2017-08-30,0.0,0.009950069273605288,1,Sideways,1,Bull,0.4687140022166413,0.5312735190959696,1.247868879911043e-05
2017-08-31,-0.003743534046282654,0.00997483981321544,1,Sideways,0,Sideways,0.5227769181175459,0.47719859689365096,2.4484988474011835e-05
2017-09-01,0.0,0.009596051437754861,1,Sideways,1,Bull,0.47501606394934176,0.5249717988198961,1.213723185540637e-05
2017-09-05,-0.010393694179736488,0.009555952289888741,0,Bear,0,Sideways,0.5165040569545927,0.4834658103846987,3.013266121483471e-05
2017-09-06,0.006762948040162124,0.009685901229637492,1,Sideways,1,Bull,0.4809391799775689,0.5190473953989119,1.3424622762757887e-05
2017-09-07,0.0011962526712522453,0.009480766231431851,1,Sideways,0,Sideways,0.5106278590526457,0.48935093623496645,2.1204712306631002e-05
2017-09-08,-0.011836385695853331,0.009676934211444043,0,Bear,1,Bull,0.48710807577353304,0.5128725692682735,1.935495641638126e-05
2017-09-11,0.009235928137057137,0.009676215443580797,1,Sideways,0,Sideways,0.5034784169870302,0.4964961569954367,2.5426016291624666e-05
2017-09-12,-0.003003697709543881,0.008105472363044269,1,Sideways,1,Bull,0.4941855747772109,0.5058035711200974,1.085410321848957e-05
2017-09-13,-0.008967071716113478,0.006218630843358059,1,Sideways,0,Sideways,0.4976730753064316,0.502306714692706,2.0209999236485255e-05
2017-09-14,0.0008197493939471771,0.006213786460298846,1,Sideways,1,Bull,0.49985370980170835,0.5001364348718322,9.855327772905719e-06
2017-09-15,-0.004653137224943303,0.006323537307175988,1,Sideways,0,Sideways,0.4922618396627623,0.5077209009545302,1.7259382454768595e-05
2017-09-18,-0.011266868840610362,0.006789994962723965,1,Sideways,1,Bull,0.5052998522801518,0.49468586965110245,1.4278068620555386e-05
2017-09-19,-0.015292680795512058,0.00680742226276525,0,Bear,0,Sideways,0.48607655937644917,0.5138926148667724,3.082575712019016e-05
2017-09-20,0.0038613772084558694,0.0069151146922141185,1,Sideways,1,Bull,0.5110636570237467,0.48892517779194256,1.1165182602812884e-05
2017-09-21,-0.012636071093587093,0.007240169352189294,0,Bear,0,Sideways,0.48146813289325047,0.5185080617289575,2.380537887409528e-05
2017-09-22,0.0011695402870141838,0.007221243429529575,1,Sideways,1,Bull,0.515339744873848,0.4846486661948078,1.1588929549955971e-05
2017-09-25,-0.01795361565451561,0.007762328225624035,0,Bear,0,Sideways,0.4779582529481788,0.522005027788612,3.671926181942889e-05
2017-09-26,0.01609250006531563,0.008723402575403064,1,Sideways,1,Bull,0.5174782542072838,0.48248955060741266,3.219518426081662e-05
2017-09-27,-0.026431297026885427,0.010115759431987307,0,Bear,0,Sideways,0.47498236924112164,0.5248639871970889,0.0001536435614222893
2017-09-28,0.014056247119949811,0.010892507330119936,1,Sideways,1,Bull,0.5182871577594065,0.4816703016983109,4.2540543535627886e-05
2017-09-29,0.002496662824171495,0.010978694740225005,1,Sideways,0,Sideways,0.4771227265054287,0.5228563331049002,2.094039056711149e-05
2017-10-02,0.009891894405289646,0.011353371638285766,1,Sideways,1,Bull,0.5178572577911715,0.4821172436952881,2.5498514726094225e-05
2017-10-03,-0.00022224801372161112,0.011224399219149543,1,Sideways,0,Sideways,0.47682969420708454,0.523147446257836,2.285953545682837e-05
2017-10-04,0.006143285084736719,0.011198792980247518,1,Sideways,1,Bull,0.5189334633768452,0.48104539822144016,2.1138400431758257e-05
2017-10-05,-0.0020451702300441194,0.011167954313094797,1,Sideways,0,Sideways,0.47536811743003893,0.5246068576466587,2.50249241042686e-05
2017-10-06,-0.0018880525016197777,0.010950936144683695,1,Sideways,1,Bull,0.5207036067254084,0.4792597761145367,3.661716132326736e-05
2017-10-09,-0.02764552021495166,0.012008298776150379,0,Bear,0,Sideways,0.47330405397466174,0.5263771107015977,0.0003188353243598659
2017-10-10,0.020480217622860498,0.013188048110204598,1,Sideways,1,Bull,0.5168620203649518,0.4829692910722969,0.00016868856234332868
2017-10-11,0.004073279313925456,0.013184228079495165,1,Sideways,0,Sideways,0.47904549436007965,0.5208957983146758,5.870732621552917e-05
2017-10-12,0.020180065095615242,0.014085744554035667,1,Sideways,1,Bull,0.5150925478485664,0.4847879194928694,0.00011953265746804345
2017-10-13,0.0027658418941837507,0.01408436834079832,1,Sideways,0,Sideways,0.47801156159459823,0.5219104969408609,7.794146317184894e-05
2017-10-16,0.002339491392859125,0.013874578194299431,1,Sideways,1,Bull,0.518749438190206,0.48120113573788903,4.9426072298526673e-05
2017-10-17,0.004838348149105013,0.013432072755531998,1,Sideways,0,Sideways,0.47441804009648114,0.5255291434660031,5.281643888439338e-05
2017-10-18,-0.0006030581988966248,0.013418728738899145,1,Sideways,1,Bull,0.522248961243831,0.4777081049558211,4.293380052123992e-05
2017-10-19,0.013997236496162265,0.013341164026534156,1,Sideways,0,Sideways,0.4711453841475731,0.5287924810621115,6.21347916372817e-05
2017-10-20,0.0005079295587397151,0.013344377982056134,1,Sideways,1,Bull,0.5242923948822232,0.47565994947822615,4.7655638010018254e-05
2017-10-23,-0.010986678475234688,0.012877372863245503,0,Bear,0,Sideways,0.47064756209802744,0.5292924175496911,6.002035302548244e-05
2017-10-24,-0.0009043660346239998,0.012481074415810152,1,Sideways,1,Bull,0.5241374370653586,0.47582664558797433,3.59173458321543e-05
2017-10-25,0.010656055632902056,0.010738022082249247,1,Sideways,0,Sideways,0.4715043258670323,0.5284732742687878,2.2399865131946733e-05
2017-10-26,-0.009458111556080015,0.010797747195289531,0,Bear,1,Bull,0.522278714737491,0.47768958176754894,3.170349474396209e-05
2017-10-27,0.005103629042707235,0.010816843366875242,1,Sideways,0,Sideways,0.4738290777727195,0.5261526168165991,1.8305411129715777e-05
2017-10-30,0.0053875909987115955,0.010698035200021954,1,Sideways,1,Bull,0.520152897596038,0.4798242793655603,2.2823037549761042e-05
2017-10-31,0.01533177601465085,0.011076248507192276,1,Sideways,0,Sideways,0.47591313772503663,0.5240531267305765,3.373554614784648e-05
2017-11-01,0.02582699169919996,0.012196200994776729,1,Sideways,1,Bull,0.5160303959869974,0.4838441718586231,0.00012543215451225764
2017-11-02,-0.0002602158920825994,0.012156890370925679,1,Sideways,0,Sideways,0.47687128739842405,0.5230784690606484,5.024354205765894e-05
2017-11-03,-0.015178086897122167,0.012839015386084722,0,Bear,1,Bull,0.5200585814921511,0.4798570098701789,8.440863720395514e-05
2017-11-06,0.025486258228027258,0.011523472109226907,1,Sideways,0,Sideways,0.4708267014992813,0.5290430135938003,0.00013028490629778111
2017-11-07,-0.016727265303293416,0.012050557350989676,0,Bear,1,Bull,0.5229645956617235,0.4769362887657481,9.911557142301238e-05
2017-11-08,-0.003367205485281573,0.012166332776512256,1,Sideways,0,Sideways,0.4718598346907606,0.5280985014571371,4.166385032223989e-05
2017-11-09,-0.014837647475260165,0.012196616615798829,0,Bear,1,Bull,0.5236556570492911,0.4762764374338513,6.790551563159823e-05
2017-11-10,-0.011835116727451479,0.012579091349339749,0,Bear,0,Sideways,0.4697703538464377,0.5301601851675457,6.94609875832598e-05
2017-11-13,-0.0008246455245576524,0.012584774212399532,1,Sideways,1,Bull,0.5262028031071774,0.47375875149020263,3.8445401007774637e-05
2017-11-14,0.011770462798041845,0.012786771052515626,1,Sideways,0,Sideways,0.4681378629120704,0.5317899226627395,7.221442678740018e-05
2017-11-15,-0.022326636805479232,0.01384924905724689,0,Bear,1,Bull,0.5266038667240023,0.473087370938644,0.000308762338562055
2017-11-16,-0.006891711144338453,0.01355178427485064,0,Bear,0,Sideways,0.46487225916674946,0.5349855575223469,0.00014218331141538568
2017-11-17,-0.006915062262428355,0.013619124055588863,0,Bear,1,Bull,0.5325040589655413,0.4673792164112266,0.00011672462281247616
2017-11-20,-0.0221525560858803,0.014261712748389204,0,Bear,0,Sideways,0.4587403747882647,0.5408025557867323,0.00045706942458225916
2017-11-21,0.012964068514887893,0.014630006573767725,1,Sideways,1,Bull,0.5360668852004563,0.46375712881503867,0.00017598598534387854
2017-11-22,0.0065881020422257595,0.014488300071089658,1,Sideways,0,Sideways,0.4580143083220529,0.5418798247389395,0.00010586693868986053
2017-11-23,-0.008886795632378038,0.014471539756684556,0,Bear,1,Bull,0.5377555496179278,0.4621227630659361,0.00012168731598951089
2017-11-24,-0.004644710859503518,0.01441611259403684,1,Sideways,0,Sideways,0.4561180397301785,0.5437577897798933,0.0001241704898804524
2017-11-27,0.0021050193440597114,0.014351215503499335,1,Sideways,1,Bull,0.5399260718673182,0.45989637305268527,0.00017755508045264368
2017-11-28,-0.026029911067781325,0.014736829311684409,0,Bear,0,Sideways,0.45342355593470274,0.5458273834939531,0.0007490605699201398
2017-11-29,0.0026789843436484133,0.013105682501269334,1,Sideways,1,Bull,0.5373750126145305,0.4624781455117301,0.00014684187286313004
2017-11-30,0.015922686647953224,0.01388763308354358,1,Sideways,0,Sideways,0.4604002669978022,0.5395242609405452,7.547206345062262e-05
2017-12-01,-0.004099438362115394,0.013643622918473349,1,Sideways,1,Bull,0.5277682179680487,0.47213198996260136,9.979207091350887e-05
2017-12-04,0.015863472603413555,0.012700983550267947,1,Sideways,0,Sideways,0.47115029789462803,0.5288075600649539,4.2142039834463945e-05
2017-12-05,0.009883979802042465,0.012700473129299731,1,Sideways,1,Bull,0.5130795812713289,0.4868413163572609,7.910237006456683e-05
2017-12-06,-0.009038547105878328,0.01277801433204353,0,Bear,0,Sideways,0.486506791880757,0.5134552001989892,3.8007921746046186e-05
2017-12-07,0.0108015412911474,0.01281768871042316,1,Sideways,1,Bull,0.4985023713649597,0.5014177779812512,7.985065493950736e-05
2017-12-08,0.013750345554166155,0.0130334812164018,1,Sideways,0,Sideways,0.5008148248143184,0.4991458463624727,3.932882258423313e-05
2017-12-11,0.01138036922756963,0.013299223697167989,1,Sideways,1,Bull,0.48289329291682087,0.5170101445050712,9.656257974207938e-05
2017-12-12,-0.0009806806709272945,0.013014726490194027,1,Sideways,0,Sideways,0.5166931562677518,0.4832753943327733,3.14493998048673e-05
2017-12-13,-0.008253222465469992,0.012122456360649387,0,Bear,1,Bull,0.4694136038052673,0.5305133386843072,7.30575106023099e-05
2017-12-14,0.013894213806674894,0.01237073356471,1,Sideways,0,Sideways,0.5299741308494367,0.46999394593328103,3.1923218850799807e-05
2017-12-15,-0.003070330038266625,0.012266746849423478,1,Sideways,1,Bull,0.45335671886304246,0.5465754198665594,6.786126978499439e-05
2017-12-18,0.008358852125626098,0.011012145295516765,1,Sideways,0,Sideways,0.5469180468899479,0.4530653960264016,1.6557083095717896e-05
2017-12-19,-0.0006424058985557147,0.010779371970033836,1,Sideways,1,Bull,0.43478494848377836,0.5651689002567234,4.615126100393254e-05
2017-12-20,0.0025164252793455216,0.010732052447230677,1,Sideways,0,Sideways,0.5658877106113704,0.43409926806426324,1.3021323009324255e-05
2017-12-21,0.007372187439906034,0.010470579177435846,1,Sideways,1,Bull,0.4155090642474688,0.5844470537938132,4.3881957031346955e-05
2017-12-22,-0.0015514443613000764,0.01037586603793967,1,Sideways,0,Sideways,0.5849383421334138,0.41504875588917284,1.2901978811470983e-05
2017-12-26,0.008132447697623208,0.010434553519780086,1,Sideways,1,Bull,0.39795257115195526,0.6020068129436462,4.061590497549127e-05
2017-12-27,0.001275840875737642,0.007856819536068954,1,Sideways,0,Sideways,0.6021628395400078,0.397827342699182,9.817759285937673e-06
2017-12-28,0.020570011866387787,0.008597066844521068,1,Sideways,1,Bull,0.3822656070639583,0.617677402017183,5.699092045813117e-05
2017-12-29,0.0074190477863663295,0.008263714217494745,1,Sideways,0,Sideways,0.6158567835722786,0.3841293254529489,1.3890976498320736e-05
2018-01-02,0.018820658321580204,0.008495271907567329,1,Sideways,1,Bull,0.37435438001048604,0.6256089517681818,3.6668220316896964e-05
2018-01-03,-0.012604117309097492,0.00917100681953831,0,Bear,0,Sideways,0.622145389288999,0.377830021985843,2.458872596024735e-05
2018-01-04,-0.004845766281680247,0.00933973796439767,1,Sideways,1,Bull,0.37105673340066514,0.6289244391046678,1.8827493764094476e-05
2018-01-05,0.009879909972093162,0.008878727597367112,1,Sideways,0,Sideways,0.6260405723628059,0.37394418752274167,1.5240115812372048e-05
2018-01-08,-0.0028625139682149363,0.008943297764375652,1,Sideways,1,Bull,0.36600670671862207,0.6339747938711213,1.8499412026312483e-05
2018-01-09,-0.011081349761269827,0.009297627448342406,0,Bear,0,Sideways,0.6317774366243907,0.368202671110429,1.989226547520424e-05
2018-01-10,-0.012539263212367553,0.009717103417849435,0,Bear,1,Bull,0.35937151941718903,0.6405944094542362,3.40711288489647e-05
2018-01-11,0.009892762126672968,0.009845457813960965,1,Sideways,0,Sideways,0.6383047306619806,0.36167802108854447,1.724824986353848e-05
2018-01-12,-0.0006469622644743557,0.009549284530380373,1,Sideways,1,Bull,0.35265182239670734,0.6473234309119938,2.4746691864462158e-05
2018-01-15,-0.02191762948460364,0.010673473188453105,0,Bear,0,Sideways,0.6455908343154432,0.354329941436051,7.922424777155894e-05
2018-01-16,0.019942541629772423,0.01141239269680726,1,Sideways,1,Bull,0.3397416985986805,0.6601693481058871,8.895329612407086e-05
2018-01-17,0.01882311584952926,0.011933973049743687,1,Sideways,0,Sideways,0.6584704059416081,0.3414786251553211,5.096890467592031e-05
2018-01-18,0.0022574784738788453,0.01190756445243653,1,Sideways,1,Bull,0.3276427576804011,0.672302966611984,5.427570891949513e-05
2018-01-19,-0.014732035134527293,0.012547488209444239,0,Bear,0,Sideways,0.6721281448419343,0.327808867423122,6.298773596271124e-05
2018-01-22,0.017974310331361293,0.012998676315109314,1,Sideways,1,Bull,0.3107977044083013,0.6890828194541463,0.0001194761358166156
2018-01-23,0.009884883840628647,0.013057373222090917,1,Sideways,0,Sideways,0.6884608868202617,0.3114968690161109,4.2244162893439627e-05
2018-01-24,0.010487854859496163,0.01311486762848965,1,Sideways,1,Bull,0.29833661904067504,0.7015884480299869,7.493292936410859e-05
2018-01-25,-0.00876642686402591,0.0133858785739504,0,Bear,0,Sideways,0.7009280269999997,0.2990139378588669,5.8035142185483875e-05
2018-01-26,0.017532928981110096,0.013189438820720956,1,Sideways,1,Bull,0.28659401717878713,0.7133102736744253,9.57091467020488e-05
2018-01-29,0.0011872177696997104,0.01314427742270199,1,Sideways,0,Sideways,0.7117360212081545,0.28822100761464153,4.2971177621169935e-05
2018-01-30,-0.01284386592707627,0.012959690979378477,0,Bear,1,Bull,0.2795557939484938,0.7203616424595043,8.256359326348255e-05
2018-01-31,0.001890007746357101,0.01257304543277062,1,Sideways,0,Sideways,0.71826206876641,0.2817045716699206,3.3359562221527794e-05
2018-02-01,-0.004060830561694672,0.012553483758588368,1,Sideways,1,Bull,0.27429643283382865,0.725662412501883,4.1154664937330396e-05
2018-02-02,-0.007800494095103174,0.012555958505345076,0,Bear,0,Sideways,0.7235724890628654,0.27638399654943807,4.3514389173944275e-05
2018-02-05,-0.010781860744212574,0.01279453852222267,0,Bear,1,Bull,0.26855153551497174,0.7313807355626901,6.772892269392329e-05
2018-02-06,-0.012013343759524937,0.01283954222903831,0,Bear,0,Sideways,0.729144310443371,0.2707924342042067,6.325535313274901e-05
2018-02-07,0.000977402572295345,0.012485178412820503,1,Sideways,1,Bull,0.2626741494646026,0.737283749845873,4.210068948568165e-05
2018-02-08,-0.01137102748331774,0.012580893694483881,0,Bear,0,Sideways,0.7356164300763582,0.2643324408375146,5.1129084528592125e-05
2018-02-09,-0.005909042547361894,0.012645615001588428,1,Sideways,1,Bull,0.25506093257290313,0.7448861572760628,5.2910150949028274e-05
2018-02-12,0.010781444561832743,0.011811960167868138,1,Sideways,0,Sideways,0.74365234573827,0.25632065455080366,2.6999712218692233e-05
2018-02-13,-0.0028528445088757044,0.01097570642309739,1,Sideways,1,Bull,0.24572079374721073,0.7542476928658403,3.1513386002429484e-05
2018-02-14,-0.00912035567197954,0.010209757207486719,0,Bear,0,Sideways,0.7535817790140708,0.24639517637572353,2.3044611792060302e-05
2018-02-15,0.02412670404713661,0.011682844759666126,1,Sideways,1,Bull,0.23501680765427585,0.7648974805675371,8.571177895899138e-05
2018-02-16,0.0024525756982675126,0.011184577948992802,1,Sideways,0,Sideways,0.7620928665984529,0.23788253601741915,2.4597384418515925e-05
2018-02-19,-0.0054132146033960184,0.010471059128497343,1,Sideways,1,Bull,0.2323001312692771,0.7676768015905293,2.306714099977636e-05
2018-02-20,-0.02136093714663589,0.011137179563215055,0,Bear,0,Sideways,0.7648134787539317,0.2350759373933861,0.00011058385362702228
2018-02-21,0.025099120899241163,0.01241521994794705,1,Sideways,1,Bull,0.22609830424644184,0.7737862869183102,0.00011540883465969553
2018-02-22,0.004502599005316645,0.012355941791337843,1,Sideways,0,Sideways,0.769844797101407,0.23011673300007487,3.846989891349802e-05
2018-02-23,0.0058080676985895014,0.011703827096472334,1,Sideways,1,Bull,0.225962773760604,0.774017739073679,1.9487165828630617e-05
2018-02-26,0.010751864156249055,0.012003883024191987,1,Sideways,0,Sideways,0.7699945487323615,0.22997217812107218,3.327314726280461e-05
2018-02-27,0.0003342235546931029,0.011668263991624416,1,Sideways,1,Bull,0.2251977267592799,0.7747820010685951,2.0272173851192453e-05
2018-02-28,0.0010026166925873885,0.011661591574944563,1,Sideways,0,Sideways,0.7715496026178666,0.22842438074357552,2.601663982534222e-05
2018-03-01,-0.011147970317636662,0.011889185246999008,0,Bear,1,Bull,0.2235394823435702,0.77642718627056,3.333138551145889e-05
2018-03-02,-0.006592204191241897,0.011853669808966297,1,Sideways,0,Sideways,0.772795265174836,0.227170412354671,3.43224702513441e-05
2018-03-05,0.0007442084415222166,0.011606953800694295,1,Sideways,1,Bull,0.22264846541228844,0.777332357082875,1.9177505824688632e-05
2018-03-06,-0.002022673897056693,0.011271032083923351,1,Sideways,0,Sideways,0.7739198890736394,0.22605645259511678,2.3658330232123178e-05
2018-03-07,0.0011346138800253365,0.011271408350431422,1,Sideways,1,Bull,0.22147127831215857,0.7785118257236588,1.6895963907372885e-05
2018-03-08,-0.002358897717622994,0.010945283087113303,1,Sideways,0,Sideways,0.7751560856846844,0.2248221439445945,2.1770369572532116e-05
2018-03-09,0.002975840540681993,0.01082988765300797,1,Sideways,1,Bull,0.22018708536209486,0.7797975390440046,1.5375592439144564e-05
2018-03-12,0.012722165329416786,0.010926237187221556,1,Sideways,0,Sideways,0.776432115611043,0.22354091819123625,2.6966197274390117e-05
2018-03-13,-0.0012211311017896727,0.010897770234712605,1,Sideways,1,Bull,0.217652032111072,0.7823289584032846,1.9009486820581592e-05
2018-03-14,-0.0057169582786612124,0.01074674302623099,1,Sideways,0,Sideways,0.7799497369432846,0.2200290610496804,2.1202005258112188e-05
2018-03-15,-0.003332289845682762,0.009414500340126468,1,Sideways,1,Bull,0.21392574458653044,0.7860592743347463,1.4981078595212798e-05
2018-03-16,0.00012622762106238622,0.009402404314853107,1,Sideways,0,Sideways,0.7838486683280818,0.21613642820762544,1.4903464090222579e-05
2018-03-19,-0.015180711497797863,0.009952452195467788,0,Bear,1,Bull,0.2099255751281575,0.7900450261775117,2.9398692912439986e-05
2018-03-20,0.00846544855800983,0.008777963408434557,1,Sideways,0,Sideways,0.7871590265432828,0.21282472366809227,1.624978811871296e-05
2018-03-21,0.010419480805378967,0.007145593401443328,1,Sideways,1,Bull,0.2071038620469912,0.7928831957206022,1.2942232526617045e-05
2018-03-22,-0.004608888723965074,0.00717212593649208,1,Sideways,0,Sideways,0.7898565522357898,0.21013006948888288,1.3378276016418234e-05
2018-03-23,-0.004343024244218493,0.007106935911681827,1,Sideways,1,Bull,0.20535513961589014,0.7946347424698662,1.0117913748755854e-05
2018-03-26,-0.0015663351229923393,0.0066064511821357875,1,Sideways,0,Sideways,0.7916981547489073,0.20828955653506656,1.2288715232091999e-05
2018-03-27,-0.0019241324108912365,0.006601594941000013,1,Sideways,1,Bull,0.20346090024877317,0.796529047744229,1.0052007634804438e-05
2018-03-28,-0.017950800400570472,0.007570031440916918,0,Bear,0,Sideways,0.7936609726671319,0.20630782287397137,3.1204457971449285e-05
2018-03-29,0.006247993796396742,0.007470688079328235,1,Sideways,1,Bull,0.19967291654922278,0.8003137189697695,1.3364482707385505e-05
2018-03-30,0.0007450439306397346,0.007371405777982745,1,Sideways,0,Sideways,0.7982764075287014,0.2017121239849488,1.1468487073535524e-05
2018-04-02,-0.004255975757750165,0.0073998631363916215,1,Sideways,1,Bull,0.19546973063062728,0.8045182402149316,1.2029154719526515e-05
2018-04-03,0.001327325388372515,0.007415354083588024,1,Sideways,0,Sideways,0.8025898296305728,0.1973987813426247,1.1389028554885707e-05
2018-04-04,-0.00541200925976257,0.007464458167266342,1,Sideways,1,Bull,0.19099329410302837,0.8089940068341553,1.2699064266497604e-05
2018-04-05,0.008492001883883998,0.007767213741760859,1,Sideways,0,Sideways,0.8071674457558177,0.19281913862255792,1.3415622082284122e-05
2018-04-06,-0.0018294298969502,0.007721727066747435,1,Sideways,1,Bull,0.18546504207646347,0.8145213950796389,1.3562844012926585e-05
2018-04-09,-0.013878564576605848,0.007533289983579774,0,Bear,0,Sideways,0.8131908106641824,0.1867870569297753,2.2132407449248316e-05
2018-04-10,-0.021829803560355632,0.00870122605609793,0,Bear,1,Bull,0.1780965803612325,0.8218481271835908,5.5292454052227395e-05
2018-04-11,-0.013270366169049985,0.008971372887808903,0,Bear,0,Sideways,0.8197071815859349,0.18026653621873914,2.628219692890405e-05
2018-04-12,0.008949910775956306,0.009406116790858954,1,Sideways,1,Bull,0.17376740296216422,0.8262168542451174,1.5742790924158364e-05
2018-04-13,-0.0057442075797631865,0.009392915805492723,1,Sideways,0,Sideways,0.8242056528736367,0.17577801972809948,1.632739667374595e-05
2018-04-16,0.009838826583303121,0.009401452643955241,1,Sideways,1,Bull,0.16989502056518446,0.8300891133991597,1.5866037156647412e-05
2018-04-17,-0.017708811468331427,0.00967029331964046,0,Bear,0,Sideways,0.8276832325816451,0.1722583167386121,5.845067869853437e-05
2018-04-18,0.030378489857303563,0.011937268939863206,1,Sideways,1,Bull,0.16526203344395998,0.8346093600689096,0.00012860648839313572
2018-04-19,0.00020698925814902072,0.011939302726351,1,Sideways,0,Sideways,0.8285884880548299,0.17136675999829723,4.475194813836033e-05
2018-04-20,-0.010667471831283293,0.012082603543915608,0,Bear,1,Bull,0.16954373609294648,0.8304336827590498,2.2581147031571857e-05
2018-04-23,0.0,0.012093994098764192,1,Sideways,0,Sideways,0.823753451630716,0.1762046279851677,4.19203857543401e-05
2018-04-24,-0.007908900812966963,0.012155114316175185,0,Bear,1,Bull,0.17460328544084977,0.8253680375458007,2.86770129142799e-05
2018-04-25,-0.024439770568581515,0.012659383050602754,0,Bear,0,Sideways,0.8181400689653936,0.18153769270828748,0.00032223832619173766
2018-04-26,-0.0036033252032022733,0.012469285092880634,1,Sideways,1,Bull,0.177764829224969,0.8221657716181996,6.939915583831746e-05
2018-04-27,0.005583569738234951,0.012602827151970331,1,Sideways,0,Sideways,0.8186623304724665,0.18117638578126613,0.00016128374525795018
2018-04-30,-0.03144698070465002,0.014091404881672648,0,Bear,1,Bull,0.17641242478678767,0.8228200918024308,0.00076748340906812
2018-05-01,0.0,0.014064881806801818,1,Sideways,0,Sideways,0.813042872793969,0.18673387043283285,0.00022325677436222437
2018-05-02,0.004237974300357222,0.01420452324364091,1,Sideways,1,Bull,0.18633760671259664,0.8135949348198651,6.745846913308166e-05
2018-05-03,-0.017498468601038205,0.014168024054085362,0,Bear,0,Sideways,0.8031013170063426,0.19655626368448634,0.00034241930869057023
2018-05-04,-0.003015954209054002,0.014154183725056875,1,Sideways,1,Bull,0.19517931728173654,0.8047086847253831,0.00011199799463784746
2018-05-07,-0.017035177675836313,0.014268599453553008,0,Bear,0,Sideways,0.7971572002623004,0.20250076105084105,0.0003420386860277723
2018-05-08,-0.01500696847003033,0.013941704589059365,0,Bear,1,Bull,0.19990332385795778,0.7999231956438255,0.0001734804970664967
2018-05-09,0.014157997263838814,0.014466697575218115,1,Sideways,0,Sideways,0.7932378282732628,0.20660020840392296,0.00016196332167699173
2018-05-10,0.0157523417983815,0.014862623423402927,1,Sideways,1,Bull,0.2038591269463123,0.7960380189115394,0.00010285414146723178
2018-05-11,-0.005172540229159578,0.014859026307622276,0,Bear,0,Sideways,0.7890276647938299,0.21078531181893145,0.00018702338804042046
2018-05-14,0.014792941355830069,0.015134765776105237,1,Sideways,1,Bull,0.2088757023853321,0.7909869067295348,0.0001373908844465561
2018-05-15,-0.017861869210875802,0.01514240810207862,0,Bear,0,Sideways,0.7820936503648555,0.21744537306992284,0.00046097656665681293
2018-05-16,0.0060628670041886,0.013127361086238413,1,Sideways,1,Bull,0.21526204233250287,0.7846673036264941,7.065403919562398e-05
2018-05-17,-0.0028280794999403485,0.01308581935875287,1,Sideways,0,Sideways,0.778496733399255,0.2214439154741156,5.9351126006542163e-05
2018-05-18,0.005295717743391994,0.013195148028798806,1,Sideways,1,Bull,0.2191487912595829,0.7808255357281564,2.5673011617362115e-05
2018-05-21,-0.0014911450052813044,0.01317557473921408,1,Sideways,0,Sideways,0.7744779721054754,0.22546527574519107,5.675214861925021e-05
2018-05-22,0.010409341902471832,0.013526782622186557,1,Sideways,1,Bull,0.22322228601488572,0.7767437317126102,3.3982273645300546e-05
2018-05-23,-0.0139950076410348,0.012846299141490066,0,Bear,0,Sideways,0.7694749583516395,0.23040576067990995,0.00011928097004743868
2018-05-24,-0.007423564927415433,0.012889812060895912,0,Bear,1,Bull,0.2278476042710174,0.7720803040335036,7.20916949323537e-05
2018-05-25,0.02018289586530871,0.013774070307381342,1,Sideways,0,Sideways,0.7655745601318547,0.2339253762917215,0.000500063575382701
2018-05-28,0.03171281644174583,0.013929604677268288,1,Sideways,1,Bull,0.22866889931438963,0.7702346618957961,0.001096438791487362
2018-05-29,-0.01334283604965693,0.01429788708845419,0,Bear,0,Sideways,0.756930586058768,0.24068827546566965,0.0023811384766056947
2018-05-30,-0.011909312079130964,0.014523676806722827,0,Bear,1,Bull,0.23903309015173071,0.7579043549918644,0.003062554854697701
2018-05-31,-0.03145840698072432,0.01567772614564839,0,Bear,0,Sideways,0.7348733993182199,0.25041349609972313,0.014713104582371132
2018-06-01,-0.014824406275311534,0.01597290784527713,0,Bear,1,Bull,0.24716771953037536,0.7422819504911589,0.010550329979800531
2018-06-04,0.0007922699285049326,0.015564235944985199,1,Sideways,0,Sideways,0.7404479236491972,0.2528896030668116,0.006662473284946608
2018-06-05,-0.014478142686792695,0.015539273192867579,0,Bear,1,Bull,0.24888877443676535,0.7447472246681188,0.006364000895139528
2018-06-06,-0.011985864366862229,0.01531441612488625,0,Bear,0,Sideways,0.737241402730633,0.25496381644277744,0.007794780825397067
2018-06-07,0.020135680636176403,0.015611657860804281,1,Sideways,1,Bull,0.2495640130991244,0.7409735579678121,0.009462428932097332
2018-06-08,-0.028258978210829348,0.01668533300817499,0,Bear,0,Sideways,0.7229001607941975,0.2574078660480072,0.019691973156253133
2018-06-11,0.008161563322954755,0.0163756649855722,1,Sideways,1,Bull,0.25313965048167064,0.7323102162804187,0.014550133238839939
2018-06-12,-0.01411090764476682,0.016221532397215403,0,Bear,0,Sideways,0.7302244041739258,0.25652774284495033,0.01324785298268245
2018-06-13,-0.019090496124995606,0.01644179990744306,0,Bear,1,Bull,0.24885712835045498,0.7389894544025194,0.012153417246575062
2018-06-14,0.011018758234619903,0.016800227392749088,1,Sideways,0,Sideways,0.7385766087733239,0.2535394568394319,0.007883934385720104
2018-06-15,0.0,0.016691820356463653,1,Sideways,1,Bull,0.2485308744959668,0.745320663611598,0.0061484618920106685
2018-06-18,-0.01596656978220593,0.016890065716282612,0,Bear,0,Sideways,0.7423484307209548,0.25174456663203243,0.005907002646816969
2018-06-19,0.014866961678459719,0.0171279773187609,1,Sideways,1,Bull,0.24451295642296147,0.751438200966239,0.004048842609455478
2018-06-20,0.00121697117642284,0.017021507551512233,1,Sideways,0,Sideways,0.7502424624120644,0.24747600240759646,0.0022815351814923536
2018-06-21,0.005329931218494181,0.017114807487422924,1,Sideways,1,Bull,0.2415857832872077,0.7569658113498045,0.001448405364648971
2018-06-22,0.0083275803331604,0.016458681006696625,1,Sideways,0,Sideways,0.7548719368671049,0.24433468870748384,0.0007933744237447103
2018-06-25,-0.019423328587951715,0.01452762204123203,0,Bear,1,Bull,0.2377928383378256,0.7616066579553148,0.0006005037084339235
2018-06-26,0.004244840232750058,0.014607767308547327,1,Sideways,0,Sideways,0.7579303106983228,0.24188141918370293,0.00018827011675517957
2018-06-27,0.01624933938115871,0.01528565131114844,1,Sideways,1,Bull,0.23758896381254105,0.7622787444485781,0.00013229173750499204
2018-06-28,0.0028327355972384504,0.013899524368871034,1,Sideways,0,Sideways,0.7569489691592065,0.24297618123702724,7.484960318228677e-05
2018-06-29,0.0030412774846210818,0.01362001968548983,1,Sideways,1,Bull,0.2399384733252404,0.7600259968860861,3.5529790169342675e-05
2018-07-02,0.0026219300692180533,0.013641328357098753,1,Sideways,0,Sideways,0.7547055448859299,0.24523699913650424,5.7455978122739465e-05
2018-07-03,-0.001916591235873326,0.013285403432666792,1,Sideways,1,Bull,0.24212636742727947,0.7578380273581335,3.560521351572729e-05
2018-07-04,0.006623732429470646,0.013098970987667937,1,Sideways,0,Sideways,0.7526020772003316,0.24729318098195732,0.000104741818552697
2018-07-05,0.019018817367724185,0.013012028103801651,1,Sideways,1,Bull,0.24360469635309578,0.756060455981046,0.000334847664990089
2018-07-06,-0.0036708167068547053,0.011215236456347429,1,Sideways,0,Sideways,0.7453270834591854,0.2512248473500021,0.003448069189299943
2018-07-09,0.005241832166878416,0.01114229829998417,1,Sideways,1,Bull,0.23397428586857,0.7470760840166324,0.018949630113298196
2018-07-10,-0.030464609546997513,0.012809809785399064,0,Bear,2,Bear,0.004225278952859308,0.2409620105519882,0.75481271049556
2018-07-11,-0.0531697328679456,0.017101346348558182,0,Bear,2,Bear,0.00010465899828604614,0.003490363398340827,0.9964049776037697
2018-07-12,-0.019000859740243622,0.017288949611065065,0,Bear,2,Bear,0.00534851361588848,0.001384877190171903,0.9932666091950599
2018-07-13,0.00363739471635499,0.017337907332433775,1,Sideways,2,Bear,0.0052781204250942826,0.01007283686399669,0.984649042711649
2018-07-16,-0.0017111793452162314,0.017046503753860763,1,Sideways,2,Bear,0.013674238401695432,0.006862443714398733,0.9794633178823345
2018-07-17,0.020793186423285967,0.017399413885270623,1,Sideways,2,Bear,0.006233056104580467,0.015418939583230252,0.978348004310499
2018-07-18,0.007528088569151673,0.017508340060340567,1,Sideways,2,Bear,0.01514788166348753,0.007312111310201867,0.9775400070270347
2018-07-19,0.00734820506183604,0.017553675039756324,1,Sideways,2,Bear,0.005466571192863879,0.01613326904311302,0.9784001597627062
2018-07-20,0.011539258630548119,0.017658762127804668,1,Sideways,2,Bear,0.010896789087913885,0.0058413993844988275,0.9832618115286433
2018-07-23,0.012914450916852943,0.017354360449333615,1,Sideways,2,Bear,0.0001960726173104615,0.01130362661465951,0.9885003007675964
2018-07-24,-0.03384247786771113,0.018958749862688355,0,Bear,2,Bear,6.012435404225046e-06,0.00018284393374326557,0.9998111436311412
2018-07-25,0.03450746232602976,0.020240436333362376,2,Bull,2,Bear,2.763868871363394e-06,2.3956280982700295e-05,0.9999732798501229
2018-07-26,-0.005797468937773654,0.020261973368252667,0,Bear,2,Bear,2.1414009892271405e-05,5.0211672216055224e-05,0.9999283743168353
2018-07-27,0.008061959372965435,0.02034220238708143,2,Bull,2,Bear,3.053672177866308e-05,8.693071531902422e-05,0.9998825325623821
2018-07-30,0.005975712456021634,0.020382960774293767,2,Bull,2,Bear,2.96059662591482e-05,9.318728189207114e-05,0.9998772067501677
2018-07-31,0.008228509577699545,0.020467177659888106,2,Bull,2,Bear,2.6912339318732447e-05,8.631920392178675e-05,0.9998867684563827
2018-08-01,0.002661746322974592,0.02042073037068241,2,Bull,2,Bear,1.9971332219521743e-06,8.159597105743883e-05,0.9999164068956831
2018-08-02,-0.027821884226148865,0.02080589283324956,0,Bear,2,Bear,4.881876509867381e-07,5.1340316580281585e-06,0.9999943777814928
2018-08-03,0.011224708429361052,0.02102168564185362,2,Bull,2,Bear,4.907949116952681e-06,4.043669839998779e-05,0.999954655353947
2018-08-06,-0.015138517622150072,0.02116567479331982,0,Bear,2,Bear,2.1689643294200073e-05,2.335081459336444e-05,0.9999549595407113
2018-08-07,0.020879713082633655,0.020720545921084493,2,Bull,2,Bear,0.00023598385087820074,0.00033780947182910373,0.9994262066777079
2018-08-08,0.008418074090223838,0.01657351724785501,1,Sideways,2,Bear,0.0032549313377589176,0.0015534293843589494,0.9951916392796687
2018-08-09,0.0021755483592830077,0.015748530336135633,1,Sideways,2,Bear,0.0014114953169508811,0.004084036819836832,0.9945044678626784
2018-08-10,-0.023376585774120887,0.016904438988000335,0,Bear,2,Bear,0.00015964468425447024,0.0015107699259119711,0.9983295853906166
2018-08-13,-0.02403855349509815,0.017919816410681397,0,Bear,2,Bear,0.0002484413622208374,0.00020270829593809067,0.9995488503416462
2018-08-14,0.00788925335312057,0.0174181370563662,1,Sideways,2,Bear,1.902063479874427e-05,0.0006064592218312067,0.9993745201427133
2018-08-15,-0.034363897462834116,0.019031696913374082,0,Bear,2,Bear,8.468502577948234e-08,2.1358723265066708e-05,0.9999785565931162
2018-08-16,-0.035174934939976824,0.020363619906224702,0,Bear,2,Bear,6.878538316580199e-07,3.171038558084381e-06,0.9999961411087374
2018-08-17,0.018099447713074118,0.020665047225766273,2,Bull,2,Bear,0.00039109180833200044,0.0002468133475006918,0.9993620948439098
2018-08-20,0.016222034289811713,0.020811205151318787,2,Bull,2,Bear,0.002031402739308081,0.0021298858298808353,0.9958387114323226
2018-08-21,0.0,0.01948452124485933,2,Bull,2,Bear,0.01785470764733411,0.009954446198656007,0.9721908461550268
2018-08-22,0.0,0.017605691623505424,1,Sideways,2,Bear,0.039879941624799436,0.04074699495206579,0.9193730634231965
2018-08-23,0.0,0.01760135974278336,1,Sideways,2,Bear,0.06830450459120464,0.05435761994270155,0.8773378754651151
2018-08-24,0.0,0.017438209817984177,1,Sideways,2,Bear,0.07016952828728193,0.08224589007615907,0.847584581636758
2018-08-27,0.012101363719016189,0.017654884612670178,1,Sideways,2,Bear,0.09498144938121648,0.07824243258857248,0.8267761180306379
2018-08-28,0.02790222322555955,0.0188009067640151,2,Bull,2,Bear,0.08355335486732528,0.10406928625271106,0.8123773588805593
2018-08-29,-0.006264562055113857,0.01879993811413729,0,Bear,2,Bear,0.14205039164037342,0.1219441849502276,0.7360054234106471
2018-08-30,0.0,0.01779616613976643,1,Sideways,2,Bear,0.24143183255724096,0.19459401920076339,0.5639741482436459
2018-08-31,-0.005992388664668442,0.01760578916798275,0,Bear,0,Sideways,0.26332071091418335,0.30718195352484967,0.4294973355599668
2018-09-03,0.012775638153851911,0.01757687538627338,1,Sideways,1,Bull,0.40491713864613726,0.3100011181972255,0.285081743156762
2018-09-04,-0.00776357488054816,0.016929269409981105,0,Bear,0,Sideways,0.3581034360666451,0.46283743078170336,0.17905913314993432
2018-09-05,-0.004283313381332214,0.01677239087193722,0,Bear,1,Bull,0.5238825383021396,0.38664473761935914,0.08947272407881122
2018-09-06,-0.00029854228302125444,0.01674749005723682,1,Sideways,0,Sideways,0.40452448290204845,0.5528075098016878,0.042668007295818315
2018-09-07,0.005492493488609448,0.016068200803346123,1,Sideways,1,Bull,0.5682378930813735,0.4148101573299781,0.016951949588204264
2018-09-10,-0.017039762561653786,0.015607003731289964,0,Bear,0,Sideways,0.41163497079762995,0.5788021413555637,0.009562887847829844
2018-09-11,0.0075052276621977755,0.015596326563388557,1,Sideways,1,Bull,0.57898109180219,0.41871495781808565,0.0023039503783787627
2018-09-12,-0.0017517539123136142,0.013429776040190277,1,Sideways,0,Sideways,0.41471711045728865,0.5849276646351027,0.0003552249081604874
2018-09-13,0.023487201336172277,0.01133887552510729,1,Sideways,1,Bull,0.5807988904387853,0.41908273251899647,0.00011837704356350612
2018-09-14,0.0035987260087505927,0.010843292709339883,1,Sideways,0,Sideways,0.40851105608159255,0.5914523767458552,3.6567172577503284e-05
2018-09-17,-0.004356306579140873,0.010522641612440348,1,Sideways,1,Bull,0.5901239620087338,0.4098596327445884,1.640524785150222e-05
2018-09-18,0.005698822413827559,0.0105354978463801,1,Sideways,0,Sideways,0.39942154520819356,0.6005493579278729,2.9096862906573026e-05
2018-09-19,0.017932395477806326,0.011058011321551733,1,Sideways,1,Bull,0.5990498223317213,0.40091853774486114,3.163992281297873e-05
2018-09-20,-0.0050092770414887555,0.011195832412087808,1,Sideways,0,Sideways,0.385970256254433,0.6139771795777532,5.256416915001757e-05
2018-09-21,0.019238268729445923,0.011721724508060803,1,Sideways,1,Bull,0.6139494715065535,0.3860095135416661,4.10149523781031e-05
2018-09-24,0.015786789269238728,0.011881208604436503,1,Sideways,0,Sideways,0.3628381678769917,0.6370658860434185,9.594607929226956e-05
2018-09-25,-0.002563836678992418,0.01058236643206977,1,Sideways,1,Bull,0.63765435478669,0.36232904829263346,1.65969202883047e-05
2018-09-26,-0.0014472604682113466,0.01041851366629296,1,Sideways,0,Sideways,0.3452988990312796,0.6546607776147026,4.032335428873088e-05
2018-09-27,0.011529958725084614,0.010558888271943387,1,Sideways,1,Bull,0.6552486494497406,0.34473394187402373,1.7408677265869817e-05
2018-09-28,-0.0034136885897983926,0.010450430889567146,1,Sideways,0,Sideways,0.3242288932160738,0.675719600390007,5.150639223856146e-05
2018-10-01,-0.014304926121794306,0.010962109575085893,0,Bear,1,Bull,0.6769972716580104,0.32297086257407304,3.186576825620115e-05
2018-10-02,-0.003828183403225626,0.01080421924449846,1,Sideways,0,Sideways,0.29836864780224404,0.7015615001074827,6.985209114639089e-05
2018-10-03,-0.009959668960027016,0.011065905054628813,0,Bear,1,Bull,0.7035636939373062,0.2963849489570417,5.13571051656888e-05
2018-10-04,-0.02808027821812283,0.012987995870212765,0,Bear,0,Sideways,0.2689498856249274,0.7300986958016727,0.0009514185729730795
2018-10-05,0.004083877919308906,0.012965728317722771,1,Sideways,1,Bull,0.7303876261324039,0.2695109336438274,0.00010144022298599157
2018-10-08,0.012607231113764392,0.01249846001238042,1,Sideways,0,Sideways,0.2573553384640071,0.742575376229814,6.928530520404448e-05
2018-10-09,0.006685090503007406,0.012481947650530428,1,Sideways,1,Bull,0.7416393364265439,0.2583066715724142,5.399200057021813e-05
2018-10-10,-0.023970087086278572,0.013782236690462218,0,Bear,0,Sideways,0.24733144438105262,0.752289664536961,0.00037889108344239044
2018-10-11,0.003243344092433069,0.012763927135715817,1,Sideways,1,Bull,0.7496848427247791,0.2502436583288623,7.1498945997531e-05
2018-10-12,0.019957286841422762,0.013497998261409579,1,Sideways,0,Sideways,0.24440570989257102,0.7555044431932448,8.984691401432765e-05
2018-10-15,0.020215884581114296,0.014090894005508541,1,Sideways,1,Bull,0.7505042027775313,0.2493504481805507,0.00014534904164315157
2018-10-16,-0.0016732777630619356,0.014091527656057512,1,Sideways,0,Sideways,0.24342759489935425,0.7564958302324345,7.657486953162502e-05
2018-10-17,0.005313563311412682,0.013607815803887252,1,Sideways,1,Bull,0.7538844205149358,0.24605016920533024,6.541027824834887e-05
2018-10-18,-0.015648481526300984,0.014064464389714804,0,Bear,0,Sideways,0.2397034442404172,0.760146818459534,0.00014973730080148755
2018-10-19,-0.010307988553778754,0.013556040668228433,0,Bear,1,Bull,0.7566801852442772,0.24318721955284903,0.00013259520206714513
2018-10-22,-0.018551665948034354,0.013520697461996902,0,Bear,0,Sideways,0.23773406906705943,0.762082372082967,0.00018355884870364028
2018-10-23,-0.01289092738962024,0.013718780804076852,0,Bear,1,Bull,0.7574105418881842,0.24238727082511274,0.0002021872878909481
2018-10-24,-0.008345553979997006,0.013763749015203117,0,Bear,0,Sideways,0.23791535163887878,0.7618668243283983,0.00021782403161024752
2018-10-25,0.011322856853491856,0.013752024451808325,1,Sideways,1,Bull,0.7570556974691461,0.24193864451527833,0.0010056580167405336
2018-10-26,-0.03479888733501655,0.01544312131823928,0,Bear,0,Sideways,0.23368995572697793,0.7620232426724096,0.004286801600985901
2018-10-29,0.0,0.01531763214106624,1,Sideways,1,Bull,0.7495762619488182,0.24893278645916242,0.0014909515904552146
2018-10-30,-0.005999663835653711,0.015322319640932312,0,Bear,0,Sideways,0.2497395029681798,0.7497300567121898,0.0005304403190388592
2018-10-31,0.0022286351978866204,0.015329420320859046,1,Sideways,1,Bull,0.7352964735818971,0.2640888076782453,0.0006147187388402396
2018-11-01,0.02395341519313397,0.015394699412237658,1,Sideways,0,Sideways,0.2642189077671302,0.7352142401168458,0.0005668521168710956
2018-11-02,0.018611753485771945,0.015985029451577,1,Sideways,1,Bull,0.7078044230923356,0.2905230652184089,0.0016725116888927994
2018-11-05,0.019200861369232342,0.016331702095524495,1,Sideways,0,Sideways,0.29167047833004967,0.7070310578404765,0.0012984638278375914
2018-11-06,-0.012796807878441814,0.01648767267070574,0,Bear,1,Bull,0.6787332908566811,0.318507399605049,0.002759309539470635
2018-11-07,0.008049612665409649,0.015679398811034473,1,Sideways,0,Sideways,0.3210259049749209,0.6773993784612808,0.0015747165638693146
2018-11-08,-0.02102829597163049,0.016383792226484277,0,Bear,1,Bull,0.6510803213535334,0.3448788918423795,0.004040786803207081
2018-11-09,-0.007158799350649022,0.0156954158269529,0,Bear,0,Sideways,0.3466965880887971,0.6516532745853387,0.0016501373245482085
2018-11-12,-0.01512796059033621,0.015036517487112027,0,Bear,1,Bull,0.6362753266804334,0.3624748971905049,0.0012497761274185449
2018-11-13,0.013720196736869115,0.01553584014385461,1,Sideways,0,Sideways,0.36233162255010826,0.6372360407929294,0.00043233665768905856
2018-11-14,0.006221710534984265,0.015562760382353658,1,Sideways,1,Bull,0.622516990020585,0.3771111989160944,0.00037181106174332285
2018-11-15,0.0001029121556683093,0.015283288441337079,1,Sideways,0,Sideways,0.3770478556085801,0.6227726994852537,0.00017944490612452297
2018-11-16,0.003420816481540545,0.015207118711866262,1,Sideways,1,Bull,0.6083313756992844,0.39107338884873594,0.0005952354523465045
2018-11-19,0.01014316344798605,0.014862743785597834,1,Sideways,0,Sideways,0.3904432691283087,0.6086442002360766,0.0009125306357507141
2018-11-20,-0.030975761107135992,0.016176612333011094,0,Bear,1,Bull,0.5858506766296133,0.4059296704258198,0.008219652944572301
2018-11-21,0.011080706554218273,0.016292789109418015,1,Sideways,0,Sideways,0.40454699519741794,0.5922965146878661,0.0031564901133747103
2018-11-22,-0.0008546564341837869,0.016073778753020098,1,Sideways,1,Bull,0.5877869034485792,0.4111394870680478,0.001073609484145749
2018-11-23,0.0040348841124046375,0.013927450068583154,1,Sideways,0,Sideways,0.40797520327020903,0.5918342128950744,0.00019058383492330348
2018-11-26,0.010259718574404051,0.014063724733517639,1,Sideways,1,Bull,0.5859753662662484,0.4139273461429144,9.728759101298124e-05
2018-11-27,-0.00475146761961532,0.014029765683150047,1,Sideways,0,Sideways,0.4096528846504305,0.5902780106689949,6.910468230076716e-05
2018-11-28,0.005906586243132453,0.014058145167272735,1,Sideways,1,Bull,0.5850717560784812,0.4148638831052133,6.436081779974441e-05
2018-11-29,0.011148259300393844,0.013280603634687938,1,Sideways,0,Sideways,0.4104353440667831,0.589519952089632,4.470384237324979e-05
2018-11-30,0.00304816319235249,0.012664401289992232,1,Sideways,1,Bull,0.5836477391759751,0.41631307944917234,3.91813763328067e-05
2018-12-03,-0.0046378464362424945,0.011930283538057487,1,Sideways,0,Sideways,0.41258808354071347,0.5873843699124239,2.7546547971395842e-05
2018-12-04,-0.011585737404093015,0.011867545295448388,0,Bear,1,Bull,0.5815370369298914,0.4184134699418391,4.9493126566859405e-05
2018-12-05,0.0009550547646978269,0.011705058776088554,1,Sideways,0,Sideways,0.4141008464998621,0.5858745726663169,2.458083433238711e-05
2018-12-06,-0.012236950004019158,0.01105246812168198,0,Bear,1,Bull,0.5808114284902609,0.4191497834413902,3.8788070139284174e-05
2018-12-07,0.009352108805401325,0.011134579888732664,1,Sideways,0,Sideways,0.41407382410973964,0.5859007994990842,2.5376390845085628e-05
2018-12-10,-0.01583667258680313,0.011187803789437567,0,Bear,1,Bull,0.5808971956253038,0.4190491060282012,5.369834824631399e-05
2018-12-11,-0.004634146707186902,0.010785440017236261,1,Sideways,0,Sideways,0.4132464268074028,0.5867245379773799,2.90352164784632e-05
2018-12-12,-0.01924476717715479,0.011434840708093814,0,Bear,1,Bull,0.5829613317575931,0.4169622445494678,7.642369422548942e-05
2018-12-13,0.014720493122159213,0.012013069625593726,1,Sideways,0,Sideways,0.4084030079847851,0.5915435453360671,5.344667786477726e-05
2018-12-14,-0.009431969711857623,0.01210561732786906,0,Bear,1,Bull,0.5882901267367564,0.41166966605756933,4.020720524804024e-05
2018-12-17,-0.006279532461822121,0.011815141637274975,1,Sideways,0,Sideways,0.4046865599386754,0.5952767622763885,3.6677783452720696e-05
2018-12-18,0.012287221057552616,0.010173248598146674,1,Sideways,1,Bull,0.5922874051366996,0.4076910734754402,2.1521388456599477e-05
2018-12-19,0.01610471493995614,0.010525880057335176,1,Sideways,0,Sideways,0.3992063751389572,0.6007577745004318,3.585036155067577e-05
2018-12-20,-0.007576762197799396,0.010658279291310167,1,Sideways,1,Bull,0.5971818696129428,0.40279421762123496,2.391276456640326e-05
2018-12-21,7.289111860820905e-05,0.01060782245361286,1,Sideways,0,Sideways,0.3966331889558032,0.6033465279794381,2.0283065008658804e-05
2018-12-24,-0.0036414773875159258,0.010308774104673308,1,Sideways,1,Bull,0.5999889506211251,0.3999930462265776,1.800315340720279e-05
2018-12-26,-0.005749210095313743,0.01032868410102983,1,Sideways,0,Sideways,0.3937854417454979,0.6061928033774254,2.1754876043203686e-05
2018-12-27,-0.0003011240724692627,0.010191086827651089,1,Sideways,1,Bull,0.6027959931149005,0.3971874790175118,1.6527868233023877e-05
2018-12-28,-0.005947853003628035,0.009767211869147726,1,Sideways,0,Sideways,0.3910790937808681,0.6089007724087709,2.013380989707389e-05
2018-12-31,0.00919298414013098,0.010044564251112376,1,Sideways,1,Bull,0.6054384693469081,0.39453294875434236,2.8581896962141507e-05
2019-01-02,-0.026709257443356175,0.01143966213822965,0,Bear,0,Sideways,0.38741739686939014,0.6123610683501378,0.00022153478137058383
2019-01-03,-0.016634580784536817,0.011684643986774136,0,Bear,1,Bull,0.6053617908613086,0.3945213857665385,0.00011682337227923076
2019-01-04,0.01624960508154492,0.012470900869176202,1,Sideways,0,Sideways,0.3904524390693913,0.6094964665505712,5.109437904388707e-05
2019-01-07,0.012532754158781717,0.012713253551473796,1,Sideways,1,Bull,0.6020236722802421,0.39792067462250114,5.565309777423097e-05
2019-01-08,0.00825805028933463,0.012666033328568424,1,Sideways,0,Sideways,0.39444272491358184,0.6055272886079063,2.998648008013891e-05
2019-01-09,0.005057943070741584,0.012288513823005762,1,Sideways,1,Bull,0.5989019936193573,0.4010616483227262,3.635805852305682e-05
2019-01-10,0.00043217784228300875,0.01225278998694205,1,Sideways,0,Sideways,0.3977959357145077,0.6021807163572362,2.3347928244975166e-05
2019-01-11,0.005366218981535582,0.011463669839097058,1,Sideways,1,Bull,0.595858820511583,0.40411330307504806,2.7876412305363095e-05
2019-01-14,0.003992639754725529,0.011025583579016512,1,Sideways,0,Sideways,0.4006070408063555,0.5993755822904607,1.737690229127563e-05
2019-01-15,0.012087951476141385,0.011069281497802407,1,Sideways,1,Bull,0.5931926943647512,0.4067723642393584,3.494139542459021e-05
2019-01-16,0.023737933516560096,0.011966222316180926,1,Sideways,0,Sideways,0.4023205919764285,0.5976104613798895,6.894664429322592e-05
2019-01-17,0.01462764982684363,0.012073400057426353,1,Sideways,1,Bull,0.5873394645361091,0.4125953997044648,6.513575819515444e-05
2019-01-18,0.016771809004295233,0.012112200843701045,1,Sideways,0,Sideways,0.41013719301439183,0.5898262062468181,3.660073936829694e-05
2019-01-21,-0.0050883183129441295,0.012009192029813143,1,Sideways,1,Bull,0.5787210850019207,0.4212221370170211,5.677797965136957e-05
2019-01-22,0.01742569333967865,0.012390983335744574,1,Sideways,0,Sideways,0.4200476705185796,0.5799166318995719,3.5697581102180197e-05
2019-01-23,0.004643233133116082,0.012256912259452215,1,Sideways,1,Bull,0.5641265543737896,0.435808676321172,6.476930483295784e-05
2019-01-24,0.016178456809859278,0.012272825637523238,1,Sideways,0,Sideways,0.43584845472162664,0.5641211727495873,3.0372529357210918e-05
2019-01-25,0.00026623760196115226,0.012259130958142203,1,Sideways,1,Bull,0.5431444587388399,0.4567744251738013,8.111608718514024e-05
2019-01-28,-0.00503813529154817,0.012215553137974813,1,Sideways,0,Sideways,0.45799056175802,0.5419807403168827,2.869792544038755e-05
2019-01-29,0.027350914621525724,0.013131779533177249,1,Sideways,1,Bull,0.5204430663123487,0.4792466020226268,0.0003103316663284079
2019-01-30,0.0008747657383127691,0.010669709312629545,1,Sideways,0,Sideways,0.4774381657234969,0.5225336782457463,2.815603046866187e-05
2019-01-31,-0.0011073292109812745,0.009257843500451064,1,Sideways,1,Bull,0.5136374911901754,0.4863398593012497,2.2649507793401853e-05
2019-02-01,-0.010986015604064259,0.010061883977456764,0,Bear,0,Sideways,0.484359959215081,0.5156205813482926,1.945943745945973e-05
2019-02-04,-0.006648388927650728,0.010450445922171198,1,Sideways,1,Bull,0.5057388283348976,0.49422796974734573,3.320191615138576e-05
2019-02-05,0.001889534674494728,0.010488134192415462,1,Sideways,0,Sideways,0.4925286591590293,0.5074576245316695,1.3716309856476207e-05
2019-02-06,0.001325658056169592,0.010540569707885536,1,Sideways,1,Bull,0.49775539604069424,0.5022175228538084,2.708110676873408e-05
2019-02-07,0.0019447593134858106,0.010504599263189023,1,Sideways,0,Sideways,0.5005278092470001,0.49945848317765484,1.3707574132593636e-05
2019-02-08,-0.003238246412710878,0.010705375295674988,1,Sideways,1,Bull,0.48970881797241517,0.5102590484382427,3.213359038310941e-05
2019-02-11,0.018787591697490325,0.011096097213185734,1,Sideways,0,Sideways,0.5085898797733472,0.4913776283264295,3.249190126533328e-05
2019-02-12,-0.0060743267350396165,0.011337226671009165,1,Sideways,1,Bull,0.4761154325361469,0.5238179304106629,6.663705190984482e-05
2019-02-13,-0.02061039527266068,0.01188201313315363,0,Bear,0,Sideways,0.523701719440519,0.47622013993032075,7.814063045633211e-05
2019-02-14,0.004752236269345554,0.011581992562426462,1,Sideways,1,Bull,0.4536565051324956,0.5462733108651345,7.018400367149943e-05
2019-02-15,0.005711657746586689,0.01112844772505018,1,Sideways,0,Sideways,0.5476515440330973,0.45233283067964936,1.5625288645059894e-05
2019-02-18,-0.00965064499342629,0.011328895697075497,0,Bear,1,Bull,0.4293939410722788,0.5705191204590131,8.6938469050237e-05
2019-02-19,0.00013372750871253164,0.010724553859045301,1,Sideways,0,Sideways,0.5718350227054593,0.42815048835772557,1.4488937965607857e-05
2019-02-20,0.002250165415291541,0.010695373817378106,1,Sideways,1,Bull,0.4069017296388479,0.5930489861246597,4.9284237133117726e-05
2019-02-21,0.005112757136080581,0.010135261994163031,1,Sideways,0,Sideways,0.5943129571247139,0.40567504449631187,1.199837917743988e-05
2019-02-22,0.006726164316490254,0.01023481943115541,1,Sideways,1,Bull,0.3837043926061019,0.6162477612018638,4.784619066021542e-05
2019-02-25,0.011029662207504393,0.010392150610523017,1,Sideways,0,Sideways,0.61744111693259,0.38254344852416294,1.543454229363798e-05
2019-02-26,0.0071838370133321195,0.008567936369811938,1,Sideways,1,Bull,0.3583319345990316,0.6416257913162062,4.2274083062277477e-05
2019-02-27,-0.008997998919730316,0.00882399185223252,1,Sideways,0,Sideways,0.6431793952706243,0.3568077643197842,1.284040845510094e-05
2019-02-28,0.0037273438913407787,0.008858885290121573,1,Sideways,1,Bull,0.3334186405666238,0.6665410847542266,4.0274679585173564e-05
2019-03-01,-0.012159162655067866,0.008940486164069478,0,Bear,0,Sideways,0.6682099956206673,0.3317736830192479,1.6321358755173103e-05
2019-03-04,0.008933850338041102,0.008994752519882866,1,Sideways,1,Bull,0.30639903293657805,0.6935541323993355,4.683466364745779e-05
2019-03-05,-0.004450652551644024,0.00907088942678195,1,Sideways,0,Sideways,0.695241851972102,0.3047467028205311,1.144520857841081e-05
2019-03-06,-0.0026807094352328505,0.009098724788784218,1,Sideways,1,Bull,0.28215622813051494,0.7178021535924802,4.1618277905745725e-05
2019-03-07,-0.011375914738896315,0.009461661902096978,0,Bear,0,Sideways,0.7195632382938968,0.28041907105051417,1.7690656456574482e-05
2019-03-08,-0.007304489920474182,0.009572417830445363,1,Sideways,1,Bull,0.25536425632352616,0.7445801516777629,5.5591997852517226e-05
2019-03-11,-0.006797840201325104,0.008518049772160084,1,Sideways,0,Sideways,0.7466802658858442,0.2533075273601607,1.2206753898013907e-05
2019-03-12,0.008596539881428054,0.008752448837186665,1,Sideways,1,Bull,0.22851691173445443,0.7714400879757953,4.300028906109525e-05
2019-03-13,0.00466362424868347,0.007506990382855442,1,Sideways,0,Sideways,0.7732536157539458,0.22673651254781493,9.87169687569264e-06
2019-03-14,0.0023036308344340584,0.007449795593531062,1,Sideways,1,Bull,0.20361590755177647,0.7963501519614645,3.3940485547789994e-05
2019-03-15,0.008475035294428687,0.007582855594315814,1,Sideways,0,Sideways,0.7983444175649936,0.20164430411160747,1.1278323937392416e-05
2019-03-18,0.012415886598709151,0.007665875503774115,1,Sideways,1,Bull,0.17592806053121152,0.8240249237350273,4.701573412825393e-05
2019-03-19,0.0025483490880476517,0.00766407491406325,1,Sideways,0,Sideways,0.8257646449710837,0.1742228581488341,1.2496880061851136e-05
2019-03-20,-0.014905154123814969,0.008492154787185213,0,Bear,1,Bull,0.15309611569793935,0.846737636658377,0.00016624764452912466
2019-03-21,0.0009442403491317035,0.008427827880088274,1,Sideways,0,Sideways,0.8474789407652149,0.15177490507944946,0.0007461541566680906
2019-03-22,-0.03515854836562239,0.011447548655660542,0,Bear,1,Bull,0.10373136548798687,0.865254968974164,0.03101366553940334
2019-03-25,-0.005115486608516076,0.011069326584491954,1,Sideways,0,Sideways,0.8528042035386635,0.10517782220657224,0.04201797425652335
2019-03-26,-0.019799892787688816,0.011469541325395481,0,Bear,1,Bull,0.002751992052628493,0.8576932240116389,0.13955478393529225
2019-03-27,-0.058394110069003025,0.016749356002056567,0,Bear,2,Bear,0.00012752985858140633,0.0018528307316546535,0.9980196394085575
2019-03-28,0.0028829869777968592,0.016723857797716957,1,Sideways,2,Bear,0.004559982319768545,0.0024346005961927326,0.9930054170825721
2019-03-29,0.017901006110280403,0.017503946806620835,1,Sideways,2,Bear,0.0032298636737679402,0.005396021181289707,0.9913741151458458
2019-04-01,0.0033755031076510736,0.01731727735793445,1,Sideways,2,Bear,0.004342969462175549,0.00424968692122637,0.9914073436148619
2019-04-02,-0.006056451603349493,0.017317861082940707,0,Bear,2,Bear,0.0031879812477057998,0.004637209575325103,0.992174809175392
2019-04-03,0.009660979765710006,0.01762848235884529,1,Sideways,2,Bear,0.00025626736763575313,0.00355811600205772,0.9961856166318009
2019-04-04,0.04042300968453063,0.020192562739245523,2,Bull,2,Bear,9.046733375320063e-06,0.000250256746786302,0.9997406965185611
2019-04-05,0.0045301636158999814,0.020201322251305075,2,Bull,2,Bear,1.1166264176195286e-05,7.60450098607911e-05,0.9999127887254685
2019-04-08,-0.018442268877884343,0.020530942279427093,0,Bear,2,Bear,3.849003040434656e-06,2.425930238418057e-05,0.9999718916936741
2019-04-09,0.011859903965137872,0.020631953955309947,2,Bull,2,Bear,8.049748481393328e-06,5.3656722932121856e-05,0.9999382935287804
2019-04-10,-0.01148153385607798,0.02068176770458562,0,Bear,2,Bear,4.1716251165813704e-06,3.078966532440237e-05,0.9999650387107774
2019-04-11,-0.009757383871089481,0.020707034701133328,0,Bear,2,Bear,8.340700894765728e-06,3.012636140218788e-05,0.9999615329375071
2019-04-12,-0.0010017393981470181,0.02053340156175803,2,Bull,2,Bear,1.5122147426838436e-05,5.5910287269823e-05,0.9999289675670142
2019-04-15,-0.008213799809114264,0.020197772631131584,0,Bear,2,Bear,1.9724629540492862e-05,5.685658935751448e-05,0.9999234187819712
2019-04-16,0.01684727385239078,0.020714678436820243,2,Bull,2,Bear,1.9380074381272355e-05,8.431559452170676e-05,0.999896304332486
2019-04-17,0.014298803614874128,0.020933292778648513,2,Bull,2,Bear,0.00023611513187507348,9.00391750099125e-05,0.9996738456919877
2019-04-18,-0.013498612060641502,0.021055717934524296,0,Bear,2,Bear,0.0003383064817166664,0.0011080467863048486,0.9985536467330176
2019-04-19,-0.0002590767607516819,0.01967352306086926,2,Bull,2,Bear,0.023155278388614736,0.003937998193693496,0.9729067234172246
2019-04-22,-0.0094246716795922,0.01973855321053539,0,Bear,2,Bear,0.018746046685882145,0.05964275400852873,0.9216111993066185
2019-04-23,0.0,0.019275523180110294,2,Bull,2,Bear,0.3259411744873596,0.06475071538247203,0.6093081101305367
2019-04-24,0.0019718696994529836,0.013688688399171223,1,Sideways,1,Bull,0.21326410868538315,0.6650563573182942,0.1216795339967954
2019-04-25,-0.01724436017442281,0.014365230834590166,0,Bear,0,Sideways,0.7339801788652182,0.2260022005761126,0.040017620559223636
2019-04-26,0.0030071866760557485,0.01383417854483143,1,Sideways,1,Bull,0.2220218727676857,0.7710124025261227,0.0069657247069357785
2019-04-29,-0.0026199224276876373,0.013834225619070339,1,Sideways,0,Sideways,0.7763701704961696,0.2227969861294665,0.0008328433733787229
2019-04-30,0.009270870072516195,0.013892070162512603,1,Sideways,1,Bull,0.21060132952458732,0.789175302171804,0.00022336830320542625
2019-05-01,0.0,0.013742083912526,1,Sideways,0,Sideways,0.7889792953519486,0.21096331248131886,5.73921651632216e-05
2019-05-02,-0.013040617366603027,0.010351854079012002,0,Bear,1,Bull,0.19977848751325727,0.800174122071487,4.739041399193534e-05
2019-05-03,-0.0024802819564399684,0.010231389292878404,1,Sideways,0,Sideways,0.7995302917985335,0.2004531899264136,1.651827411121589e-05
2019-05-06,-0.010312051216859304,0.009713478961492166,0,Bear,1,Bull,0.1907158129195837,0.8092544013114311,2.978576908570657e-05
2019-05-07,-0.016261460306698908,0.009620672730947084,0,Bear,0,Sideways,0.8084333827486777,0.19153270505835346,3.391219405544697e-05
2019-05-08,-0.013318113262082697,0.009709124046403039,0,Bear,1,Bull,0.18008466269549375,0.8198720735932874,4.3263710566655424e-05
2019-05-09,-0.017728635290299232,0.010129617482346793,0,Bear,0,Sideways,0.8194021070179105,0.18055400371066,4.388926983276856e-05
2019-05-10,-0.0017210686250313074,0.010119682277241604,1,Sideways,1,Bull,0.16728019486351875,0.8326766930415824,4.311209627230055e-05
2019-05-13,-0.025753050625005436,0.011202759847098953,0,Bear,0,Sideways,0.8329817863953403,0.1668460272948376,0.0001721863091732967
2019-05-14,0.019970167876446437,0.0115387481894325,1,Sideways,1,Bull,0.1411713334559991,0.8586929041639757,0.0001357623788515328
2019-05-15,-0.007325962084060849,0.010637073541660635,1,Sideways,0,Sideways,0.8598566439318175,0.14011950479097487,2.3851277172815836e-05
2019-05-16,-0.0020219740392207848,0.010510895832420297,1,Sideways,1,Bull,0.12357321715799346,0.8763890969563488,3.7685884802065514e-05
2019-05-17,-0.004687322943455682,0.010446348105865397,1,Sideways,0,Sideways,0.8776805471760097,0.1223031385087676,1.6314314755148072e-05
2019-05-20,-0.0002834319022492275,0.010464910044642268,1,Sideways,1,Bull,0.10546581901985244,0.8944951920467854,3.8988934136158834e-05
2019-05-21,-0.016991274686677826,0.010721708515860347,0,Bear,0,Sideways,0.8958934644549952,0.10405627616251915,5.025938261967609e-05
2019-05-22,-0.01934321101783031,0.010957094195600803,0,Bear,1,Bull,0.08196497278037687,0.9178865642999718,0.00014846292043396662
2019-05-23,0.010945483421249933,0.011367812147032155,1,Sideways,0,Sideways,0.91933812116285,0.08063117526352129,3.070357256580271e-05
2019-05-24,0.017298368576528972,0.0123405411527431,1,Sideways,1,Bull,0.06225089625895421,0.9376632897860379,8.58139555666765e-05
2019-05-27,-0.00614042304996796,0.012332610630916438,1,Sideways,0,Sideways,0.9387564745662349,0.06120868808704798,3.483734817204137e-05
2019-05-28,0.01430132441213401,0.012685159781827457,1,Sideways,1,Bull,0.04782430037642935,0.952109407373447,6.629225085519222e-05
2019-05-29,0.004698610789038656,0.012820444547686112,1,Sideways,0,Sideways,0.9528841093641637,0.04704924733008045,6.664330472843514e-05
2019-05-30,0.03189143217857576,0.014998662637081042,1,Sideways,1,Bull,0.03576949603953978,0.963804926816114,0.00042557714421060966
2019-05-31,0.006401874409732892,0.015122880002155007,1,Sideways,0,Sideways,0.96342042012371,0.03642585205702793,0.00015372781939783958
2019-06-03,-0.0026981949242263314,0.014993106419810602,1,Sideways,1,Bull,0.03256173111607211,0.9673541120288006,8.415685486754707e-05
2019-06-04,0.0,0.014582241964131845,1,Sideways,0,Sideways,0.9669208462508041,0.03300534290222342,7.381084586348565e-05
2019-06-05,0.0,0.01427291863305548,1,Sideways,1,Bull,0.02902697366819742,0.9709186165246452,5.440980661613431e-05
2019-06-06,0.0,0.013648110254351264,1,Sideways,0,Sideways,0.9704805378332191,0.029330934063048573,0.00018852810451272113
2019-06-07,0.03761956240883514,0.015896192296077274,1,Sideways,1,Bull,0.024814353124841575,0.9745984790073757,0.0005871678667609959
2019-06-10,0.0031291427451876136,0.01439805665516377,1,Sideways,0,Sideways,0.9720482378380302,0.02776380138935244,0.00018796077434089906
2019-06-11,-0.013668559565739596,0.014440593412122596,0,Bear,1,Bull,0.027059615068617527,0.9728438147202985,9.65702106370633e-05
2019-06-12,-0.002370633808994514,0.01430215486567921,1,Sideways,0,Sideways,0.9693824443648591,0.030389246491954687,0.00022830914211428524
2019-06-13,-0.02298537056987306,0.01540762584818634,0,Bear,1,Bull,0.02973116593254666,0.970030017836952,0.00023881623098092434
2019-06-14,0.003149673587257796,0.015331929870991391,1,Sideways,0,Sideways,0.9643064952536419,0.03547191404234616,0.0002215907053827561
2019-06-17,0.015984019428864522,0.015619389325509374,1,Sideways,1,Bull,0.035498634848425296,0.9643984607255457,0.00010290442591123587
2019-06-18,0.0211185696211181,0.015366912971979384,1,Sideways,0,Sideways,0.9569111728640366,0.042773712307791645,0.00031511482977647655
2019-06-19,0.0002695159329473603,0.014324365799226663,1,Sideways,1,Bull,0.04236091791376533,0.9575702740017382,6.880808584956344e-05
2019-06-20,-0.0009171433447135288,0.014352081091409334,1,Sideways,0,Sideways,0.9532393803893803,0.04667348174898704,8.713786237586712e-05
2019-06-21,-0.001439059737600711,0.014141370578023974,1,Sideways,1,Bull,0.04604778417827302,0.9539264088916967,2.5806930043718634e-05
2019-06-24,0.012264102888977833,0.014016460998843192,1,Sideways,0,Sideways,0.9496982193171366,0.05022345542118187,7.832526123868255e-05
2019-06-25,0.0025036255812039953,0.013866814747575687,1,Sideways,1,Bull,0.04913845922867142,0.9508383118259746,2.3228946158806304e-05
2019-06-26,-0.006201213734250091,0.014081371381819368,0,Bear,0,Sideways,0.9474181118116336,0.052506522650214535,7.536553838756337e-05
2019-06-27,0.007792914322412067,0.01253331517911313,1,Sideways,1,Bull,0.05123568944801233,0.9487476628469962,1.6647706437399953e-05
2019-06-28,0.009499261717027334,0.012596570905588696,1,Sideways,0,Sideways,0.9452884272723948,0.05462776464304532,8.380808495073738e-05
2019-07-01,0.033132977820699266,0.01417039609384412,1,Sideways,1,Bull,0.05305198045116783,0.9468133701538277,0.00013464939348575996
2019-07-02,0.004654521398756793,0.014123066560310898,1,Sideways,0,Sideways,0.9366248271580336,0.06324704181173954,0.00012813103128095588
2019-07-03,-0.008395335866902122,0.01440694025821384,0,Bear,1,Bull,0.06379453484664098,0.9361657088772216,3.9756276804101996e-05
2019-07-04,0.00019022003146780244,0.014403696957288869,1,Sideways,0,Sideways,0.9256153712260834,0.07427192124562579,0.00011270752729607694
2019-07-05,0.0025384310322565454,0.012152479283276275,1,Sideways,1,Bull,0.07483661230343089,0.9251498022846699,1.3585411204788411e-05
2019-07-08,-0.009473193886537943,0.012468718489449053,0,Bear,0,Sideways,0.9145910208331997,0.08530384348528505,0.00010513568210244786
2019-07-09,-0.01927560655240147,0.012904045654833817,0,Bear,1,Bull,0.0855670342787254,0.9143799601743097,5.300554757714205e-05
2019-07-10,0.018159472923995508,0.013338777352681398,1,Sideways,0,Sideways,0.9004207653560486,0.09943044043249422,0.00014879421255148718
2019-07-11,0.00829437691164073,0.011868504018881489,1,Sideways,1,Bull,0.09955729740950948,0.9004158213314594,2.6881259226623564e-05
2019-07-12,-0.023492685991004965,0.013441687593070635,0,Bear,0,Sideways,0.8897435633165841,0.10980113166799486,0.0004553050138850189
2019-07-15,0.0,0.013123025268243195,1,Sideways,1,Bull,0.10877812919112208,0.891157167298544,6.470351177396231e-05
2019-07-16,0.009534375413353616,0.012501792068550312,1,Sideways,0,Sideways,0.8855659508915732,0.11438138401710068,5.2665091155794906e-05
2019-07-17,0.017972064012217636,0.012991257410594922,1,Sideways,1,Bull,0.11273240463222525,0.887238729918107,2.8865450433674354e-05
2019-07-18,0.017481526455289283,0.013355499222942319,1,Sideways,0,Sideways,0.8799590639459113,0.11994226612887203,9.866992660449807e-05
2019-07-19,0.002781435302933406,0.013301812964022719,1,Sideways,1,Bull,0.11823631431578278,0.8817368846392474,2.6801044287316635e-05
2019-07-22,-0.007494899091347355,0.013389049351139262,0,Bear,0,Sideways,0.8767888091942544,0.1231365961649781,7.459464215661363e-05
2019-07-23,0.01441253650749181,0.013628016465884548,1,Sideways,1,Bull,0.12118045690362302,0.8787858310142381,3.3712082992486234e-05
2019-07-24,0.008748059526522103,0.013470889289305272,1,Sideways,0,Sideways,0.8728558876521701,0.12706888856151188,7.522378567067359e-05
2019-07-25,-0.013745074549763148,0.014030692528526605,0,Bear,1,Bull,0.1254142883918342,0.8745274421929646,5.8269415861784754e-05
2019-07-26,0.0077331821654219235,0.013994977094027675,1,Sideways,0,Sideways,0.8680982533468984,0.13182665079859812,7.509585504245151e-05
2019-07-29,0.005197654677334378,0.012117052125518245,1,Sideways,1,Bull,0.13043593127119496,0.8695484800423396,1.5588685153116107e-05
2019-07-30,-0.006668042456718391,0.012240104305060595,1,Sideways,0,Sideways,0.8634403622544929,0.13651088549586768,4.8752250338642004e-05
2019-07-31,-0.005895375007852314,0.012149116663308455,1,Sideways,1,Bull,0.13501014215422824,0.8649729217467109,1.6936099517402472e-05
2019-08-01,-0.0017864561821769925,0.012167074376369985,1,Sideways,0,Sideways,0.8590247483625102,0.14091624417688944,5.9007459845339174e-05
2019-08-02,-0.022035829365452973,0.013225065685726619,0,Bear,1,Bull,0.13932397214316136,0.8605842267612637,9.180109477162051e-05
2019-08-05,-0.010144670658839717,0.013251266735354195,0,Bear,0,Sideways,0.8508000142029851,0.14908208691252434,0.0001178988826836866
2019-08-06,0.009185136924826776,0.012585036569067457,1,Sideways,1,Bull,0.14857397176484768,0.8514028967165812,2.3131517936746927e-05
2019-08-07,-0.015455626428468575,0.012474836126814302,0,Bear,0,Sideways,0.84157374267171,0.15830320644065682,0.00012305088594799236
2019-08-08,0.011679872523636739,0.012619282804141766,1,Sideways,1,Bull,0.15734158154107464,0.8426340614551389,2.4357004126987296e-05
2019-08-09,0.0019786941350619634,0.01135625268163061,1,Sideways,0,Sideways,0.8335916266464897,0.1663718437648723,3.65295869012769e-05
2019-08-12,0.0,0.01135625268163061,1,Sideways,1,Bull,0.1657213041019544,0.8342693410347294,9.354863839144283e-06
2019-08-13,0.0,0.011185660083115619,1,Sideways,0,Sideways,0.8254028402322693,0.17456194559136454,3.52141768378244e-05
2019-08-14,0.0,0.010420568183612906,1,Sideways,1,Bull,0.17381109622470356,0.8261753951536221,1.3508620091809906e-05
2019-08-15,-0.028844223195699726,0.011386970484149678,0,Bear,0,Sideways,0.8170304889892932,0.18254446820094453,0.0004250428097450195
2019-08-16,-0.008782609461481622,0.011397324644103377,0,Bear,1,Bull,0.1787949890965167,0.8211429971250394,6.201377988558742e-05
2019-08-19,-0.004690611571414167,0.011357538164087156,1,Sideways,0,Sideways,0.8175353834447058,0.18243470301825365,2.991353561225151e-05
2019-08-20,0.0077944269903159995,0.010912570783026541,1,Sideways,1,Bull,0.1786766588817752,0.8213090458657812,1.4295251187017727e-05
2019-08-21,-0.005321764629575237,0.010543172905016959,1,Sideways,0,Sideways,0.8174129337280639,0.18256375992184867,2.3306349555272362e-05
2019-08-22,-0.0013398527642300357,0.010301201668172614,1,Sideways,1,Bull,0.17904923573337,0.8209385101422653,1.225412500570302e-05
2019-08-23,0.01822810809130927,0.011130486126370225,1,Sideways,0,Sideways,0.8171946664610915,0.18276236604815554,4.296748970375839e-05
2019-08-26,-0.0004911109798666139,0.010985886732383736,1,Sideways,1,Bull,0.17691634221684777,0.8230635307515691,2.0127031543924962e-05
2019-08-27,-0.011088917571718142,0.011104665464104845,0,Bear,0,Sideways,0.8210795862659757,0.17888885075196065,3.1562982884561426e-05
2019-08-28,-0.001272295428839033,0.011097018524658154,1,Sideways,1,Bull,0.17223573661324712,0.827742989593179,2.1273793437693803e-05
2019-08-29,0.008411123109950198,0.011391846113550987,1,Sideways,0,Sideways,0.8262122436785427,0.17376585914376047,2.18971774203202e-05
2019-08-30,0.0,0.010439947720228526,1,Sideways,1,Bull,0.1662580672267198,0.8337223713263199,1.956144864512478e-05
2019-09-02,0.016655697978154284,0.010979064516956398,1,Sideways,0,Sideways,0.8325867539909799,0.16738195572336678,3.129028607321749e-05
2019-09-03,0.004901322646406307,0.010827740190276155,1,Sideways,1,Bull,0.15648816611621805,0.8434839668813402,2.7867003438982415e-05
2019-09-04,0.012583189579946745,0.010585805042613734,1,Sideways,0,Sideways,0.8433425956834012,0.15663636767604355,2.1036638919447463e-05
2019-09-05,0.0020054148333785607,0.010289968335294187,1,Sideways,1,Bull,0.14358552567207242,0.8563855756717751,2.8898655863881824e-05
2019-09-06,-0.01295674228970426,0.010713038609290137,0,Bear,0,Sideways,0.8568771278338656,0.1430928394494636,3.0032715357281823e-05
2019-09-09,0.016208391137201537,0.011325362628761122,1,Sideways,1,Bull,0.12804653686538592,0.8718990673150631,5.439582121250752e-05
2019-09-10,0.006024272377737086,0.011388501463147169,1,Sideways,0,Sideways,0.8720815363796551,0.12789813186441934,2.0331755356493105e-05
2019-09-11,0.006983492276895461,0.011466209239447802,1,Sideways,1,Bull,0.11634308652223235,0.8836252123671915,3.170111045350305e-05
2019-09-12,0.005138747386403112,0.009031227283706261,1,Sideways,0,Sideways,0.8838724056023488,0.11611529260523029,1.230179270752744e-05
2019-09-13,0.006077340354668976,0.008616990339071843,1,Sideways,1,Bull,0.10474957715130304,0.895231274602869,1.9148247401871037e-05
2019-09-16,-0.004688363674839702,0.008616875253588662,1,Sideways,0,Sideways,0.8955487946527594,0.10443887535161589,1.2329994135856544e-05
2019-09-17,-0.011197014550446137,0.00916975304807044,0,Bear,1,Bull,0.0936453550569402,0.9063271694526532,2.74754907483804e-05
2019-09-18,0.004746837755676916,0.008978067142845514,1,Sideways,0,Sideways,0.906574826461865,0.09341213891198666,1.3034625237504173e-05
2019-09-19,-0.015734811882243842,0.009895247162327255,0,Bear,1,Bull,0.08299130370799324,0.9169684952132068,4.020107745138395e-05
2019-09-20,-0.001018072083053924,0.00919929672119396,1,Sideways,0,Sideways,0.9170024810464827,0.08298470787565318,1.281107958752251e-05
2019-09-23,-0.0021572700933950137,0.009226395558919933,1,Sideways,1,Bull,0.07451331968715659,0.9254702929764007,1.6387337857315534e-05
2019-09-24,0.018093540089289956,0.009438965040711641,1,Sideways,0,Sideways,0.9255904751632484,0.07438199578033702,2.7529055158923355e-05
2019-09-25,0.0075464959536342534,0.009437804007721267,1,Sideways,1,Bull,0.06119619531607905,0.938778344089342,2.5460593487773093e-05
2019-09-26,-0.006629827942391646,0.009613529866811963,1,Sideways,0,Sideways,0.9397155827044363,0.06026399735312642,2.041994417562689e-05
2019-09-27,0.031021424387288637,0.011487001045432786,1,Sideways,1,Bull,0.047682875361170725,0.9521744025129432,0.00014272212468664636
2019-09-30,-0.0011342598231711657,0.011154074273560537,1,Sideways,0,Sideways,0.9515266556229104,0.048447432820564504,2.5911558296868188e-05
2019-10-01,-0.011070838930788536,0.01159573073203549,0,Bear,1,Bull,0.044326940514291015,0.955651761713911,2.129777174765897e-05
2019-10-02,-0.003543129225532912,0.011416399467095882,1,Sideways,0,Sideways,0.9548454686214569,0.04513227773945606,2.2253638707982826e-05
2019-10-03,-0.00702793997304853,0.011580600968363452,1,Sideways,1,Bull,0.04130160878400126,0.9586825638572514,1.582735917656105e-05
2019-10-04,0.0065863033009680265,0.011136155130240761,1,Sideways,0,Sideways,0.9579554957195242,0.04202445406543373,2.0050215016498776e-05
2019-10-07,-0.0045559539151571096,0.010722781738582165,1,Sideways,1,Bull,0.03793373738549917,0.9620473867889585,1.8875824505496075e-05
2019-10-08,-0.011070506209218138,0.010993638364188011,0,Bear,0,Sideways,0.9613187321753613,0.038428881759769606,0.00025238606443847415
2019-10-09,-0.021941461894435552,0.01193310681481356,0,Bear,1,Bull,0.03278228445797335,0.9659747573727419,0.0012429581677287382
2019-10-10,-0.008751764656835925,0.011953387091871558,0,Bear,0,Sideways,0.9575661272553487,0.03364297681616611,0.008790895928139112
2019-10-11,0.0025014265378393804,0.011855346476440803,1,Sideways,1,Bull,0.008456490034090524,0.960628068595015,0.030915441370440108
2019-10-14,-0.05230374103684237,0.016351715648597304,0,Bear,2,Bear,0.0018046960670461006,0.00788745900929603,0.9903078449224648
2019-10-15,0.013487878446241205,0.016737313838984195,1,Sideways,2,Bear,0.009245848715665276,0.004404681726748104,0.9863494695593258
2019-10-16,-0.011831485069309967,0.016736275450518222,0,Bear,2,Bear,0.00521726666486733,0.010159139460004886,0.984623593874381
2019-10-17,0.00803037649633273,0.01670113905816878,1,Sideways,2,Bear,0.008005158021413718,0.006364832482457337,0.9856300094958443
2019-10-18,0.03641259924978237,0.018866800986699316,2,Bull,2,Bear,0.003544647156058844,0.008273608039299832,0.9881817448042266
2019-10-21,-0.01115068369137977,0.019004590893337458,0,Bear,2,Bear,0.009660448039096632,0.010121771004599161,0.9802177809580345
2019-10-22,0.0057620586609596226,0.018534225855564117,2,Bull,2,Bear,0.04178310802830767,0.015502829175929286,0.9427140627955443
2019-10-23,0.019212207379969367,0.0190269305663626,2,Bull,2,Bear,0.02517707887343449,0.06591166343322731,0.9089112576941358
2019-10-24,0.005600385686015001,0.019046521662950604,2,Bull,2,Bear,0.1448183032392402,0.04437207256323363,0.810809624196996
2019-10-25,-0.0012923985173380382,0.017515125171240372,1,Sideways,2,Bear,0.09188845274411608,0.22580066924550127,0.6823108780101548
2019-10-28,-0.0037759769586552423,0.017515006329568004,0,Bear,0,Sideways,0.3241677616603402,0.11527173887806737,0.5605604994628235
2019-10-29,0.0,0.017405679747457246,1,Sideways,1,Bull,0.14163063113626026,0.37918723598557735,0.47918213287945954
2019-10-30,-0.011548000622728856,0.017535008527361524,0,Bear,0,Sideways,0.43586227473525274,0.155307403113663,0.40883032215141996
2019-10-31,-0.0022671866135078045,0.017500912880999142,0,Bear,1,Bull,0.1758249244926955,0.4963462726465378,0.3278288028598552
2019-11-01,-5.888727353501883e-05,0.017389149780589603,1,Sideways,0,Sideways,0.5656414406555295,0.18936549042422643,0.24499306891963626
2019-11-04,0.016370006439664915,0.017880102458225827,2,Bull,1,Bull,0.19551426979790915,0.6020730283292295,0.20241270187423308
2019-11-05,0.004361659469884876,0.017774883184667998,1,Sideways,0,Sideways,0.6469603586727929,0.20779704613835104,0.1452425951888672
2019-11-06,0.006132833592386008,0.017101506361409217,1,Sideways,1,Bull,0.21454711181692668,0.675755916177518,0.10969697200589651
2019-11-07,0.023458192694197442,0.017667429728458164,2,Bull,0,Sideways,0.6931766239994942,0.2209354891077554,0.0858878868938609
2019-11-08,-0.0037852523292196028,0.01772053421962617,0,Bear,1,Bull,0.21813992991245076,0.7314437024999738,0.05041636758891936
2019-11-11,-0.0003363773821362087,0.012319492819490399,1,Sideways,0,Sideways,0.7732778011255999,0.2234807622359586,0.0032414366383966354
2019-11-12,0.008246652928533608,0.012176267193904175,1,Sideways,1,Bull,0.2123494231755931,0.7872602750388084,0.00039030178556521354
2019-11-13,0.00819725120875344,0.011582174460918682,1,Sideways,0,Sideways,0.7871353122598871,0.21282079713801122,4.389060104533992e-05
2019-11-14,-0.010043654784583139,0.012059642229327953,0,Bear,1,Bull,0.20084677359351377,0.7990905960068936,6.26304003528371e-05
2019-11-15,0.015290895084025579,0.009835279703652774,1,Sideways,0,Sideways,0.7987982930273532,0.20117714588610072,2.45610861266447e-05
2019-11-18,0.013820509055830113,0.009466492609082458,1,Sideways,1,Bull,0.1861911080099584,0.8137726774727609,3.621451573400093e-05
2019-11-19,0.006367245630635045,0.009471142418711095,1,Sideways,0,Sideways,0.8137234670658914,0.18626294582817662,1.3587105860858517e-05
2019-11-20,-0.006939340840319033,0.009161971375061183,1,Sideways,1,Bull,0.17381010040468223,0.8261632151078159,2.6684486742174873e-05
2019-11-21,0.00018825842439168785,0.009173166465221629,1,Sideways,0,Sideways,0.8263294384946679,0.17365880367899514,1.1757825176329276e-05
2019-11-22,-0.002031908051433105,0.009193353507543531,1,Sideways,1,Bull,0.1614083724886627,0.83856843095193,2.3196559425476005e-05
2019-11-25,-0.011378237402431818,0.009638244505122892,0,Bear,0,Sideways,0.8388321376393462,0.1611480790007134,1.9783360214806673e-05
2019-11-26,0.005683187403374046,0.009638160124499149,1,Sideways,1,Bull,0.14745140911374827,0.8525223328306378,2.6258057242747975e-05
2019-11-27,-0.0013114887482420937,0.009081422261617515,1,Sideways,0,Sideways,0.8530180617352555,0.14697015942009575,1.1778843102775651e-05
2019-11-28,0.012039276375096603,0.009166438846386647,1,Sideways,1,Bull,0.13397833746695223,0.8659946280292619,2.7034505039456232e-05
2019-11-29,-0.002079023697041758,0.00922692598985747,1,Sideways,0,Sideways,0.8660656510344733,0.13392184302811694,1.2505936443349588e-05
2019-12-02,0.01024253537101854,0.008894235553216749,1,Sideways,1,Bull,0.12328845996445902,0.8766904652353232,2.1074799571030877e-05
2019-12-03,-0.011307560736619185,0.009511435967564845,0,Bear,0,Sideways,0.8764705725321494,0.12350933751534278,2.0089953979077334e-05
2019-12-04,0.008498132017711832,0.009566687166770211,1,Sideways,1,Bull,0.11337222177690662,0.8866069905699455,2.078765139758481e-05
2019-12-05,0.008852955120063085,0.00842327600338065,1,Sideways,0,Sideways,0.8864806467062359,0.1135062578165978,1.3095478561456882e-05
2019-12-06,0.001931783479667948,0.00829801902027732,1,Sideways,1,Bull,0.10313107002742605,0.8968522588071535,1.6671167139959493e-05
2019-12-09,-0.0007627500198740292,0.00830676419315984,1,Sideways,0,Sideways,0.8971013802008253,0.102887885823842,1.0733974228607018e-05
2019-12-10,-0.007145877823483634,0.00847476558437296,1,Sideways,1,Bull,0.09255582760740669,0.9074243207332306,1.985166035502051e-05
2019-12-11,-0.0008316961256624805,0.008361702710136395,1,Sideways,0,Sideways,0.9077339425793968,0.09225470365507611,1.1353766334700544e-05
2019-12-12,0.020116517797997217,0.00888240515513056,1,Sideways,1,Bull,0.08207074200375526,0.9178973932805008,3.186471602318593e-05
2019-12-13,0.0032812183316721388,0.008397800567639663,1,Sideways,0,Sideways,0.9172568140130468,0.08273121477332394,1.1971212021640365e-05
2019-12-16,0.005856502754954911,0.008005510911092726,1,Sideways,1,Bull,0.07648570034127541,0.9235036796022629,1.0620057143171412e-05
2019-12-17,-0.00046620065392784894,0.007953322309044364,1,Sideways,0,Sideways,0.9228932071271512,0.07709593877508325,1.0854098608699488e-05
2019-12-18,-0.004502759414819245,0.007833032481993707,1,Sideways,1,Bull,0.07114670779956808,0.9288427820652763,1.0510135460855787e-05
2019-12-19,0.0002234182269335099,0.007832668966954474,1,Sideways,0,Sideways,0.9283522888198132,0.07163711868642332,1.0592493436630463e-05
2019-12-20,0.005207023507041232,0.007816170878828228,1,Sideways,1,Bull,0.06555832623143894,0.934431642707346,1.0031060096713777e-05
2019-12-23,0.008940154199983261,0.007272668375126111,1,Sideways,0,Sideways,0.9339638938946954,0.0660234428196232,1.2663286759005536e-05
2019-12-24,0.008683487298599867,0.007358686831189604,1,Sideways,1,Bull,0.05930769281760036,0.9406807658102407,1.1541371521692132e-05
2019-12-26,0.004404661594185013,0.0072818496052486775,1,Sideways,0,Sideways,0.9403683252277659,0.05962103776652144,1.063700643361743e-05
2019-12-27,0.00026923238380606657,0.007031748462567775,1,Sideways,1,Bull,0.053318631991569346,0.9466716181340119,9.749873822356969e-06
2019-12-30,0.009371479935972983,0.007065041391105427,1,Sideways,0,Sideways,0.9465603907297397,0.05342702979819596,1.257947295049983e-05
2019-12-31,-0.0028711695144853673,0.007018935595452956,1,Sideways,1,Bull,0.04598901740190219,0.9539991175420685,1.1865055922530513e-05
2020-01-02,0.01308519644909657,0.00652440820288081,1,Sideways,0,Sideways,0.954266073894607,0.045716265115377124,1.7660989929955798e-05
2020-01-03,-0.019582070786894785,0.008307444244584839,0,Bear,1,Bull,0.03583632440313929,0.9641201637100625,4.351188673566519e-05
2020-01-06,-0.02018135477638826,0.009610806332898342,0,Bear,0,Sideways,0.9644417852226146,0.03550584696489675,5.236781233084253e-05
2020-01-07,0.010599512947441575,0.009835898881022353,1,Sideways,1,Bull,0.02503013043024603,0.9749420656831657,2.7803885621893035e-05
2020-01-08,0.002449909448559082,0.009820045382378373,1,Sideways,0,Sideways,0.975690827450219,0.02424393247259411,6.524007762896422e-05
2020-01-09,0.044313415489074956,0.013421355810625635,1,Sideways,1,Bull,0.01413356556053173,0.984900177098091,0.0009662573431563927
2020-01-10,0.005689200080855223,0.01336619726070691,1,Sideways,0,Sideways,0.9843136242260058,0.015565304095055013,0.00012107167964809806
2020-01-13,0.013271244745760979,0.013035399404316073,1,Sideways,1,Bull,0.014492476484911686,0.9854820196401802,2.55038755189769e-05
2020-01-14,0.009718179959509625,0.013085636271210857,1,Sideways,0,Sideways,0.9839782139873356,0.015980462571532485,4.132344294805464e-05
2020-01-15,-0.0039982531527320495,0.013225537617504352,1,Sideways,1,Bull,0.014866289386870127,0.9851203381948082,1.337241688956015e-05
2020-01-16,0.0005134313156738501,0.013209028565312886,1,Sideways,0,Sideways,0.9839282119092807,0.016036547198151025,3.524089401358698e-05
2020-01-17,0.003908882282931053,0.013047585061149222,1,Sideways,1,Bull,0.014795086111341777,0.9851941764152994,1.07374747459161e-05
2020-01-20,0.009381686968579397,0.013042885713018057,1,Sideways,0,Sideways,0.9841108961004162,0.015852553265931112,3.655063236061518e-05
2020-01-21,0.00760676389344499,0.013054386773496665,1,Sideways,1,Bull,0.014316991508230579,0.9856705156446925,1.24928484492327e-05
2020-01-22,-0.006569169927611955,0.013284065345819754,0,Bear,0,Sideways,0.9847780787599488,0.015175755779253435,4.616546186148249e-05
2020-01-23,-0.001686985991532712,0.013314669376569013,1,Sideways,1,Bull,0.013556054622467908,0.9864273696790979,1.657569937570342e-05
2020-01-24,-0.0032564990199292075,0.013411801087153164,1,Sideways,0,Sideways,0.9857164135187061,0.014227815462966057,5.5771016844983225e-05
2020-01-27,-0.016444203290391805,0.014131739987036363,0,Bear,1,Bull,0.012432100739199979,0.987517355776528,5.0543485827043384e-05
2020-01-28,-0.0029014037249489,0.01409623009857873,1,Sideways,0,Sideways,0.9866924016737237,0.01324861610347862,5.898222179671665e-05
2020-01-29,-0.0009361330744846353,0.01406654532607063,1,Sideways,1,Bull,0.011799907674771584,0.9881782796589129,2.1812666037187527e-05
2020-01-30,0.0013375159150523317,0.013833588198368982,1,Sideways,0,Sideways,0.9874924451434557,0.012464547414599066,4.3007442347873585e-05
2020-01-31,-0.005938333739265873,0.013044762359206673,1,Sideways,1,Bull,0.010866495253502246,0.98911789296382,1.5611783941743264e-05
2020-02-03,0.0008616247899753161,0.011933635815975186,1,Sideways,0,Sideways,0.9885628992885538,0.011411470585835486,2.5630123877942203e-05
2020-02-04,0.023975158638753657,0.0127082378429831,1,Sideways,1,Bull,0.009709837124797054,0.9902702945055678,1.9868369061397427e-05
2020-02-05,0.0015102511572826123,0.012716256847011581,1,Sideways,0,Sideways,0.989180001202366,0.010792607696947128,2.739110047527317e-05
2020-02-06,-0.00030172806166618124,0.008484532008519884,1,Sideways,1,Bull,0.009880133272805394,0.9901164975613607,3.3691646527880163e-06
2020-02-07,-0.010430105208828346,0.008851997279906541,0,Bear,0,Sideways,0.9891773840260623,0.01080207999064955,2.0535983615351928e-05
2020-02-10,-0.022340700967933214,0.009782495647326242,0,Bear,1,Bull,0.009637946362793188,0.9903492173863777,1.2836250309270605e-05
2020-02-11,0.012230760932482973,0.009939547964745533,1,Sideways,0,Sideways,0.989092201545428,0.010887729752585716,2.0068702784329706e-05
2020-02-12,0.002092210899104215,0.009925625204291572,1,Sideways,1,Bull,0.009876367590786353,0.9901200878769266,3.544533206468378e-06
2020-02-13,0.004088297702005208,0.009974427846463317,1,Sideways,0,Sideways,0.9892608423012974,0.010725147609766169,1.4010087431662994e-05
2020-02-14,-0.0032331914906507607,0.009947747893986818,1,Sideways,1,Bull,0.009540443711706254,0.9904558860017338,3.67028775355531e-06
2020-02-17,0.005316567097010299,0.009774205159454432,1,Sideways,0,Sideways,0.989775285370061,0.0102107356546484,1.3978973790508818e-05
2020-02-18,-0.01013300340496963,0.0097807616819675,0,Bear,1,Bull,0.00880655519007989,0.9911881214260329,5.323383196436322e-06
2020-02-19,-0.003166165995779697,0.009719871666252518,1,Sideways,0,Sideways,0.9906176541144557,0.009350262425580165,3.2083458773335996e-05
2020-02-20,-0.030270788449370624,0.011661349612417915,0,Bear,1,Bull,0.007866512137438974,0.9920592169327318,7.427092991475467e-05
2020-02-21,0.010215403341452087,0.012022972570036617,1,Sideways,0,Sideways,0.9905592093916286,0.009259359036925274,0.00018143157136399279
2020-02-24,-0.017617317876257883,0.01209862579043253,0,Bear,1,Bull,0.008457300093433743,0.9912711363567331,0.00027156354895251306
2020-02-25,-0.0037066612949313766,0.012102134792268019,1,Sideways,0,Sideways,0.9827327435122679,0.009912418877789507,0.007354837611093067
2020-02-26,0.007029900507213037,0.012279939236147,1,Sideways,1,Bull,0.003570197427427688,0.9832080739388962,0.013221728633418575
2020-02-27,-0.04214385295055423,0.015178945823961065,0,Bear,2,Bear,0.0002097963931448283,0.0039335980600464695,0.995856605546784
2020-02-28,-0.0408970721064897,0.017270724982527665,0,Bear,2,Bear,1.8161715166112164e-05,0.00019521431629902818,0.9997866239696807
2020-03-02,0.012341190932618795,0.01769102362720079,1,Sideways,2,Bear,0.00011828207160322731,0.00031880518754829186,0.9995629127396242
2020-03-03,0.035675193844901386,0.018863647673222548,2,Bull,2,Bear,1.692901856307671e-05,0.00016234014629486505,0.9998207308361566
2020-03-04,-0.0038010452490652795,0.018809117241567225,0,Bear,2,Bear,0.00016696112678057928,0.00015365367046361083,0.999679385203851
2020-03-05,0.009251554415957383,0.01905316546748823,2,Bull,2,Bear,3.509006879257466e-05,0.00030697197139566823,0.9996579379582212
2020-03-06,-0.020004670796816143,0.019328958474814063,0,Bear,2,Bear,1.3666558534883193e-07,6.0827849259805715e-05,0.9999390354854268
2020-03-09,-0.05703844060681367,0.02230043891085978,0,Bear,2,Bear,1.476436016520576e-12,3.376493820156538e-09,0.9999999966203177
2020-03-10,-0.024064331563288403,0.022156135225765188,0,Bear,2,Bear,1.0343982025788617e-07,1.924182707972424e-06,0.9999979723782054
2020-03-11,-0.0009523199400291515,0.02208986568905623,2,Bull,2,Bear,6.661380437652743e-08,1.447942550322253e-05,0.9999854539604007
2020-03-12,-0.07533445856370086,0.026397324021200718,0,Bear,2,Bear,1.5056827638487332e-18,1.975298732183883e-13,1.0
2020-03-13,0.020774870929634533,0.027374750182452848,2,Bull,2,Bear,4.77700827668483e-10,1.3541503095011342e-07,0.9999998641069489
2020-03-16,-0.08416050802502016,0.031495865238086417,0,Bear,2,Bear,1.2274247064125315e-23,1.0930312727021391e-17,1.0
2020-03-17,-0.012717031909608233,0.03147625633032825,2,Bull,2,Bear,1.4828669606756204e-12,4.0159846908358293e-10,0.9999999995961844
2020-03-18,-0.013937782028651808,0.031336418858300824,2,Bull,2,Bear,1.4866364318886939e-12,4.2161399213637363e-10,0.9999999995779945
2020-03-19,-0.004464476940035759,0.031273730050862425,2,Bull,2,Bear,4.9809461061542765e-12,1.0666803370111435e-09,0.9999999989267963
2020-03-20,0.007022611616511536,0.031144632217605876,2,Bull,2,Bear,1.1008153059678732e-11,2.183045076979626e-09,0.9999999978062988
2020-03-23,-0.018226581796574506,0.03114717469716534,2,Bull,2,Bear,9.47867793375377e-13,3.2540935520700767e-10,0.9999999996725819
2020-03-24,0.05810346206307906,0.035180850115581676,2,Bull,2,Bear,1.0336212971528087e-16,3.577693842840031e-13,1.0
2020-03-25,-0.0025028949865377385,0.034968011640781886,2,Bull,2,Bear,4.327257167974898e-14,8.669569140256922e-12,0.999999999992724
2020-03-26,0.027296519280133616,0.03535200556264248,2,Bull,2,Bear,2.4218005754750875e-14,7.349555612230522e-12,0.999999999992724
2020-03-27,-0.037884304279227635,0.03521680837339655,2,Bull,2,Bear,2.99349954389876e-17,4.244665583823148e-14,1.0
2020-03-30,-0.0007435760041744795,0.03491520565331365,2,Bull,2,Bear,5.3939215928297476e-14,1.0519590125208826e-11,0.9999999999890861
2020-03-31,0.017830274504100033,0.03390297968518554,2,Bull,2,Bear,3.102008146747533e-13,6.940121195963707e-11,0.9999999999308784
2020-04-01,-0.006250794698824223,0.0338808655118267,2,Bull,2,Bear,1.3708629884873158e-13,3.0031630118948723e-11,0.9999999999708962
2020-04-02,0.0047682648439809384,0.03375511735197373,2,Bull,2,Bear,3.693400713741405e-13,7.021033830975431e-11,0.9999999999308784
2020-04-03,0.00046575031771507866,0.03378201617574059,2,Bull,2,Bear,2.8239039633223487e-13,5.5008311322452264e-11,0.9999999999454303
2020-04-06,0.027734952668142777,0.03288924095940683,2,Bull,2,Bear,5.729193780378659e-13,1.9057848005324562e-10,0.9999999998071871
2020-04-07,0.003368896917468691,0.03266142355837937,2,Bull,2,Bear,1.4658479043161722e-12,2.8376578468200255e-10,0.9999999997162377
2020-04-08,0.009088086795659981,0.03279555579944613,2,Bull,2,Bear,1.5091139209289333e-12,2.8626450682271043e-10,0.9999999997125997
2020-04-09,0.02760362623623928,0.028849347444972296,2,Bull,2,Bear,6.216980921653333e-11,2.1359541842958166e-08,0.999999978579581
2020-04-10,0.006620743608506297,0.02851447309767139,2,Bull,2,Bear,1.725552228656791e-08,4.69517926786351e-08,0.9999999357933141
2020-04-13,-0.0007507693174463451,0.020446265643557983,2,Bull,2,Bear,1.5020827204798549e-05,4.894290631230122e-05,0.9999360362647572
2020-04-14,0.02207027953356746,0.020373215953121256,2,Bull,2,Bear,1.0168145753727754e-06,5.665243070334671e-05,0.9999423307530526
2020-04-15,-0.02772634707690086,0.02130811614149127,0,Bear,2,Bear,2.7102052169175427e-06,4.927605029714399e-06,0.9999923621908882
2020-04-16,0.004104008177743412,0.021179351774165547,2,Bull,2,Bear,0.00027195382921753217,0.0003502082286323678,0.9993778379420108
2020-04-17,0.019860855889084955,0.02140217993047316,2,Bull,2,Bear,0.003847844076974135,0.0013923701314439668,0.9947597857933844
2020-04-20,0.007772734861260158,0.020579590996689642,2,Bull,2,Bear,0.018533559754339155,0.03350732838707316,0.9479591118589722
2020-04-21,-0.013501080809743621,0.017393877187845224,0,Bear,2,Bear,0.2433179084166794,0.06540545534396697,0.6912766362376502
2020-04-22,0.0056387592239202766,0.017317415952899862,1,Sideways,1,Bull,0.16716595231953527,0.4683675548581719,0.36446649282330573
2020-04-23,0.0,0.016513770555010056,1,Sideways,0,Sideways,0.6880849540103067,0.20727238571566864,0.10464266027470054
2020-04-24,0.005971657277767292,0.013334483087684706,1,Sideways,1,Bull,0.22699480537978897,0.7542689159402972,0.018736278680849785
2020-04-27,0.02508199921170726,0.013915808551661414,1,Sideways,0,Sideways,0.7634376808917134,0.23032265139631747,0.006239667711540402
2020-04-28,-0.005544295929637923,0.013938796454287876,0,Bear,1,Bull,0.21437134683579487,0.784153789665092,0.0014748635002726882
2020-04-29,0.008777035999943414,0.01365610168089274,1,Sideways,0,Sideways,0.7861404757555692,0.21366203237480408,0.00019749187075889717
2020-04-30,-0.004787267321783696,0.013887658171176806,1,Sideways,1,Bull,0.19552610363421893,0.8042965905501792,0.0001773058138775927
2020-05-01,0.0,0.01389797660547032,1,Sideways,0,Sideways,0.8054942037343739,0.19440382396878628,0.00010197229800500596
2020-05-04,-0.022685397444486426,0.014327434385883226,0,Bear,1,Bull,0.176074546681823,0.8232921883223907,0.0006332649951057903
2020-05-05,-0.001059828244430477,0.014364526903262485,1,Sideways,0,Sideways,0.8234060593345907,0.17645668760692446,0.00013725305739096359
2020-05-06,-0.0016826220250521578,0.01433903985120106,1,Sideways,1,Bull,0.16600947017193904,0.8338846802197311,0.0001058496092692795
2020-05-07,-0.0017536252176970607,0.013115446636965728,1,Sideways,0,Sideways,0.8337044312472066,0.16625421956768868,4.1349184180743485e-05
2020-05-08,-0.005641887437638723,0.013141224098359902,1,Sideways,1,Bull,0.15572225146876625,0.8442139454594597,6.380307301031328e-05
2020-05-11,-0.0005418515218590427,0.013140087145690883,1,Sideways,0,Sideways,0.8440303179810642,0.15593213783163162,3.754418559868404e-05
2020-05-12,0.018476945290888027,0.012854219332066536,1,Sideways,1,Bull,0.1455762386442511,0.8543568683047804,6.689305025500191e-05
2020-05-13,0.005438167037861298,0.011025169521120537,1,Sideways,0,Sideways,0.8532128996668722,0.14676553380936466,2.1566524406903928e-05
2020-05-14,-0.009692475303828416,0.011326998581893328,0,Bear,1,Bull,0.13949282340507288,0.8604767607549937,3.0415838780233952e-05
2020-05-15,0.005782031549632359,0.010536156049264651,1,Sideways,0,Sideways,0.8593287668223362,0.14065210145844106,1.9131719034985494e-05
2020-05-18,0.02195664325728006,0.011466328190295617,1,Sideways,1,Bull,0.13343236618361226,0.8665240416683807,4.359214737483252e-05
2020-05-19,0.0,0.010920396479568705,1,Sideways,0,Sideways,0.8638600766447376,0.13611832418630468,2.1599170563096383e-05
2020-05-20,0.0017096115704557317,0.010890326736222032,1,Sideways,1,Bull,0.132212032913099,0.8677754895369839,1.2477548780273776e-05
2020-05-21,0.004798654739719439,0.01089702971645509,1,Sideways,0,Sideways,0.8651651197585843,0.13481497172653745,1.9908513506961887e-05
2020-05-22,0.0036505022923933677,0.010867404491116046,1,Sideways,1,Bull,0.13065458429653318,0.8693328193984504,1.2596304660134591e-05
2020-05-26,0.0,0.009429516010172462,1,Sideways,0,Sideways,0.866885402100876,0.1330989818559287,1.561604143847613e-05
2020-05-27,0.01855248569634613,0.010084837886276538,1,Sideways,1,Bull,0.128957051396917,0.8710248385383573,1.811006593684004e-05
2020-05-28,0.003863773639071129,0.009971936640972533,1,Sideways,0,Sideways,0.8669379776297067,0.1330429389818422,1.9083390129979574e-05
2020-05-29,0.0015240328081427578,0.009850997979893463,1,Sideways,1,Bull,0.13045803762810315,0.8695337125863389,8.249785817880092e-06
2020-06-01,0.016408351129979362,0.010335217339022791,1,Sideways,0,Sideways,0.8656361523805559,0.13433108026544366,3.276735392875309e-05
2020-06-02,0.007718225844582736,0.008424732630886549,1,Sideways,1,Bull,0.13023461045236984,0.8697552885104544,1.0101037957632833e-05
2020-06-03,0.009336777274469635,0.008385880816505008,1,Sideways,0,Sideways,0.8670281282661056,0.13295599298958666,1.587874367348196e-05
2020-06-04,0.003892908529555797,0.008243672218766044,1,Sideways,1,Bull,0.12855546184934447,0.8714357031928105,8.834957410267518e-06
2020-06-05,0.00441707179792024,0.008080671825092284,1,Sideways,0,Sideways,0.8691825350971206,0.1308046602936082,1.2804610595634375e-05
2020-06-08,-0.0035027675861848528,0.007937168773464889,1,Sideways,1,Bull,0.1262563452972591,0.8737345292856729,9.125418345037617e-06
2020-06-09,-0.0036604552966845957,0.008095091651295077,1,Sideways,0,Sideways,0.8717383968202879,0.12824875776557362,1.2845413295667079e-05
2020-06-10,0.00495295591418285,0.007499963733060313,1,Sideways,1,Bull,0.1235858325974858,0.8764054141863562,8.753216966457232e-06
2020-06-11,-0.005695693602857524,0.007859189524921865,1,Sideways,0,Sideways,0.874354854855849,0.12563165964375766,1.348550217687292e-05
2020-06-12,0.006211181742454194,0.007140570454330138,1,Sideways,1,Bull,0.1210764559309192,0.8789148393092303,8.704760885646181e-06
2020-06-15,-0.002547900229812173,0.0073386262725465634,1,Sideways,0,Sideways,0.8767739930291373,0.12321370071713351,1.2306253974454195e-05
2020-06-16,0.012550964982114611,0.006416618203900732,1,Sideways,1,Bull,0.1189406924033914,0.8810489510483178,1.0356546879808e-05
2020-06-17,2.7508365430831033e-06,0.006416523262464864,1,Sideways,0,Sideways,0.8781874591346344,0.1217997485367249,1.2792327842777818e-05
2020-06-18,0.013915688266803962,0.006738666488113773,1,Sideways,1,Bull,0.11848131454593258,0.8815091768176286,9.508638140936685e-06
2020-06-19,0.009883062519008438,0.0068330844357480025,1,Sideways,0,Sideways,0.8775857437511156,0.12239666182112846,1.7594426382892228e-05
2020-06-22,0.013795503422207141,0.007093467011759744,1,Sideways,1,Bull,0.11944415153656911,0.8805467928616225,9.055601495906738e-06
2020-06-23,0.001290983061015334,0.0070457217436496085,1,Sideways,0,Sideways,0.8761872294096363,0.12379827472732295,1.4495864503272462e-05
2020-06-24,-0.007746378178946507,0.006963710638234232,1,Sideways,1,Bull,0.12166490645846459,0.8783287191892462,6.374352309100668e-06
2020-06-25,-0.002711444860401621,0.00713988873560757,1,Sideways,0,Sideways,0.8740067446633374,0.12597854490953067,1.4710426682444278e-05
2020-06-26,0.004627457907192919,0.007116891779935733,1,Sideways,1,Bull,0.12382982950065294,0.8761645667951083,5.603705264408566e-06
2020-06-29,0.010191476475779225,0.006675718682064125,1,Sideways,0,Sideways,0.8716815323342839,0.12830023993142947,1.8227733246641888e-05
2020-06-30,0.005868219726284011,0.006631915378841303,1,Sideways,1,Bull,0.12562546108348346,0.8743679476904974,6.591224398020793e-06
2020-07-01,-0.010436580920187377,0.007204912537494213,1,Sideways,0,Sideways,0.8704778755600074,0.1295028186660776,1.930577373152855e-05
2020-07-02,0.0137180247618691,0.007609465833678447,1,Sideways,1,Bull,0.12672824228908136,0.8732625732128034,9.18449767610429e-06
2020-07-03,-0.009965819063579583,0.008154128422141747,1,Sideways,0,Sideways,0.8684606006729735,0.13151571076565957,2.3688561965703746e-05
2020-07-06,0.02336839862461423,0.009247100509532293,1,Sideways,1,Bull,0.1293360469345825,0.8706446746533424,1.927841220221848e-05
2020-07-07,0.007179210782186479,0.009098312334997987,1,Sideways,0,Sideways,0.8615605946154258,0.13841292915223766,2.647623378179173e-05
2020-07-08,-0.0052628011010437984,0.0093502438909615,1,Sideways,1,Bull,0.13782329852157338,0.8621682748786557,8.426601240135793e-06
2020-07-09,-0.024895201245640524,0.011192626976849963,0,Bear,0,Sideways,0.8536422389957811,0.146122354121953,0.0002354068806145466
2020-07-10,-0.008542925634436739,0.011449764913034401,0,Bear,1,Bull,0.1436580614467394,0.8562825837206205,5.93548328587222e-05
2020-07-13,0.030791406039093572,0.013036897477623452,1,Sideways,0,Sideways,0.8514734813807556,0.148172924078274,0.0003535945402810358
2020-07-14,-0.005569667866528916,0.013032319747849989,1,Sideways,1,Bull,0.1397042170613248,0.8601947960472839,0.0001009868904885522
2020-07-15,0.0,0.013032352782899222,1,Sideways,0,Sideways,0.859638410903071,0.14032345571729318,3.8133380712696193e-05
2020-07-16,0.009016284564298212,0.012860792588364176,1,Sideways,1,Bull,0.13191295825653493,0.8680466708302953,4.037091408577406e-05
2020-07-17,-0.00018013145945990197,0.012762688435826968,1,Sideways,0,Sideways,0.8672837703115658,0.13268544284740083,3.0786839246094325e-05
2020-07-20,0.00415683964621198,0.012481740522135644,1,Sideways,1,Bull,0.12502196923345324,0.874945419004349,3.261176093713585e-05
2020-07-21,-0.010440604003065746,0.012776378867122256,0,Bear,0,Sideways,0.8741983758696041,0.1257525802114274,4.904392011100402e-05
2020-07-22,0.00032094291317346784,0.01260667171390417,1,Sideways,1,Bull,0.11736169852111127,0.8825981511578755,4.015032063383111e-05
2020-07-23,0.00802412126009609,0.012643651926822786,1,Sideways,0,Sideways,0.8822129357857513,0.11773078722548529,5.6276987410019825e-05
2020-07-24,0.001430524143738972,0.012630197440061625,1,Sideways,1,Bull,0.1082380567539464,0.8914644847821593,0.00029745846522903527
2020-07-27,0.0030857795152644417,0.012484932315945031,1,Sideways,0,Sideways,0.8887826325139633,0.10829721913599477,0.0029201483498146243
2020-07-28,-0.03662475907855389,0.015066187012353089,0,Bear,1,Bull,0.06876266099726215,0.8981814185361723,0.03305592046490745
2020-07-29,-0.014945822385154978,0.015254622106133769,0,Bear,0,Sideways,0.8938872259075384,0.07207091773764412,0.03404185635339398
2020-07-30,-0.007690643141301727,0.014932442412275985,0,Bear,1,Bull,0.06794246219046833,0.8978018872091849,0.034255650601291356
2020-07-31,0.0,0.01481271632669318,1,Sideways,0,Sideways,0.8763484499151912,0.07009803977250742,0.05355351031147036
2020-08-03,0.0,0.013636155944075766,1,Sideways,1,Bull,0.03674358824601817,0.8789638950673031,0.08429251668841635
2020-08-04,-0.03586495196054233,0.015319764421813917,0,Bear,2,Bear,0.11219043699436207,0.037288801474061224,0.8505207615310305
2020-08-05,0.0042222383794934875,0.01544639796109749,1,Sideways,2,Bear,0.00047049089120111307,0.11441625882968189,0.885113250278057
2020-08-06,-0.05400623858982884,0.018558704323029005,0,Bear,2,Bear,5.936591354152221e-07,8.15597888123577e-05,0.9999178465537707
2020-08-07,0.02501320671330614,0.019760453735726404,2,Bull,2,Bear,4.398451211037778e-05,5.586360989855981e-05,0.999900151878352
2020-08-10,0.013950866871429789,0.01852152420645682,2,Bull,2,Bear,2.9396750554519517e-05,0.0002234493569264434,0.9997471538922121
2020-08-11,0.03166446594406254,0.020232875818274904,2,Bull,2,Bear,6.222821726536194e-06,5.2319093788797826e-05,0.9999414580853885
2020-08-12,0.00368655484000038,0.02027784522573075,2,Bull,2,Bear,1.5467840800808e-05,6.863218007708893e-05,0.9999158999785672
2020-08-13,-0.012553766944366008,0.020192029498346427,0,Bear,2,Bear,4.829139496441914e-06,4.506967932687119e-05,0.9999501011815284
2020-08-14,-0.01510945350907063,0.02032522072403941,0,Bear,2,Bear,7.94834802686017e-06,2.7637435248435407e-05,0.9999644142155364
2020-08-17,0.002211904159061901,0.020285813182496098,2,Bull,2,Bear,2.8018615200116576e-05,6.82896071102123e-05,0.9999036917792754
2020-08-18,0.005783356781672227,0.020367606032525135,2,Bull,2,Bear,5.9170628386165855e-06,8.771466873416607e-05,0.9999063682698357
2020-08-19,0.02904757530428276,0.021651175651198003,2,Bull,2,Bear,1.1264077569869824e-06,1.6746432244475332e-05,0.9999821271591056
2020-08-20,0.0018655202521115498,0.02153811180688484,2,Bull,2,Bear,1.548221185752013e-06,2.524976240618022e-05,0.999973202017649
2020-08-21,-0.015111828025950695,0.021686578043221567,0,Bear,2,Bear,9.371201118274307e-07,9.182730353946208e-06,0.9999898801509531
2020-08-24,-0.0013523942837209342,0.021637552439640554,2,Bull,2,Bear,3.805404624714942e-06,2.1423192219175762e-05,0.9999747714045184
2020-08-25,-0.014723556647336255,0.020407634008793692,0,Bear,2,Bear,8.815399711873126e-06,2.8568445039997542e-05,0.9999626161555456
2020-08-26,0.006206630820127113,0.020287112172896637,2,Bull,2,Bear,7.508868480049925e-05,8.060122810591227e-05,0.9998443100877068
2020-08-27,0.008967927171231347,0.020367347635713833,2,Bull,2,Bear,5.702689095200986e-05,0.0002311981977471516,0.9997117749108184
2020-08-28,-0.007513131381017909,0.020420932667808016,0,Bear,2,Bear,0.0007294110080827067,0.00017126581934315897,0.9990993231733115
2020-08-31,-0.02019157758874091,0.020854013351694317,0,Bear,2,Bear,0.0008903027691373922,0.0031901237843569084,0.9959195734454843
2020-09-01,0.006100407872620664,0.019343990499575733,2,Bull,2,Bear,0.10855368489997999,0.021266040193912705,0.8701802749048854
2020-09-02,-0.0011985927848060373,0.019318318719043943,2,Bull,2,Bear,0.08291728764796627,0.23663269647316543,0.6804500158791869
2020-09-03,-0.007036429085682005,0.014774428042009652,0,Bear,0,Sideways,0.6998188135871938,0.16767037501508156,0.13251081139896106
2020-09-04,0.009248241823070342,0.013874308981482966,1,Sideways,1,Bull,0.19536590424233904,0.7818749691927908,0.022759126566605073
2020-09-07,0.009619361642487738,0.013697427115304472,1,Sideways,0,Sideways,0.7972968337259201,0.2002103839598477,0.0024927823127046432
2020-09-08,-0.00658618304692076,0.011714517878803135,1,Sideways,1,Bull,0.19311861688558715,0.8065770839479138,0.00030429916720614277
2020-09-09,0.009226674283222448,0.011893610198236235,1,Sideways,0,Sideways,0.8054263195933672,0.1945304950268549,4.318537983999522e-05
2020-09-10,-0.0005457329620407218,0.01155973529828268,1,Sideways,1,Bull,0.1859721990784516,0.8139986009296902,2.9199990508199153e-05
2020-09-11,0.003270050026419775,0.011017773140378896,1,Sideways,0,Sideways,0.8130844624382789,0.1868977930929453,1.7744468704321775e-05
2020-09-14,0.004163012391370397,0.011038949858993579,1,Sideways,1,Bull,0.17805349178540297,0.8219229476761858,2.3560537543128534e-05
2020-09-15,0.0035158232693304503,0.010998395005199904,1,Sideways,0,Sideways,0.8210702863326703,0.17891265082219024,1.706284461428563e-05
2020-09-16,-0.0036965262130916414,0.008796517426912608,1,Sideways,1,Bull,0.17004362176637045,0.8299389168958708,1.746133702777547e-05
2020-09-17,0.0032464585525028124,0.008823824488420152,1,Sideways,0,Sideways,0.8292654895715987,0.1707227238965963,1.1786530828346565e-05
2020-09-18,0.0011697987665687487,0.008151576178888878,1,Sideways,1,Bull,0.16151382725508137,0.8384684370046711,1.7735740675878044e-05
2020-09-21,-0.022738596576430986,0.00962153441432804,0,Bear,0,Sideways,0.8378950834113261,0.16203772095922644,6.719562997725776e-05
2020-09-22,0.008427933886641814,0.0092664872838529,1,Sideways,1,Bull,0.14702001482849625,0.8529481988780417,3.1786292636604405e-05
2020-09-23,0.005912095923108439,0.009256638836135988,1,Sideways,0,Sideways,0.8535550449851672,0.14643209131206789,1.2863702574247629e-05
2020-09-24,0.015209754528808466,0.009665154162757726,1,Sideways,1,Bull,0.13200790816138158,0.8679559443901397,3.6147448393158735e-05
2020-09-25,0.004100193159440949,0.00950722101366979,1,Sideways,0,Sideways,0.8680535211928851,0.13193350854204586,1.2970264408330703e-05
2020-09-28,-0.002672145630051832,0.008157277305224503,1,Sideways,1,Bull,0.12087338952973399,0.8791081559834315,1.8454487754357916e-05
2020-09-29,0.0018713383492272558,0.008098266616593578,1,Sideways,0,Sideways,0.879404610131165,0.1205844989933787,1.0890874086758032e-05
2020-09-30,0.01930842170667049,0.008960866886954456,1,Sideways,1,Bull,0.10920714337747321,0.8907586904583704,3.4166164067867126e-05
2020-10-01,-0.001485525047133148,0.008724626080832881,1,Sideways,0,Sideways,0.8900793818114289,0.10990813146451099,1.248672554142419e-05
2020-10-02,0.0013109095179962137,0.00860652556929377,1,Sideways,1,Bull,0.10289120155746277,0.8970963097130711,1.2488729830342258e-05
2020-10-05,0.013618664421721736,0.008821213572287713,1,Sideways,0,Sideways,0.8964797255106852,0.10350203979355194,1.8234696855496676e-05
2020-10-06,-0.006049134602223409,0.008791805565965925,1,Sideways,1,Bull,0.09427862128918262,0.9057029527274781,1.8425982717652378e-05
2020-10-07,-0.0011273871820683301,0.008701444577712065,1,Sideways,0,Sideways,0.9057719275311353,0.09421675132454643,1.132114312939138e-05
2020-10-08,-0.0016501236672088698,0.008724198965106062,1,Sideways,1,Bull,0.08504140346732213,0.9149425683748919,1.6028156186575347e-05
2020-10-09,0.013125057019272966,0.009054794646450263,1,Sideways,0,Sideways,0.9151233625155184,0.08485916765953874,1.746982658896086e-05
2020-10-12,0.01083594138646573,0.009229764670630953,1,Sideways,1,Bull,0.0729729202972856,0.9270034379238692,2.3641778481231795e-05
2020-10-13,-0.0031448692437803572,0.009333992672935127,1,Sideways,0,Sideways,0.9274802145833939,0.07250693210138201,1.2853316264472802e-05
2020-10-14,0.012352147945875955,0.00943730590760881,1,Sideways,1,Bull,0.06236650488469278,0.9376116550603426,2.184005317938146e-05
2020-10-15,-0.007511491865443427,0.009758499399243193,1,Sideways,0,Sideways,0.9378178807187022,0.06216565660110786,1.6462678786880246e-05
2020-10-16,0.010366170936092272,0.009881472411933597,1,Sideways,1,Bull,0.05355205829794768,0.9464292229912743,1.8718711547240805e-05
2020-10-19,0.01059193473112164,0.007818042500784467,1,Sideways,0,Sideways,0.9465676714183745,0.0534185945566632,1.37340236720975e-05
2020-10-20,0.004139342243108664,0.007782700675423067,1,Sideways,1,Bull,0.044539049338887055,0.9554473134235997,1.3637236030077688e-05
2020-10-21,0.0009083624652878295,0.007830595155729302,1,Sideways,0,Sideways,0.9559444088402395,0.044045191725729134,1.0399434463734564e-05
2020-10-22,-0.01095529177647101,0.00816186316632306,1,Sideways,1,Bull,0.035313767793473734,0.9646633834365649,2.2848768655057144e-05
2020-10-23,-0.006446599482040696,0.00844965440136756,1,Sideways,0,Sideways,0.965104846925605,0.034796333181960445,9.881989229193663e-05
2020-10-26,-0.039489502254223686,0.01267471608560168,0,Bear,1,Bull,0.025071791650866967,0.9734351538344214,0.0014930545153807031
2020-10-27,0.007052415905805541,0.012745599827062434,1,Sideways,0,Sideways,0.973158548753013,0.026638282144211912,0.00020316910251643575
2020-10-28,-0.022461015753292745,0.013055665727602033,0,Bear,1,Bull,0.024858133369033353,0.9750203512546641,0.00012151537637755712
2020-10-29,0.0,0.013055792081449495,1,Sideways,0,Sideways,0.9728443109177265,0.027100851238326812,5.483784389517457e-05
2020-10-30,-0.013039329654950697,0.013329374537132824,0,Bear,1,Bull,0.026080119779539876,0.9738915681155911,2.8312104298131515e-05
2020-11-02,0.01887851335550005,0.01368924308986775,1,Sideways,0,Sideways,0.9712842394795104,0.028600533655417353,0.00011522686390076416
2020-11-03,0.014971994884097322,0.014096749310383482,1,Sideways,1,Bull,0.026979180203661773,0.9729640624675152,5.675732853802061e-05
2020-11-04,0.014665522551806578,0.014475198896077832,1,Sideways,0,Sideways,0.9707418180890595,0.02893846544343052,0.0003197164674236079
2020-11-05,0.01047853376825288,0.014626617984308173,1,Sideways,1,Bull,0.027026551754174476,0.9725570854327241,0.0004163628139476409
2020-11-06,0.010118080870634472,0.014513315984104385,1,Sideways,0,Sideways,0.966562063172692,0.02856581398006511,0.004872122848244876
2020-11-09,0.03260034249330488,0.01601843094785569,1,Sideways,1,Bull,0.02223801309773959,0.9684611973419058,0.009300789558750824
2020-11-10,0.009294923472147037,0.016041314645851325,1,Sideways,0,Sideways,0.947646004719682,0.025882582436052157,0.026471412842611328
2020-11-11,0.028706991056718936,0.016943969556415934,1,Sideways,1,Bull,0.021454797666886117,0.9481405038597486,0.030404698473329363
2020-11-12,-0.005801521233319787,0.016888944347519416,0,Bear,0,Sideways,0.9054636611195428,0.02794864941885709,0.06658768946086217
2020-11-13,0.015216227625476388,0.01702354507892291,1,Sideways,1,Bull,0.025779978412547963,0.9053795883990207,0.06884043318978905
2020-11-16,0.001315606066129286,0.016959924415778083,1,Sideways,0,Sideways,0.8103057553501668,0.03276149255159891,0.15693275209750787
2020-11-17,-0.026091584029466704,0.018202318629134955,0,Bear,1,Bull,0.024628507244553628,0.809851162637278,0.16552033011942224
2020-11-18,0.027405461550110567,0.019062928419089183,2,Bull,0,Sideways,0.7826336938393423,0.03741195692699235,0.17995434923242903
2020-11-19,0.014035605571015826,0.018896216765196375,2,Bull,1,Bull,0.04943116009011408,0.7949392798584608,0.15562956005035847
2020-11-20,0.008342814023366838,0.018731046140883292,2,Bull,0,Sideways,0.8197051039424721,0.06969221772269452,0.1106026783334105
2020-11-23,-0.007353162444884188,0.01584117304802632,0,Bear,1,Bull,0.10004689071700665,0.8476305065121091,0.052322602771606316
2020-11-24,0.005084810733997161,0.015846395587771744,1,Sideways,0,Sideways,0.8595490784190407,0.11479108725337894,0.025659834328795032
2020-11-25,0.0034006469945258213,0.014312324962152779,1,Sideways,1,Bull,0.1176757619015884,0.8640420452137377,0.01828219288606846
2020-11-26,0.012743868292639267,0.014215543303207632,1,Sideways,0,Sideways,0.8526629361873843,0.12444216368671412,0.022894900124464834
2020-11-27,-0.010332618309223015,0.014008575984058337,0,Bear,1,Bull,0.115901347725916,0.8543645060671284,0.029734146208472808
2020-11-30,-0.03453236965518072,0.01681325323671923,0,Bear,0,Sideways,0.7201089373686492,0.12128429662213885,0.15860676601081752
2020-12-01,0.03197025786650998,0.017686266160540122,2,Bull,1,Bull,0.11550493007766131,0.7358380122558034,0.14865705766786438
2020-12-02,0.0001508618052544988,0.017655674480959217,1,Sideways,0,Sideways,0.7698372602056855,0.1316915388611154,0.09847120093469613
2020-12-03,0.004065698380050112,0.017634734127251188,1,Sideways,1,Bull,0.1451021424075441,0.790722575401147,0.06417528219172525
2020-12-04,0.0,0.01765601240363351,1,Sideways,0,Sideways,0.8084362082009807,0.15623679284946043,0.03532699894899676
2020-12-07,-0.0007516576597462477,0.016499985413099664,1,Sideways,1,Bull,0.16262298662708333,0.8220144294687728,0.01536258390393751
2020-12-08,0.007491272471217107,0.016473529927916248,1,Sideways,0,Sideways,0.8256133658879355,0.16922358384287955,0.005163050267987675
2020-12-09,0.007731773907632624,0.01543630833306308,1,Sideways,1,Bull,0.16758219196396754,0.8309380448526666,0.001479763182030769
2020-12-10,0.002293148926287818,0.015307122009268847,1,Sideways,0,Sideways,0.8275944853635708,0.17196635004172636,0.0004391645950265188
2020-12-11,0.01270153788453682,0.015212475860480145,1,Sideways,1,Bull,0.1689342474648413,0.8308874822954788,0.00017827023808796282
2020-12-14,0.01297457400354281,0.015367788985277055,1,Sideways,0,Sideways,0.8259600782114647,0.1738751602407504,0.00016476154598622601
2020-12-15,0.004885040486813276,0.013690884313158744,1,Sideways,1,Bull,0.1706559271670884,0.8292976476740795,4.642515888199793e-05
2020-12-16,-0.0020804483132767096,0.012717222292961093,1,Sideways,0,Sideways,0.8252757404849532,0.17468269938191242,4.156013444095736e-05
2020-12-17,0.004942924323148555,0.012486502098123874,1,Sideways,1,Bull,0.17145571254233058,0.8285239944646842,2.0292991534763093e-05
2020-12-18,0.006339780745428285,0.012450949553201538,1,Sideways,0,Sideways,0.8244083977492499,0.17554831914068875,4.328310979419788e-05
2020-12-21,-0.017116490585002895,0.013058372863626985,0,Bear,1,Bull,0.17209456352098035,0.8278376935465571,6.774293297922578e-05
2020-12-22,0.014770443058040256,0.013332177090716815,1,Sideways,0,Sideways,0.8225684372391379,0.17735519337773412,7.636938314190044e-05
2020-12-23,0.008998464286051435,0.01339780735049103,1,Sideways,1,Bull,0.17398374764747115,0.8259827549083353,3.3497444927560535e-05
2020-12-24,0.00583754736527878,0.013231246508945431,1,Sideways,0,Sideways,0.8216828592706688,0.1782707677379036,4.637298993215878e-05
2020-12-28,0.009283560450628853,0.012912804854373435,1,Sideways,1,Bull,0.17502631257146667,0.824949539847878,2.4147581678905266e-05
2020-12-29,0.014074058165625182,0.009366508670183842,1,Sideways,0,Sideways,0.8204368923090997,0.17953676467730417,2.6343012716646033e-05
2020-12-30,0.01374362214662779,0.0074388856180151565,1,Sideways,1,Bull,0.17547301496906273,0.8245145275059664,1.2457523738673913e-05
2020-12-31,-0.0021647104309228215,0.007544072315220308,1,Sideways,0,Sideways,0.8201223556089591,0.17986266014342375,1.4984247919403581e-05
2021-01-04,0.01258389500547902,0.007703486437219272,1,Sideways,1,Bull,0.1769356306522017,0.8230549592404898,9.410106447329241e-06
2021-01-05,-0.0038861554187983776,0.00790458249807559,1,Sideways,0,Sideways,0.8173998046924991,0.18258275390401407,1.7441405158333195e-05
2021-01-06,0.01055110459149772,0.007827788490402127,1,Sideways,1,Bull,0.18044355012872132,0.8195486601232668,7.78974768665769e-06
2021-01-07,0.011097942915483718,0.007900364706879838,1,Sideways,0,Sideways,0.812822665257592,0.187154826649869,2.25080920834915e-05
2021-01-08,0.012015294293788616,0.007996472091186434,1,Sideways,1,Bull,0.1848570077659784,0.8151341001093486,8.892123930626558e-06
2021-01-11,-0.0028601474978133864,0.008222131707240758,1,Sideways,0,Sideways,0.8083238001558755,0.19165722553146364,1.897431360893725e-05
2021-01-12,0.008620541146634976,0.00810561982521914,1,Sideways,1,Bull,0.19001547873234256,0.8099776237535189,6.897512664807762e-06
2021-01-13,0.006304690565143216,0.007944828073275637,1,Sideways,0,Sideways,0.8023026065213118,0.19767720629195665,2.018718600938245e-05
2021-01-14,-0.008178041301002626,0.008538534089686942,1,Sideways,1,Bull,0.19609888790229532,0.8038926721597246,8.439939024662845e-06
2021-01-15,-0.0143924665490385,0.009478850946572226,0,Bear,0,Sideways,0.7965602636072239,0.20339561256379188,4.412382853871094e-05
2021-01-18,0.02096592919255386,0.010167830655801097,1,Sideways,1,Bull,0.20125084436912272,0.7987264741703581,2.2681460141679583e-05
2021-01-19,0.005253388115456273,0.01016505058476898,1,Sideways,0,Sideways,0.7880368051798075,0.21193225188307915,3.094293586214081e-05
2021-01-20,0.0028075871460179146,0.008730143563198801,1,Sideways,1,Bull,0.21133423140041646,0.7886594249913834,6.343608571681287e-06
2021-01-21,-0.011406737422074237,0.009330508797729412,0,Bear,0,Sideways,0.7783648232133432,0.22159533479835786,3.984198970065698e-05
2021-01-22,-0.005882195148786337,0.009581658068973098,1,Sideways,1,Bull,0.22066672661239592,0.779320657006643,1.2616381286724152e-05
2021-01-25,-0.0014922382949686648,0.009656356613179127,1,Sideways,0,Sideways,0.7697331530126428,0.230028384439104,0.00023846254766011314
2021-01-26,-0.0026655397144577093,0.009672248349447271,1,Sideways,1,Bull,0.22795908457168992,0.7706984689974093,0.0013424464303230781
2021-01-27,-0.04602722287774472,0.014342633307201315,0,Bear,0,Sideways,0.6740436115775283,0.2371707991138873,0.08878558931039927
2021-01-28,0.021111695274317978,0.014794981337894643,1,Sideways,1,Bull,0.22716886185719995,0.7316441725222608,0.04118696561894198
2021-01-29,-0.016690647747255566,0.015287126904097835,0,Bear,0,Sideways,0.7509523023539327,0.22996627192126207,0.01908142572469133
2021-02-01,0.012812028795951011,0.015297177734832957,1,Sideways,1,Bull,0.21649872275047333,0.7768759477997897,0.006625329451536848
2021-02-02,0.012583809186833817,0.015524095841675058,1,Sideways,0,Sideways,0.7813560590209417,0.21678623806177977,0.0018577029170686859
2021-02-03,0.014581504638805276,0.01568368254977548,1,Sideways,1,Bull,0.20088399565096604,0.7981715226624393,0.0009444816872470472
2021-02-04,0.0008473559303840381,0.01550026189938783,1,Sideways,0,Sideways,0.7988511204851114,0.20084962252428876,0.00029925699061482815
2021-02-05,-0.005029233721069941,0.015296139784397044,0,Bear,1,Bull,0.18799394879279518,0.811728561473539,0.00027748973315075084
2021-02-08,0.005029233721069849,0.015332041957943434,1,Sideways,0,Sideways,0.8119720052924533,0.18789740427125837,0.00013059043593241515
2021-02-09,0.005975984038359766,0.015264654383445429,1,Sideways,1,Bull,0.17495015386255797,0.824875181229001,0.00017466490979591826
2021-02-10,0.0019410046999086235,0.015198210889256436,1,Sideways,0,Sideways,0.8251107112588814,0.1747827768905363,0.00010651184886924109
2021-02-11,-0.0009700314126226314,0.015088948989627746,1,Sideways,1,Bull,0.16218394576903805,0.8376511583767854,0.00016489585392768705
2021-02-12,-0.004669262283744619,0.01475486007654092,0,Bear,0,Sideways,0.8379877470244202,0.16190765275225869,0.0001046002243449505
2021-02-15,0.015544175340911797,0.014403790543324949,1,Sideways,1,Bull,0.14894064361638273,0.8508969514357222,0.0001624049476454045
2021-02-16,-0.012688112339915222,0.01462831914603324,0,Bear,0,Sideways,0.8506130618914449,0.1492220122271894,0.00016492588095396455
2021-02-17,-0.001427051481854611,0.014605287543753951,1,Sideways,1,Bull,0.13746845663475676,0.862393608869654,0.00013793449433833978
2021-02-18,0.0037577495216870736,0.014425069324874853,1,Sideways,0,Sideways,0.8627221366441544,0.13720552197275412,7.234138265155618e-05
2021-02-19,0.00894844594030427,0.014496870046709673,1,Sideways,1,Bull,0.12511568048370325,0.8747479166904166,0.0001364028240639844
2021-02-22,-0.006236159256656769,0.014571071299101391,0,Bear,0,Sideways,0.8748553147746112,0.12492317912179501,0.00022150610535747283
2021-02-23,-0.0213141535316383,0.015349191240139897,0,Bear,1,Bull,0.11283534915270774,0.8863761123313088,0.0007885385151203177
2021-02-24,-0.02326071386207682,0.012354693921142822,0,Bear,0,Sideways,0.885964698067112,0.11363388340044976,0.0004014185323786824
2021-02-25,0.0035001763963857396,0.011402387474850303,1,Sideways,1,Bull,0.10140651174161365,0.8985169153156156,7.657294153849354e-05
2021-02-26,-0.011352935975238622,0.011056723628597059,0,Bear,0,Sideways,0.8991086864292405,0.10081135176096771,7.996180963965452e-05
2021-03-01,0.03741810212791768,0.013634272289093493,1,Sideways,1,Bull,0.08676006928025634,0.9125935866555233,0.0006463440635318822
2021-03-02,0.0008507383043925695,0.013366611224914149,1,Sideways,0,Sideways,0.9102529182317897,0.08964601705685539,0.00010106471297862761
2021-03-03,0.0015031976892549682,0.012958876932363264,1,Sideways,1,Bull,0.08700901684329392,0.9129648230856897,2.6160069203235583e-05
2021-03-04,0.0044964796650062006,0.01299827356686586,1,Sideways,0,Sideways,0.9102690153367086,0.08969286395773265,3.812070523508724e-05
2021-03-05,0.002597417852200816,0.012951637809045744,1,Sideways,1,Bull,0.08683053130621503,0.9131499754023394,1.9493293100595723e-05
2021-03-08,-0.007616489170544992,0.013026433475301689,0,Bear,0,Sideways,0.9106145466568702,0.08933307224136029,5.238110119225434e-05
2021-03-09,0.012274875820033762,0.013256454981947259,1,Sideways,1,Bull,0.08620189918131375,0.9137705416931196,2.755912491808367e-05
2021-03-10,0.010083277607960137,0.013437660463033284,1,Sideways,0,Sideways,0.9109416022873442,0.08900558205947187,5.281565359365197e-05
2021-03-11,-0.005382257514858571,0.013500381027600289,1,Sideways,1,Bull,0.0859468292779154,0.9140218707405782,3.129998166770811e-05
2021-03-12,0.0005780720193446336,0.013448563485038029,1,Sideways,0,Sideways,0.9116515092254566,0.08829984899182264,4.86417824210652e-05
2021-03-15,-0.0012207489917999185,0.012983405828700138,1,Sideways,1,Bull,0.08519755769532031,0.9147638826475007,3.8559655822954775e-05
2021-03-16,0.009533392803290809,0.012810343239521474,1,Sideways,0,Sideways,0.9121906868436418,0.08742317703816653,0.00038613611781322313
2021-03-17,-0.005299353386228023,0.012876245076703248,1,Sideways,1,Bull,0.0825560455562768,0.9158701711861787,0.0015737832592994812
2021-03-18,-0.00719559056561386,0.012971615726081515,0,Bear,0,Sideways,0.8883171672226579,0.08434003586002703,0.027342796918835045
2021-03-19,-0.014221492074740511,0.01317705339504621,0,Bear,1,Bull,0.0008525014712421257,0.8918360020550391,0.10731149647298587
2021-03-22,-0.10303780832325798,0.026370110508510163,0,Bear,2,Bear,3.8491805466358794e-22,4.814954067927578e-15,1.0
2021-03-23,-0.0013784849717259492,0.02613062923223323,2,Bull,2,Bear,2.530982139223237e-09,4.00248536824422e-07,0.9999995972212575
2021-03-24,0.026154229963934048,0.026630260847210985,2,Bull,2,Bear,6.873613010777111e-10,2.193542380457589e-07,0.9999997799568761
2021-03-25,-0.01388770180016656,0.026711695215336218,2,Bull,2,Bear,3.8139809149383495e-10,8.820811422157714e-08,0.999999911411582
2021-03-26,-0.00878779420243448,0.026676902685619105,2,Bull,2,Bear,1.9426730920931927e-09,1.4393825323649514e-07,0.9999998541206985
2021-03-29,0.007496040562537126,0.025074278044236682,2,Bull,2,Bear,1.983779511941667e-08,1.4322874703127357e-06,0.9999985478763477
2021-03-30,0.0022952888469936457,0.02509294883386483,2,Bull,2,Bear,1.577194968143331e-08,1.2649359395764688e-06,0.9999987192903989
2021-03-31,-0.002941704228022885,0.025056164522729886,2,Bull,2,Bear,8.47956976352704e-09,1.0447611500743196e-06,0.9999989467583963
2021-04-01,0.02476794500269862,0.025848357887308767,2,Bull,2,Bear,2.7927342394223665e-09,4.954474027059534e-07,0.9999995017607366
2021-04-05,0.01080636628140741,0.026019221945836654,2,Bull,2,Bear,3.337511200474019e-09,6.065546555992297e-07,0.9999993901075909
2021-04-06,-0.01502106204079033,0.026135560100240807,2,Bull,2,Bear,8.628377915746951e-10,1.424432563122165e-07,0.999999856692749
2021-04-07,-0.001902389560769687,0.025869838572492598,2,Bull,2,Bear,4.751183979933676e-09,5.036165686613037e-07,0.9999994916326087
2021-04-08,-0.0009173087753103144,0.025661170323905427,2,Bull,2,Bear,3.849247477978855e-09,6.480291691421539e-07,0.999999348121704
2021-04-09,-0.016656394756295843,0.025794002867968093,2,Bull,2,Bear,7.485509479475692e-10,1.6903617115163943e-07,0.9999998302155435
2021-04-12,-0.012495122748345874,0.02579640008181212,2,Bull,2,Bear,1.8537830743912227e-09,2.5462102528123924e-07,0.9999997435261649
2021-04-13,0.001815353402526468,0.025836118661136383,2,Bull,2,Bear,4.490074025369946e-09,6.115039152103602e-07,0.9999993840067042
2021-04-14,0.022098738403250585,0.02638186341837256,2,Bull,2,Bear,1.6690355407753539e-09,3.4104616967380023e-07,0.9999996572842652
2021-04-15,-0.000993901213962163,0.026400419728856803,2,Bull,2,Bear,2.260101170581335e-09,3.1285895019934906e-07,0.9999996848819633
2021-04-16,0.0002130248535750464,0.02642291392119576,2,Bull,2,Bear,1.4965503618457666e-07,3.363274335496875e-07,0.9999995140170812
2021-04-19,-0.022188873588929396,0.026631202782522404,0,Bear,2,Bear,1.3939973548737091e-05,6.0836476909201934e-05,0.9999252235485279
2021-04-20,-0.008678153499178692,0.013524190243107631,0,Bear,0,Sideways,0.6112246655812905,0.09822006668111928,0.2905552677359046
2021-04-21,-0.025819455263702377,0.014663079785876736,0,Bear,1,Bull,0.1198328382274065,0.6833498116555673,0.19681735011730825
2021-04-22,0.010987911300971515,0.013490272067794335,1,Sideways,0,Sideways,0.8148668010046943,0.16172663543162125,0.02340656356243725
2021-04-23,0.0,0.013227609117628523,1,Sideways,1,Bull,0.16564904864290603,0.8306809034957476,0.003670047861827741
2021-04-26,0.021183461848695944,0.01406504505767466,1,Sideways,0,Sideways,0.8297460138433292,0.16919667895201507,0.0010573072044955639
2021-04-27,0.013015437042366415,0.01427853803170501,1,Sideways,1,Bull,0.16208652695050496,0.8376165413646254,0.0002969316855238627
2021-04-28,-0.0043918193626138165,0.014299709358935365,1,Sideways,0,Sideways,0.8360003287175494,0.16388804152640593,0.00011162975707228408
2021-04-29,0.01119329763891027,0.01451289745981876,1,Sideways,1,Bull,0.1577229830910087,0.8421999285882918,7.708832076942374e-05
2021-04-30,-0.0026434986934039508,0.013331920628054888,1,Sideways,0,Sideways,0.8401431397925817,0.1598049518487217,5.19083588077931e-05
2021-05-03,0.01660194563325854,0.013661412010795715,1,Sideways,1,Bull,0.1543964340870354,0.8455491588901931,5.440702363459657e-05
2021-05-04,-0.0034536975175941845,0.013263606489434306,1,Sideways,0,Sideways,0.8424262200401617,0.15752326537397668,5.051458531613392e-05
2021-05-05,0.0026090138228786544,0.013270623911770767,1,Sideways,1,Bull,0.15365239602979236,0.8463187466787322,2.8857289791156754e-05
2021-05-06,0.005407880744610517,0.013321029944700517,1,Sideways,0,Sideways,0.8432722311944816,0.15668480760306439,4.2961203678761226e-05
2021-05-07,0.009480759698503571,0.012833833321984902,1,Sideways,1,Bull,0.15257559416015337,0.8473973907546659,2.7015086804496044e-05
2021-05-10,0.013507254470132098,0.012635980105771872,1,Sideways,0,Sideways,0.8441485130662877,0.1558017789641758,4.970797085830533e-05
2021-05-11,-0.011012627246603882,0.013018900000227745,0,Bear,1,Bull,0.1510058412052606,0.8489473311427325,4.682765249217624e-05
2021-05-12,-0.0024946272235281484,0.012191123716971338,1,Sideways,0,Sideways,0.8462713572309097,0.15369650461959633,3.213814832714211e-05
2021-05-13,0.0,0.012184050453721873,1,Sideways,1,Bull,0.14939859603962888,0.8505811503289485,2.025363172730438e-05
2021-05-14,0.0,0.012185029535193605,1,Sideways,0,Sideways,0.8479952493732527,0.1519770480038864,2.7702621451933577e-05
2021-05-17,0.008979248488419555,0.010973886001887454,1,Sideways,1,Bull,0.14757942611832034,0.8524052311528387,1.5342727538811853e-05
2021-05-18,0.003637709278572246,0.010640905397874203,1,Sideways,0,Sideways,0.8495115336984215,0.15046969231327104,1.8773987581771994e-05
2021-05-19,0.0,0.008204390743624031,1,Sideways,1,Bull,0.14639989070596146,0.8535913472160033,8.76207782349767e-06
2021-05-20,-0.006736794904825669,0.00843556010390492,1,Sideways,0,Sideways,0.8509175852551969,0.14906679110675117,1.562363753792844e-05
2021-05-21,0.0013785572450523472,0.008408946262541643,1,Sideways,1,Bull,0.1447945473378137,0.8551958345142862,9.618148885709437e-06
2021-05-24,0.00027541629776008087,0.007371440411534318,1,Sideways,0,Sideways,0.8526363734017209,0.1473172000991617,4.642649769448197e-05
2021-05-25,-0.036464587960314244,0.011107523545232874,0,Bear,1,Bull,0.142540459443785,0.856963529120461,0.0004960114343970606
2021-05-26,0.019029362032416525,0.011800555727541911,1,Sideways,0,Sideways,0.8460022160605982,0.15384910861904955,0.0001486753210458714
2021-05-27,-0.008514824002357322,0.01176823374533354,0,Bear,1,Bull,0.1527324859638308,0.8472415290807686,2.598495507288938e-05
2021-05-28,0.005005044568348516,0.01178567437908173,1,Sideways,0,Sideways,0.8397788261692017,0.16018426358806473,3.6910244163291186e-05
2021-05-31,-0.0011257189111992926,0.011191216291710436,1,Sideways,1,Bull,0.15896826316485688,0.8410216872705604,1.0049565927818297e-05
2021-06-01,0.008063189013919593,0.011301247099562454,1,Sideways,0,Sideways,0.8339668483020449,0.16600037693903094,3.277476052123678e-05
2021-06-02,-0.0009082724796912619,0.011294904582389253,1,Sideways,1,Bull,0.16439232284333727,0.8355968851185214,1.0792037290129896e-05
2021-06-03,-0.0018189381109339686,0.011240902023498265,1,Sideways,0,Sideways,0.8293076804180556,0.17066246707623933,2.9852505627570346e-05
2021-06-04,0.003355525150513683,0.011051244526245776,1,Sideways,1,Bull,0.16895594941773334,0.8310341044302175,9.946152371051034e-06
2021-06-07,0.009861124585998958,0.010839668993707374,1,Sideways,0,Sideways,0.8246885560150697,0.17528192621644612,2.9517767949925265e-05
2021-06-08,0.0003454607870581549,0.010552229334630098,1,Sideways,1,Bull,0.17309269339552294,0.826897443959544,9.862645613318008e-06
2021-06-09,0.0011046563686639378,0.010536449897549802,1,Sideways,0,Sideways,0.8215123976031373,0.1784649366606664,2.2665735419853173e-05
2021-06-10,0.005161950929658738,0.010592476474282743,1,Sideways,1,Bull,0.17616456434401484,0.8238256734201485,9.762237534288592e-06
2021-06-11,0.0028791460930715994,0.0106044320916685,1,Sideways,0,Sideways,0.8182930120237332,0.18168372030185367,2.326767566736699e-05
2021-06-14,-0.004528005981712371,0.0104771024787869,1,Sideways,1,Bull,0.17938431058260976,0.8206048052416235,1.0884174649072513e-05
2021-06-15,-0.008077737501315716,0.010589911237516738,1,Sideways,0,Sideways,0.8152211457814683,0.18474824916481417,3.060505361014353e-05
2021-06-16,-0.007863824641831812,0.01071229767859306,1,Sideways,1,Bull,0.1822129772682733,0.8177722950867223,1.472764518957316e-05
2021-06-17,-0.012019168281862532,0.010924746015364797,0,Bear,0,Sideways,0.8124850790923336,0.1874689176370879,4.6003268910083884e-05
2021-06-18,-0.016469181811225475,0.011417174181673595,0,Bear,1,Bull,0.1845141792831094,0.8154511614744357,3.465924269041694e-05
2021-06-21,0.005305390699279537,0.011527939640075577,1,Sideways,0,Sideways,0.8094891330113217,0.19048016550327687,3.0701485989807686e-05
2021-06-22,0.008118606597849172,0.008366046148236893,1,Sideways,1,Bull,0.1882403662155483,0.8117514603085505,8.17347583192034e-06
2021-06-23,-0.0053337534167913194,0.007193922298568761,1,Sideways,0,Sideways,0.8054964007770485,0.19448557241492634,1.8026806785364014e-05
2021-06-24,0.005971913570768691,0.007112845910705822,1,Sideways,1,Bull,0.19253525913340333,0.8074580635434092,6.677322994440209e-06
2021-06-25,-0.013487200166680665,0.0075933416545601925,0,Bear,0,Sideways,0.8008154330227745,0.19915517871535077,2.9388260491336408e-05
2021-06-28,-0.013453170951195992,0.008082402907972118,0,Bear,1,Bull,0.19688943749807997,0.8030983097503656,1.2252750045560114e-05
2021-06-29,-0.001165833425357004,0.007753022929838736,1,Sideways,0,Sideways,0.7965326528996339,0.20344954463266698,1.7802467687594446e-05
2021-06-30,-0.01129034154208574,0.008008779355646603,0,Bear,1,Bull,0.20158592873025172,0.7984046020398234,9.469228245379311e-06
2021-07-01,0.012092020235354703,0.008663876271555284,1,Sideways,0,Sideways,0.7912567057606011,0.20871826740830032,2.5026830081859593e-05
2021-07-02,0.0028368254131129846,0.008647842429175018,1,Sideways,1,Bull,0.20629787202787783,0.793694200430949,7.927542949788504e-06
2021-07-05,0.011483163461834337,0.00877165911512771,1,Sideways,0,Sideways,0.7879639253728171,0.21201382704082722,2.2247587422756798e-05
2021-07-06,-0.007206669507221852,0.008831376901483322,1,Sideways,1,Bull,0.2087982223137956,0.7911909844166735,1.0793271014579939e-05
2021-07-07,0.005769554731117995,0.00898619316138384,1,Sideways,0,Sideways,0.7865361549947862,0.2134462957577,1.754924843963508e-05
2021-07-08,-0.01273723185586249,0.009119016429806249,0,Bear,1,Bull,0.2099851423982202,0.7899995452702403,1.5312332693795214e-05
2021-07-09,0.003852784871762,0.009154352944166872,1,Sideways,0,Sideways,0.7850719324646512,0.21490965630652487,1.8411227844273027e-05
2021-07-12,-0.015574503745845672,0.009580434504847147,0,Bear,1,Bull,0.21176860254915314,0.7882115854621806,1.981198894898463e-05
2021-07-13,-0.007544976488722662,0.009567658511843546,1,Sideways,0,Sideways,0.7823042953793038,0.2176700563849985,2.5648234454777962e-05
2021-07-14,0.015106663661817779,0.010354490917208121,1,Sideways,1,Bull,0.21515181884579873,0.784833376796161,1.4804356761647835e-05
2021-07-15,0.0,0.01010573716546433,1,Sideways,0,Sideways,0.7770774185585005,0.22289764857675332,2.4932865874614828e-05
2021-07-16,-0.0029297764731749886,0.009498585302019162,1,Sideways,1,Bull,0.2213756848300714,0.7786160350190146,8.280149854220465e-06
2021-07-19,-0.008619254962434448,0.009521664759577454,1,Sideways,0,Sideways,0.7709582373685949,0.2290130610958794,2.870153711659433e-05
2021-07-20,0.0,0.009249975844186051,1,Sideways,1,Bull,0.22723786075485128,0.7727540692411082,8.070004259550638e-06
2021-07-21,0.0,0.009229050143025386,1,Sideways,0,Sideways,0.7655712358775031,0.23440834963871407,2.0414483341614926e-05
2021-07-22,0.0,0.009057857981084038,1,Sideways,1,Bull,0.2325502845147005,0.7674420635718799,7.651914157799682e-06
2021-07-23,0.0,0.008662283927579015,1,Sideways,0,Sideways,0.7603414184307836,0.2396396951199273,1.888644766133244e-05
2021-07-26,-0.0018513823032670395,0.008193273068764283,1,Sideways,1,Bull,0.23770834125073956,0.762284386187651,7.272561298642178e-06
2021-07-27,0.00775287674552823,0.008417063014459849,1,Sideways,0,Sideways,0.7553054665219582,0.24467461963875872,1.9913839936623757e-05
2021-07-28,0.0008822817700254318,0.008022256090695538,1,Sideways,1,Bull,0.2422635709430104,0.7577281961399999,8.23291815559765e-06
2021-07-29,0.022381378190494638,0.009086666440771107,1,Sideways,0,Sideways,0.7514855183603686,0.2484610548596143,5.342678151434878e-05
2021-07-30,0.0009336927619381523,0.009072846508244378,1,Sideways,1,Bull,0.24278581211161607,0.7571994467633609,1.4741125557736276e-05
2021-08-02,0.004869996791573092,0.008770218559953335,1,Sideways,0,Sideways,0.7544553926568063,0.2455308912111516,1.3716132550113352e-05
2021-08-03,0.006480454163495212,0.008691044315521892,1,Sideways,1,Bull,0.23949511613822927,0.7604917648568479,1.3119003157455989e-05
2021-08-04,0.0035428551251026324,0.008640014042377114,1,Sideways,0,Sideways,0.7577137038639424,0.2422728602811592,1.3435854175838824e-05
2021-08-05,0.012651259747223855,0.00840403441528927,1,Sideways,1,Bull,0.23645160831012513,0.7635330735913449,1.5318097842025007e-05
2021-08-06,0.002093083677009644,0.008393887211174003,1,Sideways,0,Sideways,0.759951491913819,0.2400346305255208,1.3877559409770652e-05
2021-08-09,-0.0015345506516161542,0.007370703580339918,1,Sideways,1,Bull,0.23543090611859566,0.764559252384441,9.841495376593115e-06
2021-08-10,0.0034145535411067725,0.006964301601976434,1,Sideways,0,Sideways,0.7611561493938948,0.23883007543987148,1.3775167966948526e-05
2021-08-11,-0.018677690490160534,0.007964694265189105,0,Bear,1,Bull,0.23393633392771873,0.7660355278803268,2.8138193664783965e-05
2021-08-12,0.02353537873142181,0.00934043856448729,1,Sideways,0,Sideways,0.7613684809244845,0.23857200465019407,5.9514423916048504e-05
2021-08-13,0.002143766319153996,0.009246594388343627,1,Sideways,1,Bull,0.23078468285853562,0.7691968044664712,1.8512675116784825e-05
2021-08-16,0.005305130755904353,0.008841006656338605,1,Sideways,0,Sideways,0.7676148803781556,0.23237235880028956,1.2760822435083705e-05
2021-08-17,0.004387949643451216,0.008798800441055524,1,Sideways,1,Bull,0.22416601775410105,0.7758180342799551,1.5947964403882076e-05
2021-08-18,-0.00831242944725961,0.009181491820408522,1,Sideways,0,Sideways,0.7743585107870774,0.22562500782891387,1.6481385249827902e-05
2021-08-19,-0.006713991516135592,0.009435422761147519,1,Sideways,1,Bull,0.21730217501985485,0.7826772522708346,2.0572708760058333e-05
2021-08-20,0.003258783423571808,0.009405995993373132,1,Sideways,0,Sideways,0.7813683983191058,0.21861839237667985,1.3209305878278295e-05
2021-08-23,0.01012450604373296,0.009440109649750356,1,Sideways,1,Bull,0.21020607683819773,0.789774617178183,1.930598484139493e-05
2021-08-24,0.004512443270440882,0.00939868807146717,1,Sideways,0,Sideways,0.7881302666812086,0.21185573645476782,1.3996863245687727e-05
2021-08-25,-0.00863250093113859,0.009785092582938694,1,Sideways,1,Bull,0.20427903168532097,0.7956993448347739,2.1623479596969847e-05
2021-08-26,-0.00330834555659083,0.008781498920355058,1,Sideways,0,Sideways,0.7941075417930712,0.20587925679402538,1.3201414386149458e-05
2021-08-27,0.006674261994969297,0.008838316913180957,1,Sideways,1,Bull,0.1986494101191342,0.8013359948020952,1.4595078834285506e-05
2021-08-30,0.0,0.008830599335442257,1,Sideways,0,Sideways,0.7995611487186864,0.2004261962366243,1.2655045385499185e-05
2021-08-31,0.00948713816757055,0.008935019400022136,1,Sideways,1,Bull,0.19367603863931046,0.8063090339725876,1.4927387167419025e-05
2021-09-01,0.0013576885121905358,0.00893106278579725,1,Sideways,0,Sideways,0.8041450474884737,0.19584181359197753,1.3138921108792627e-05
2021-09-02,0.0033861785959470765,0.008588028553359902,1,Sideways,1,Bull,0.18989043974287184,0.810097685057957,1.1875200339126962e-05
2021-09-03,-0.007056193059403028,0.008802781380090451,1,Sideways,0,Sideways,0.807952397279431,0.19203204809223764,1.555463004275609e-05
2021-09-06,0.004076945274813994,0.008801550176088259,1,Sideways,1,Bull,0.1860041466348552,0.8139831213310958,1.2732034244520444e-05
2021-09-07,-0.013654874853686634,0.009407571840209579,0,Bear,0,Sideways,0.8118807833531254,0.18809225501058913,2.6961635844110648e-05
2021-09-08,-0.014401630021308037,0.008985650352646838,0,Bear,1,Bull,0.18114567092424372,0.8188282142243696,2.6114851360112977e-05
2021-09-09,0.013025822796157731,0.00781808285116734,1,Sideways,0,Sideways,0.8167974036307603,0.18318419550441253,1.8400863905628576e-05
2021-09-10,-0.009684017678058973,0.008111755291854188,1,Sideways,1,Bull,0.17553505734987365,0.824446804586939,1.8138062222979666e-05
2021-09-13,-0.0002780010318198478,0.00800375575023207,1,Sideways,0,Sideways,0.8231410915110942,0.17684749730828406,1.1411182215543215e-05
2021-09-14,-0.002715163682423767,0.007928599031738525,1,Sideways,1,Bull,0.16956209411197828,0.8304246512444032,1.3254644371455142e-05
2021-09-15,-0.007276885874648057,0.007881177731668937,1,Sideways,0,Sideways,0.8292195653858154,0.17076716755209315,1.3267063089928506e-05
2021-09-16,-0.004222407368793576,0.007803596985935641,1,Sideways,1,Bull,0.16317171194536711,0.8368142685598197,1.401949474730172e-05
2021-09-17,0.000986841463597323,0.007758324756850141,1,Sideways,0,Sideways,0.8357795041948449,0.1642086603004948,1.1835506304430238e-05
2021-09-20,-0.019564456463208858,0.008358997216846634,0,Bear,1,Bull,0.15643876925382316,0.8435251864879774,3.604425834815724e-05
2021-09-21,-0.004536520510662976,0.008210768170852813,1,Sideways,0,Sideways,0.8416258627338369,0.1583597629173486,1.4374349584495026e-05
2021-09-22,0.015681835343954835,0.00906042767179372,1,Sideways,1,Bull,0.1527883815554621,0.8471948166015556,1.6801841633485134e-05
2021-09-23,-0.004272012058154037,0.009072539000266463,1,Sideways,0,Sideways,0.8441991405474432,0.15578421254332017,1.6646910218644495e-05
2021-09-24,-0.012059593511829062,0.009134820608500113,0,Bear,1,Bull,0.15185383477595019,0.8481317701201035,1.4395104082618137e-05
2021-09-27,0.005042538547325549,0.00927841155327103,1,Sideways,0,Sideways,0.8448018955372948,0.15518196765788228,1.6136805483253216e-05
2021-09-28,-0.00569264303491925,0.008872530917251906,1,Sideways,1,Bull,0.15143340764188795,0.8485566651498954,9.92720983430353e-06
2021-09-29,0.005836395224285028,0.009045601655961605,1,Sideways,0,Sideways,0.8454792749316913,0.1545052102854401,1.5514781981515986e-05
2021-09-30,0.010363494971832789,0.009426087227525944,1,Sideways,1,Bull,0.15041875449906067,0.8495700444515971,1.1201047980613243e-05
2021-10-01,-0.003490192196694998,0.00936932251305541,1,Sideways,0,Sideways,0.84620467033231,0.15377837395602725,1.695571183685642e-05
2021-10-04,-0.005078885943577164,0.009262263903678732,1,Sideways,1,Bull,0.15030015826196105,0.8496900082532973,9.833485041435716e-06
2021-10-05,-0.0019381690209264988,0.008903104735949697,1,Sideways,0,Sideways,0.8463924975447167,0.15359168807621834,1.5814380483497087e-05
2021-10-06,-0.014475252187187145,0.008908422863095008,0,Bear,1,Bull,0.15006214137908036,0.8499220011156658,1.5857506218322026e-05
2021-10-07,0.018204711261647136,0.009434553865607981,1,Sideways,0,Sideways,0.8459606449650525,0.1540049289575499,3.442607657402347e-05
2021-10-08,0.0007871347771695396,0.009272415994332013,1,Sideways,1,Bull,0.1490635825458208,0.8509242623823547,1.2155070734620828e-05
2021-10-11,0.013005210535134218,0.009819238472850825,1,Sideways,0,Sideways,0.8487816610762497,0.15119709471314993,2.1244211743882497e-05
2021-10-12,0.00035297212196976963,0.009811224701599163,1,Sideways,1,Bull,0.14473145741407445,0.8552538752352762,1.4667350140822427e-05
2021-10-13,-0.0023318699094067004,0.009696199532664996,1,Sideways,0,Sideways,0.8539447961493621,0.14604073116389854,1.4472685390652707e-05
2021-10-14,-0.0012033839297676849,0.009656487988910506,1,Sideways,1,Bull,0.13949939770717915,0.8604863786474811,1.4223646765557595e-05
2021-10-15,-0.0015595699171241527,0.009656538115511865,1,Sideways,0,Sideways,0.8592822492455455,0.14070381459508785,1.3936160008875641e-05
2021-10-18,0.005729790896637262,0.008606371386927361,1,Sideways,1,Bull,0.13406092231234326,0.8659265406416331,1.253704508215814e-05
2021-10-19,0.008568768679723952,0.008667878164794559,1,Sideways,0,Sideways,0.8646577338425585,0.1353283380485542,1.3928110410008055e-05
2021-10-20,0.002026087725631436,0.008011004312685045,1,Sideways,1,Bull,0.12816505887936716,0.8718223884103513,1.255271139016986e-05
2021-10-21,0.015650186012563093,0.008555357479640107,1,Sideways,0,Sideways,0.8709414042568957,0.1290371201324013,2.147560906102137e-05
2021-10-22,0.016693745710242222,0.008504146779334488,1,Sideways,1,Bull,0.11891571399464926,0.8810576938767539,2.6592127588164042e-05
2021-10-25,0.008745983210212034,0.008583473682441105,1,Sideways,0,Sideways,0.8802352339682783,0.11975059116160053,1.4174870631531496e-05
2021-10-26,0.010859099841867404,0.0084463510881526,1,Sideways,1,Bull,0.11182842138216939,0.8881557280016016,1.5850614785193052e-05
2021-10-27,0.006670093340598633,0.008456190356417235,1,Sideways,0,Sideways,0.887314061380957,0.11267337579156016,1.2562825976148901e-05
2021-10-28,0.0017755342404055699,0.008353732585682692,1,Sideways,1,Bull,0.1053976736828885,0.8945899546557119,1.2371660770017684e-05
2021-10-29,0.0,0.008225607883338893,1,Sideways,0,Sideways,0.8940243952184505,0.10596457842793316,1.1026352557923542e-05
2021-11-01,0.009351670312491425,0.008005827150352626,1,Sideways,1,Bull,0.09866117107663865,0.9013254769208869,1.335200121333275e-05
2021-11-02,-0.0020851576399929647,0.00801244725362077,1,Sideways,0,Sideways,0.900560459179579,0.09942821231349122,1.1328505778180031e-05
2021-11-03,0.009025806115104347,0.006636003897165819,1,Sideways,1,Bull,0.0930231901924438,0.906964781382039,1.2028426304374379e-05
2021-11-04,0.018382034230944623,0.006653245737671221,1,Sideways,0,Sideways,0.9059820103959849,0.0939910139768456,2.6975628354713884e-05
2021-11-05,0.005001083031232865,0.006544570849965497,1,Sideways,1,Bull,0.08483505121837208,0.9151495581665661,1.539061471742372e-05
2021-11-08,0.01560135330966926,0.006709629577172343,1,Sideways,0,Sideways,0.9152196656105083,0.08476072742283525,1.960696718873408e-05
2021-11-09,0.004404345244717225,0.006578517682353408,1,Sideways,1,Bull,0.07227855527231043,0.9277025705653952,1.887416272317562e-05
2021-11-10,0.005247364089227768,0.0062490689373760275,1,Sideways,0,Sideways,0.9285516559056874,0.07143791651188318,1.0427583834427969e-05
2021-11-11,0.000615539444464645,0.00613647264412606,1,Sideways,1,Bull,0.058658701196627645,0.941322337216599,1.8961587301169913e-05
2021-11-12,0.008211895446416003,0.005795689577044958,1,Sideways,0,Sideways,0.9424057891051743,0.057572558965469624,2.1651928996827504e-05
2021-11-15,0.03831655362790278,0.008973918990927393,1,Sideways,1,Bull,0.04278632353467309,0.9569013397558215,0.0003123367097742593
2021-11-16,-0.009976170795024265,0.009943220414719041,0,Bear,0,Sideways,0.9556579731458469,0.04430416486767487,3.7861987267403404e-05
2021-11-17,0.012615869553163716,0.009877441092865901,1,Sideways,1,Bull,0.04157949364376586,0.9584103770937294,1.0129262868773365e-05
2021-11-18,0.01736450613837472,0.009947612511362653,1,Sideways,0,Sideways,0.9567397477219646,0.04322999140048608,3.026087927195883e-05
2021-11-19,0.00023028410322425223,0.009944777323480689,1,Sideways,1,Bull,0.03975611264830092,0.9602347675773787,9.119773315270086e-06
2021-11-22,0.01042148970124105,0.009958281792502549,1,Sideways,0,Sideways,0.9594609185888863,0.040521130236300155,1.7951176244662597e-05
2021-11-23,0.01644051954642943,0.010116572241405488,1,Sideways,1,Bull,0.03627642499926524,0.9637094890537692,1.4085945937463162e-05
2021-11-24,0.015402511161540348,0.010226698829041498,1,Sideways,0,Sideways,0.9627761496492531,0.037197462990430516,2.6387361944867195e-05
2021-11-25,0.0038000535827560807,0.010163151096067642,1,Sideways,1,Bull,0.032954545084188054,0.9670305467569189,1.4908157366460536e-05
2021-11-26,-0.023807949278677774,0.012408924573283036,0,Bear,0,Sideways,0.9664967139839117,0.0333015864153594,0.00020169959992065057
2021-11-29,0.018074770602576073,0.012620489530511123,1,Sideways,1,Bull,0.025707661548815517,0.9742181155889631,7.422286343034965e-05
2021-11-30,0.0004973923774677754,0.012522936420112703,1,Sideways,0,Sideways,0.9743388302735776,0.025624857527158578,3.6312197933339255e-05
2021-12-01,0.026016620208998347,0.013136518798644676,1,Sideways,1,Bull,0.020294873736116235,0.9796393597287786,6.576653589831184e-05
2021-12-02,0.012147279773282501,0.012978761543390263,1,Sideways,0,Sideways,0.9790474343721441,0.02090660983325904,4.595579379880604e-05
2021-12-03,0.015987723609619135,0.01304047555885251,1,Sideways,1,Bull,0.017858504745497127,0.982116449590707,2.5045662535841254e-05
2021-12-06,0.0088592835498306,0.01295808474386423,1,Sideways,0,Sideways,0.9815105378826734,0.01844170464490355,4.7757470808913194e-05
2021-12-07,0.02742983131886982,0.013534272847791042,1,Sideways,1,Bull,0.015800041349838763,0.984142003651384,5.7954999318988184e-05
2021-12-08,0.011842761207082088,0.013487652046318514,1,Sideways,0,Sideways,0.9827138907685625,0.017191759418391694,9.43498132503579e-05
2021-12-09,0.013280704914627746,0.013293857452572404,1,Sideways,1,Bull,0.01578771719471911,0.9841203906582279,9.189214881222365e-05
2021-12-10,0.002016277070764035,0.013437528034219761,1,Sideways,0,Sideways,0.9809317585453617,0.017077941809974784,0.0019902996458750115
2021-12-13,0.031909819896236015,0.012809952423365679,1,Sideways,1,Bull,0.013799675497994834,0.9821375598046638,0.004062764697132912
2021-12-14,0.02639146751375667,0.012317989456728384,1,Sideways,0,Sideways,0.9398291745178432,0.01731338641171768,0.0428574390709798
2021-12-15,0.0021296869593733503,0.012527292137909304,1,Sideways,1,Bull,0.006680744132546274,0.9408117718858036,0.05250748398019384
2021-12-16,0.052388718978363544,0.015450004004697005,1,Sideways,2,Bear,8.136346991772629e-06,0.006969399830405489,0.9930224638240411
2021-12-17,-0.08903215703634977,0.027612682193942223,0,Bear,2,Bear,2.9532215251514723e-21,3.961932493152277e-15,1.0
2021-12-20,-0.013572256648458084,0.028070134198712748,2,Bull,2,Bear,7.55341000465663e-11,2.1216158645446627e-08,0.9999999787069103
2021-12-21,-0.08332231114844575,0.03458298979465474,0,Bear,2,Bear,1.7480641857707356e-25,1.506664228488543e-19,1.0
2021-12-22,-0.047517204278758184,0.03621143142994101,0,Bear,2,Bear,2.5647714303796956e-19,1.0013354543763195e-15,1.0
2021-12-23,0.0006095600466708833,0.036199796869372566,2,Bull,2,Bear,9.340893152278148e-15,1.761959862027714e-12,1.0
2021-12-24,0.046537620773902215,0.03720748525818649,2,Bull,2,Bear,1.0980849890931087e-16,1.1057377226233535e-13,1.0
2021-12-27,0.0030619585584416237,0.03704126073640584,2,Bull,2,Bear,3.1301415398602436e-15,5.70176615774632e-13,1.0
2021-12-28,-0.024870519601923383,0.037540205993664325,2,Bull,2,Bear,2.521596300084595e-17,1.281395283483685e-14,1.0
2021-12-29,0.024026779615215065,0.03747331276076853,2,Bull,2,Bear,1.5384832400769495e-15,3.8285274424495577e-13,1.0
2021-12-30,-0.016918947676181996,0.03758233443454114,2,Bull,2,Bear,1.211672467737771e-16,3.871709479031191e-14,1.0
2021-12-31,-0.0032246129093916054,0.037385409609039494,2,Bull,2,Bear,1.1254735877499516e-15,2.2241740071346536e-13,1.0
2022-01-03,0.03646953297293939,0.038283133194303515,2,Bull,2,Bear,1.2947722639915493e-16,5.887938240284844e-14,1.0
2022-01-04,0.01897087905161468,0.03800968094383316,2,Bull,2,Bear,8.871392500060857e-16,1.8503503102481146e-13,1.0
2022-01-05,0.021014177217939217,0.03822042111645204,2,Bull,2,Bear,5.936252718108569e-16,1.3052062267028745e-13,1.0
2022-01-06,0.0011462728546452069,0.03809490193517592,2,Bull,2,Bear,5.445328295042729e-16,9.935802846532382e-14,1.0
2022-01-07,0.012720153137906864,0.038208453586474254,2,Bull,2,Bear,7.180633167868827e-16,1.317688744714201e-13,1.0
2022-01-10,0.0058354184540691635,0.03749865592539103,2,Bull,2,Bear,1.805775589071667e-15,3.227836065160947e-13,1.0
2022-01-11,0.0003911092574225537,0.03693242135545024,2,Bull,2,Bear,3.0795693599483365e-15,5.766249766722252e-13,1.0
2022-01-12,0.008856038646589607,0.03700885921685089,2,Bull,2,Bear,4.1955348982904844e-15,7.615434902658839e-13,1.0
2022-01-13,0.003143988995430873,0.03474635151109239,2,Bull,2,Bear,9.324596212214374e-14,1.6602044226631044e-11,0.9999999999818101
2022-01-14,0.001061860759876185,0.028533817490563173,2,Bull,2,Bear,1.9313684256712794e-10,3.664828054476479e-08,0.9999999631581893
2022-01-17,0.006203984981573248,0.028391214818950197,2,Bull,2,Bear,2.4936564058288373e-10,5.09988785718814e-08,0.9999999487517939
2022-01-18,-0.0521566793265639,0.024061396700294432,0,Bear,2,Bear,5.08301031178312e-12,1.812231217176856e-09,0.9999999981810106
2022-01-19,0.030982806457020142,0.02181008410683526,2,Bull,2,Bear,1.566823104147211e-07,8.473455734931696e-06,0.9999913698602046
2022-01-20,-0.013756621282553132,0.022236066981480795,0,Bear,2,Bear,2.0328942492160017e-06,5.7554247605558595e-06,0.9999922116815898
2022-01-21,-0.0014904826739699992,0.02005444163997021,2,Bull,2,Bear,2.8909940128011407e-07,6.40891201556391e-05,0.9999356217800515
2022-01-24,-0.05147123453290985,0.023472100579466196,0,Bear,2,Bear,1.2169525606753811e-11,5.505951591310417e-09,0.9999999944811861
2022-01-25,0.018053023105686607,0.023002671703563106,2,Bull,2,Bear,5.54779586268732e-07,7.493599717644058e-06,0.9999919516190962
2022-01-26,0.0031311824928853555,0.022440801870858132,2,Bull,2,Bear,8.574479340448889e-07,1.2982914154921114e-05,0.9999861596382378
2022-01-27,0.023551953034454644,0.02252196586151343,2,Bull,2,Bear,3.0359669408536326e-07,9.326481724840014e-06,0.9999903699199274
2022-01-28,-0.00728479455884372,0.022603652227831533,2,Bull,2,Bear,1.5657434892370318e-06,7.30086598785934e-06,0.999991133390013
2022-01-31,0.01003419234324339,0.021295055293065544,2,Bull,2,Bear,8.963998097046708e-06,3.400987470013537e-05,0.9999570261273154
2022-02-01,0.006071792953108111,0.02094477297121891,2,Bull,2,Bear,1.1538168907946315e-05,4.918641987829657e-05,0.9999392754100821
2022-02-02,-0.006571121533567868,0.02048150684947728,0,Bear,2,Bear,1.7630983058638184e-06,4.765538775755145e-05,0.9999505815127583
2022-02-03,-0.022374064184912612,0.021074224545351298,0,Bear,2,Bear,6.914342030309928e-07,7.2808092375987474e-06,0.9999920277577447
2022-02-04,-0.007227613185415714,0.020848920508213586,0,Bear,2,Bear,2.1865926670895404e-06,2.745491645092927e-05,0.9999703584899503
2022-02-07,0.02730156130167531,0.021817166125311056,2,Bull,2,Bear,9.285642198481595e-07,1.3366908044176696e-05,0.9999857045262156
2022-02-08,0.004744459421616452,0.02185532226897278,2,Bull,2,Bear,2.330431323132177e-06,2.119765615586328e-05,0.9999764719107894
2022-02-09,0.0176794701606614,0.022150948618108304,2,Bull,2,Bear,1.2107462126412914e-06,1.6865580843628744e-05,0.9999819236724187
2022-02-10,-0.002058064047993011,0.02213621481236202,2,Bull,2,Bear,1.6963645203870155e-06,1.4431008522201666e-05,0.9999838726280256
2022-02-11,0.006063929049446849,0.022186305859860492,2,Bull,2,Bear,3.646391673678826e-07,1.7908965952040274e-05,0.9999817263956895
2022-02-14,-0.02427948913479749,0.022739630529029928,0,Bear,2,Bear,6.446045974238153e-06,2.6810615565653843e-06,0.9999908728912462
2022-02-15,0.017970274363684247,0.01982735881424387,2,Bull,2,Bear,0.0003811301465983825,0.0015343304947086178,0.9980845393581296
2022-02-16,0.0015688258465563223,0.01857295239344046,2,Bull,2,Bear,0.009069860300569915,0.0013617898083638704,0.9895683498915305
2022-02-17,-0.015501098551752647,0.018644830120704305,0,Bear,2,Bear,0.0026671453798220216,0.01512763803563791,0.982205216585597
2022-02-18,0.011082648850180957,0.018806896673312107,2,Bull,2,Bear,0.04929760257783038,0.007279679556644276,0.9434227178658393
2022-02-21,0.0028005714689436894,0.01428039352717005,1,Sideways,2,Bear,0.01650265146276237,0.08287383733912534,0.9006235111994847
2022-02-22,-0.010158862092304322,0.014132552880023535,0,Bear,2,Bear,0.08776285136339744,0.017487849396720517,0.8947492992403879
2022-02-23,-0.000743774914550486,0.014140295954278119,1,Sideways,2,Bear,0.00028943832144777816,0.09011455908069063,0.909596002599226
2022-02-24,-0.0851731736294936,0.023241231996440317,0,Bear,2,Bear,5.32101676516748e-17,7.40990374088501e-11,0.9999999999272404
2022-02-25,0.05311723494929896,0.026465745663456424,2,Bull,2,Bear,6.385321930654884e-12,1.2907872290253633e-08,0.9999999870851753
2022-02-28,-0.0031806861492817665,0.02634617114860645,2,Bull,2,Bear,2.1925815317862852e-09,2.939594090952466e-07,0.9999997038467411
2022-03-01,0.01210406629184133,0.02647096697193078,2,Bull,2,Bear,2.7369686996939555e-09,3.917431988947311e-07,0.9999996055194839
2022-03-02,0.008190155565375548,0.026517363961766297,2,Bull,2,Bear,2.8465071533143293e-09,3.67828602364235e-07,0.9999996293264081
2022-03-03,0.018556937924224026,0.026311175591809115,2,Bull,2,Bear,1.7390023671558392e-09,4.1284902437273955e-07,0.9999995854123831
2022-03-04,-0.01619329876356208,0.02654559682388869,2,Bull,2,Bear,5.358747655430934e-10,8.26660702593021e-08,0.9999999167994281
2022-03-07,0.0032597177678781986,0.02583601680705378,2,Bull,2,Bear,6.373908865519192e-09,6.408543497396875e-07,0.9999993527710379
2022-03-08,0.007034753504223188,0.02586324917919678,2,Bull,2,Bear,6.894885883311716e-09,6.838754768716861e-07,0.9999993092280987
2022-03-09,0.015441390490215397,0.025787947928722826,2,Bull,2,Bear,5.697295315324207e-09,7.286821578881628e-07,0.9999992656196778
2022-03-10,-0.00034272035179845416,0.02578361211354588,2,Bull,2,Bear,5.975143663019904e-09,5.91809595766909e-07,0.999999402214777
2022-03-11,0.005810628932050544,0.025780580566591414,2,Bull,2,Bear,9.06491983667858e-09,7.236143094706303e-07,0.9999992673222506
2022-03-14,0.016705816289653452,0.025369001473686183,2,Bull,2,Bear,9.805155054297857e-09,1.045509832027616e-06,0.9999989446847506
2022-03-15,-0.004366784378252594,0.02512487280518336,2,Bull,2,Bear,1.2252454224179514e-08,9.020185269491975e-07,0.99999908572905
2022-03-16,0.004510441957743345,0.02513698134126147,2,Bull,2,Bear,1.619989328109277e-08,1.2878983754038915e-06,0.9999986959018633
2022-03-17,0.021220973889407604,0.025197971114241297,2,Bull,2,Bear,1.0697103739512977e-08,1.0592732191257625e-06,0.9999989300309875
2022-03-18,0.005002354316993703,0.025131707745420864,2,Bull,2,Bear,1.8630780822459105e-08,1.3079194006173283e-06,0.9999986734482876
2022-03-21,0.014215558508839378,0.02526386673459178,2,Bull,2,Bear,3.531039591205951e-08,1.2857168063228176e-06,0.9999986789743701
2022-03-22,0.00632472793471783,0.025071528757435353,2,Bull,2,Bear,2.3389539572014807e-05,3.845082965899994e-06,0.9999727653774015
2022-03-23,-0.0026074431287094195,0.02509383365590636,2,Bull,2,Bear,0.0005985107329222599,0.0022444725814352484,0.997157016684339
2022-03-24,-0.0031657323402014843,0.014012344174480466,1,Sideways,0,Sideways,0.8133997070639744,0.0801883739687318,0.10641191896773919
2022-03-25,-0.0003216926153283203,0.00926289576187413,1,Sideways,1,Bull,0.09441200221060905,0.8989223009798609,0.006665696807927559
2022-03-28,-0.0013799523047289524,0.009183409245174,1,Sideways,0,Sideways,0.9042423274168427,0.09552776994742587,0.00022990263592261698
2022-03-29,0.01552894231043568,0.009343572628558214,1,Sideways,1,Bull,0.08874646025797682,0.9112164427072362,3.7097036113731316e-05
2022-03-30,0.010683752367121421,0.009395447075716757,1,Sideways,0,Sideways,0.9100237593487013,0.08995846062455307,1.778002706999961e-05
2022-03-31,0.0013889864280221388,0.008941489923177717,1,Sideways,1,Bull,0.08403435711779594,0.915954393290487,1.12495900628913e-05
2022-04-01,0.008205174462513197,0.007446144666075768,1,Sideways,0,Sideways,0.9152318775115543,0.08475394980189557,1.417268509693034e-05
2022-04-04,0.026167926108737447,0.008642732211906687,1,Sideways,1,Bull,0.07800960138232765,0.9219523679192158,3.8030697675345976e-05
2022-04-05,0.0064256131223882716,0.008644799787923907,1,Sideways,0,Sideways,0.9195394960371898,0.0804448966261335,1.560733713725087e-05
2022-04-06,-0.0042647468211893524,0.00878657884433464,1,Sideways,1,Bull,0.07746308739660614,0.9225296449809413,7.267621152000666e-06
2022-04-07,0.012356411689862429,0.008740993076659483,1,Sideways,0,Sideways,0.9204221263900514,0.079558114151744,1.975945729572035e-05
2022-04-08,0.020344247982415166,0.009233956613325114,1,Sideways,1,Bull,0.07558127132001843,0.9244004522559812,1.8276425706286143e-05
2022-04-11,0.02300576259946266,0.00965694821382168,1,Sideways,0,Sideways,0.9214486457326045,0.0784943642960197,5.698997242951475e-05
2022-04-12,0.005984175791161494,0.009229233700128911,1,Sideways,1,Bull,0.07371512714238448,0.9262724883562069,1.2384501595450234e-05
2022-04-13,-0.0013809028692698586,0.009453921405179649,1,Sideways,0,Sideways,0.9251692719051396,0.07481716682025388,1.3561275268347974e-05
2022-04-14,0.006077994253223905,0.008947934279027901,1,Sideways,1,Bull,0.07022779855424177,0.929763141888116,9.059557027205746e-06
2022-04-15,0.0076462610655906055,0.008929699589194404,1,Sideways,0,Sideways,0.9286364977514958,0.0713496779516321,1.3824298619022261e-05
2022-04-18,0.0063540434146523925,0.00879337797376166,1,Sideways,1,Bull,0.06647734675294172,0.9335133363859272,9.316862489458165e-06
2022-04-19,0.0035391029547036227,0.008829436420683616,1,Sideways,0,Sideways,0.9325748656568278,0.06741291296134704,1.2221380203275967e-05
2022-04-20,0.0026560389168703434,0.008602607841748948,1,Sideways,1,Bull,0.0626233019206926,0.9373671664969149,9.531583849444193e-06
2022-04-21,0.012159068246023879,0.008299196548310475,1,Sideways,0,Sideways,0.9365342110469701,0.06341011721304314,5.5671740596475194e-05
2022-04-22,-0.03352669600271556,0.01238133038533429,0,Bear,1,Bull,0.05699203956096241,0.9425595722069193,0.0004483882330826289
2022-04-25,0.00407667461421066,0.012260434132609892,1,Sideways,0,Sideways,0.9399016677500011,0.05995667492669079,0.0001416573241908124
2022-04-26,-0.02624164351198443,0.014092960607999113,0,Bear,1,Bull,0.05807202051242211,0.9417123586866174,0.00021562080089028356
2022-04-27,0.013594488168396784,0.014174075961073125,1,Sideways,0,Sideways,0.9358450609762026,0.06400623650272402,0.00014870252058646924
2022-04-28,-0.009426736021378291,0.014510524922241204,0,Bear,1,Bull,0.0631875480105121,0.9367525101804933,5.994180818569632e-05
2022-04-29,0.0009056213958097206,0.0144959483097074,1,Sideways,0,Sideways,0.9316551689657495,0.06825713618090848,8.769485447346764e-05
2022-05-02,0.0,0.01352109527185609,1,Sideways,1,Bull,0.06748168532998766,0.9324970545563093,2.1260114115221453e-05
2022-05-03,0.0,0.013499587623400233,1,Sideways,0,Sideways,0.9275321567728301,0.07241074978416459,5.709344418215111e-05
2022-05-04,0.0,0.013425694457179817,1,Sideways,1,Bull,0.07149622322611764,0.9284861000922636,1.7676681054197008e-05
2022-05-05,0.014580869078164792,0.013521337182534388,1,Sideways,0,Sideways,0.9236278443549413,0.07629895809001241,7.31975535553592e-05
2022-05-06,-0.0030862537499124426,0.012896063246233786,1,Sideways,1,Bull,0.07467621096901719,0.9253041676863263,1.9621345255137343e-05
2022-05-09,0.0028429038442199907,0.011860204492181899,1,Sideways,0,Sideways,0.9217313415768608,0.0782392121543826,2.9446267139016253e-05
2022-05-10,0.00988733849566982,0.011989414936464061,1,Sideways,1,Bull,0.07645224472463633,0.9235334027258708,1.4352548094642892e-05
2022-05-11,-0.014684431887158587,0.012460951478392072,0,Bear,0,Sideways,0.9194811747502624,0.08035179624206121,0.00016702900743110346
2022-05-12,-0.025966903998599286,0.013626113123841044,0,Bear,1,Bull,0.07811758602012353,0.9216694104247602,0.00021300355436983717
2022-05-13,0.01172515931801831,0.013803279935643415,1,Sideways,0,Sideways,0.9153470989107138,0.0845334381840224,0.00011946290458951698
2022-05-16,-0.011808789846967907,0.013854622124749274,0,Bear,1,Bull,0.08360030089787086,0.9163506022502443,4.90968509130806e-05
2022-05-17,0.0016716909363632564,0.013818460800103759,1,Sideways,0,Sideways,0.9102323006757024,0.08969584234066416,7.185698538993142e-05
2022-05-18,-0.0005011935189596536,0.013774035135438623,1,Sideways,1,Bull,0.08893273711549196,0.9110456231291214,2.1639757089964767e-05
2022-05-19,0.0,0.01334582011587266,1,Sideways,0,Sideways,0.9050747447630269,0.09486959238460527,5.566285133367091e-05
2022-05-20,-0.008896537174451038,0.011404845533686132,0,Bear,1,Bull,0.09398411114780648,0.9060029585005362,1.293035222727612e-05
2022-05-23,0.0035764857317387867,0.011391205814665413,1,Sideways,0,Sideways,0.8997814704808652,0.10018852725491158,3.000226537739635e-05
2022-05-24,-0.0024811022056184127,0.009878528306330972,1,Sideways,1,Bull,0.09926748970427664,0.9007262189593014,6.291335497233001e-06
2022-05-25,0.017984705041541323,0.01025908811946133,1,Sideways,0,Sideways,0.8947799081668076,0.10517578812684698,4.430370573208804e-05
2022-05-26,0.013432444974288941,0.010504219480201393,1,Sideways,1,Bull,0.10299787837309043,0.8969891841492557,1.2937477954189274e-05
2022-05-27,-0.0049084126983855655,0.010571447583505877,1,Sideways,0,Sideways,0.8921599847348796,0.10777813702586314,6.187823766071909e-05
2022-05-30,0.03560580849025004,0.013210337970743127,1,Sideways,1,Bull,0.1060067529476282,0.8938168742305519,0.00017637282021736527
2022-05-31,0.007843585770974474,0.013265753065114126,1,Sideways,0,Sideways,0.8739440565389898,0.12592129418150083,0.00013464927973980796
2022-06-01,0.008483336850168598,0.013322469717466263,1,Sideways,1,Bull,0.12752595456978294,0.8724513703419953,2.267508781848598e-05
2022-06-02,0.012687768365829704,0.01324057420385488,1,Sideways,0,Sideways,0.852346582208039,0.14748441165588916,0.0001690061378825749
2022-06-03,-0.00011533968559020775,0.013189156998741123,1,Sideways,1,Bull,0.14864511449830833,0.8512658622864214,8.902321648211704e-05
2022-06-06,0.01783110210016268,0.013609702307699721,1,Sideways,0,Sideways,0.83235284775839,0.16502122044678444,0.0026259317932309113
2022-06-07,3.770709689957187e-05,0.013547073333750081,1,Sideways,1,Bull,0.16355096113814546,0.8323945621323668,0.004054476730756421
2022-06-08,-0.04155857356970638,0.01642788727687164,0,Bear,0,Sideways,0.7417554469853639,0.17467736519469884,0.08356718782107041
2022-06-09,0.012206769946502178,0.015212967028206854,1,Sideways,1,Bull,0.17952978047872659,0.7894947724614327,0.030975447059615694
2022-06-10,-0.011144427138868132,0.015431255936103528,0,Bear,0,Sideways,0.8038366942179869,0.18297850866924723,0.013184797111339016
2022-06-13,-0.013061285224745072,0.01549478111585658,0,Bear,1,Bull,0.17528498989784824,0.8176736967402993,0.0070413133625589815
2022-06-14,-0.00047826330239885887,0.015507805787940032,1,Sideways,0,Sideways,0.8204904659567278,0.17709384452004473,0.0024156895215705597
2022-06-15,0.008809705233387246,0.01555810272783034,1,Sideways,1,Bull,0.16944941628314014,0.8288666311880186,0.0016839525280324134
2022-06-16,-0.018220455659662807,0.016248390415263696,0,Bear,0,Sideways,0.8269569018748587,0.17086122458003197,0.002181873544398087
2022-06-17,0.01908925074400459,0.016474797271515393,1,Sideways,1,Bull,0.16027679648676937,0.8380332844930822,0.0016899190190021018
2022-06-20,0.002326243958798227,0.016475989150157907,1,Sideways,0,Sideways,0.8373197412058617,0.16165528959347195,0.0010249691998588386
2022-06-21,0.014349878705061889,0.01659892707989235,1,Sideways,1,Bull,0.15429778001392114,0.8447202250677113,0.0009819949166879722
2022-06-22,-0.0006212815332753176,0.016296066618200888,1,Sideways,0,Sideways,0.8427398222214008,0.15614437759529132,0.0011158001847524758
2022-06-23,-0.012154528999692743,0.016448331218910418,0,Bear,1,Bull,0.1497265860969451,0.8486730551601198,0.0016003587447351436
2022-06-24,0.004276860464769732,0.016377763415789934,1,Sideways,0,Sideways,0.8457816628549693,0.15201563280626326,0.002202704339728465
2022-06-27,-0.009757396976036893,0.01456470842872528,0,Bear,1,Bull,0.1457071095240063,0.8509325545119004,0.003360335963479886
2022-06-28,-0.015579580308643195,0.01484339089518679,0,Bear,0,Sideways,0.8402172095104237,0.14809871239707098,0.011684078092784655
2022-06-29,-0.03606127638850827,0.01656692786222857,0,Bear,1,Bull,0.13241485220018953,0.8463696083053149,0.021215539495605357
2022-06-30,0.0014144531083668658,0.01617955160449445,1,Sideways,0,Sideways,0.8441986386893714,0.14446514630660515,0.011336215004966312
2022-07-01,0.015838038615162277,0.016759876427447574,1,Sideways,1,Bull,0.1459534157355786,0.8463608729200248,0.007685711346059477
2022-07-04,-0.015588589041906176,0.01621801833446045,0,Bear,0,Sideways,0.8357984039022908,0.15765339746987525,0.006548198628523426
2022-07-05,-0.01452734620462779,0.016316360185690375,0,Bear,1,Bull,0.15846823378885833,0.8378121378967445,0.0037196283150796195
2022-07-06,0.015441293672606653,0.0145758175151932,1,Sideways,0,Sideways,0.829113401703296,0.16990531828865862,0.000981280006846513
2022-07-07,0.0071993336911756155,0.014348015472003772,1,Sideways,1,Bull,0.16928987928501782,0.8305272986448916,0.00018282207133717143
2022-07-08,0.003457056248717245,0.014278955773760583,1,Sideways,0,Sideways,0.8223384602949712,0.1775456202973367,0.00011591940896980416
2022-07-11,0.0,0.014052583448968115,1,Sideways,1,Bull,0.17653733055121779,0.8234251387633924,3.7530686597714184e-05
2022-07-12,0.0,0.014054890828700052,1,Sideways,0,Sideways,0.815380572015754,0.18452261733182634,9.681065210692017e-05
2022-07-13,-0.010697854981953666,0.013977314212867903,0,Bear,1,Bull,0.18339217413170966,0.8165516348278066,5.6191040759545896e-05
2022-07-14,-0.010729810291105618,0.013629678530904151,0,Bear,0,Sideways,0.8075803217811667,0.19228520006567856,0.00013447815314083828
2022-07-15,0.0,0.012703458687876626,1,Sideways,1,Bull,0.19109181855467186,0.8088611938013855,4.69876452559167e-05
2022-07-18,0.028510224222397858,0.0145097579601388,1,Sideways,0,Sideways,0.8005470656268255,0.19890184461038282,0.0005510897621084108
2022-07-19,0.020471905435174187,0.01492613850033802,1,Sideways,1,Bull,0.19378418294212077,0.8059209865148848,0.0002948305418096123
2022-07-20,0.009229787858621738,0.01511643998655499,1,Sideways,0,Sideways,0.8012777417017324,0.19854611428725064,0.00017614401010244857
2022-07-21,-0.005479949707035938,0.01492886941271049,0,Bear,1,Bull,0.19515435058814443,0.804741910595206,0.00010373881630931001
2022-07-22,0.002068506341302637,0.014898810089450461,1,Sideways,0,Sideways,0.8004418098917577,0.1994464512028175,0.00011173890666842317
2022-07-25,0.012596194604949583,0.01502463437579052,1,Sideways,1,Bull,0.19606024653714837,0.8038600320952195,7.972136914074302e-05
2022-07-26,-0.004483239507191206,0.01460331850735956,1,Sideways,0,Sideways,0.7987174764557893,0.20118319350626934,9.933003952297677e-05
2022-07-27,0.0027552708637173812,0.011723333063875364,1,Sideways,1,Bull,0.19840676620203998,0.8015730162409083,2.021755531587483e-05
2022-07-28,-0.00031452334592130526,0.011741021975311915,1,Sideways,0,Sideways,0.7965697555218407,0.2033973757809359,3.2868698304912224e-05
2022-07-29,0.01912158614068089,0.011954141071901975,1,Sideways,1,Bull,0.2005479810765756,0.7994195827039986,3.243621780067193e-05
2022-08-01,0.024350088570889897,0.012029653480375794,1,Sideways,0,Sideways,0.7913886199014285,0.20848888003388738,0.00012250006428509824
2022-08-02,-0.0032806067943143983,0.011312837399755516,1,Sideways,1,Bull,0.20438567108116057,0.7955886307793952,2.5698138930199004e-05
2022-08-03,0.013840958248682032,0.011244353368608715,1,Sideways,0,Sideways,0.7920648831554065,0.20790211381677765,3.3003028431378754e-05
2022-08-04,0.014496727535918073,0.011421760594034925,1,Sideways,1,Bull,0.20230017554145074,0.7976733496844918,2.6474775367883598e-05
2022-08-05,0.00979144396394998,0.011441308448792873,1,Sideways,0,Sideways,0.7941665770013573,0.20580473859063816,2.8684407409577014e-05
2022-08-08,0.016085203381672762,0.011553828262506451,1,Sideways,1,Bull,0.200908773905504,0.7990643520277961,2.6874065028083118e-05
2022-08-09,-0.0035482714648849834,0.011692041016580184,1,Sideways,0,Sideways,0.7947278997779169,0.20524066850989978,3.143171306403597e-05
2022-08-10,0.01581581076909579,0.01109897777229207,1,Sideways,1,Bull,0.20183757425864174,0.7981421689897757,2.0256752838405254e-05
2022-08-11,0.01361894163783674,0.010230305056831798,1,Sideways,0,Sideways,0.792082687466047,0.20788609522187307,3.121731367951695e-05
2022-08-12,-0.0014303472710236076,0.010303349280599549,1,Sideways,1,Bull,0.20469231332997068,0.7952957621597808,1.1924512044166868e-05
2022-08-15,-0.0024819151862138333,0.009551099152081887,1,Sideways,0,Sideways,0.7908155936455682,0.20916507997236433,1.9326383337979186e-05
2022-08-16,0.019444387051815486,0.009481069490319185,1,Sideways,1,Bull,0.20587934005938396,0.7941000949648328,2.056497732312294e-05
2022-08-17,0.022636778786896766,0.0100580451785247,1,Sideways,0,Sideways,0.7864983810737058,0.21343219577285705,6.942315258075187e-05
2022-08-18,0.013333520560792442,0.009571393718030645,1,Sideways,1,Bull,0.20932879694778295,0.7906533508879217,1.7852163998734468e-05
2022-08-19,6.620715882891295e-05,0.009660202909790732,1,Sideways,0,Sideways,0.7858508469796031,0.21413015190766324,1.9001111645380207e-05
2022-08-22,0.013908531649821,0.009689465289500767,1,Sideways,1,Bull,0.21103872294318002,0.788947349502157,1.3927554454717874e-05
2022-08-23,0.019082102391245772,0.009367165609173667,1,Sideways,0,Sideways,0.7825803490874145,0.21736821809141516,5.143282002026545e-05
2022-08-24,-0.019800635994823776,0.011456400022017034,0,Bear,1,Bull,0.21316363921783296,0.7867680280174183,6.833276502798719e-05
2022-08-25,0.024690193978798583,0.01172054150835984,1,Sideways,0,Sideways,0.7810918874696807,0.21879594067482797,0.00011217185717120864
2022-08-26,0.002960449649595752,0.011650809045780877,1,Sideways,1,Bull,0.21246147412771865,0.7875087227874,2.9803086229877353e-05
2022-08-29,0.005989388402519225,0.011146397844666166,1,Sideways,0,Sideways,0.7853777586907849,0.2146015360739973,2.0705235785069152e-05
2022-08-30,0.0,0.010982806161161263,1,Sideways,1,Bull,0.20788188798932813,0.7920977494119521,2.036259735131946e-05
2022-08-31,0.0019570045659923346,0.011024238524361475,1,Sideways,0,Sideways,0.7902398354451479,0.20973475639739805,2.5408158195858893e-05
2022-09-01,-0.009027732728471835,0.011573044281485229,0,Bear,1,Bull,0.2027672746730539,0.7971148842917074,0.00011784103432303553
2022-09-02,0.02513719447432502,0.012246200958460393,1,Sideways,0,Sideways,0.794135316889788,0.20473287090151018,0.0011318122084314295
2022-09-05,0.041245134822250035,0.014256244539934947,1,Sideways,1,Bull,0.18682973236416292,0.8080857471594105,0.0050845204750907215
2022-09-06,0.009778125338867375,0.013937913489137862,1,Sideways,0,Sideways,0.800783696542015,0.19511580222717942,0.004100501229624339
2022-09-07,0.0033558676205185777,0.013935505197721668,1,Sideways,1,Bull,0.19214930564216565,0.8026363124644049,0.005214381893940916
2022-09-08,0.010116689198266032,0.01389931843412241,1,Sideways,0,Sideways,0.7611762462285963,0.1989055838181137,0.03991816995295251
2022-09-09,0.02414325523397764,0.014060018159328135,1,Sideways,1,Bull,0.12216947693605545,0.7629457811266088,0.11488474193786831
2022-09-12,0.03564939518600452,0.014797713983202043,1,Sideways,2,Bear,0.0004771289305075765,0.12910964751109738,0.8704132235573812
2022-09-13,-0.06285190482036487,0.022251703060921044,0,Bear,2,Bear,3.3416641431490906e-10,4.5880493920957774e-07,0.999999540861714
2022-09-14,0.005848213520274856,0.021990318143736243,2,Bull,2,Bear,1.9663657354707293e-07,1.8542693191261915e-05,0.9999812606702617
2022-09-15,-0.024641078157946927,0.023053761207503444,0,Bear,2,Bear,2.5844985732407746e-08,9.430048520908569e-07,0.9999990311485053
2022-09-16,0.004213413733108203,0.023022076497239207,2,Bull,2,Bear,3.732844111669356e-08,8.016486867155259e-06,0.9999919461839996
2022-09-19,-0.0540821048993929,0.02648774741403082,0,Bear,2,Bear,1.8149376739557208e-14,9.481002188494126e-11,0.9999999999054126
2022-09-20,0.02408644168696892,0.026678684467484105,2,Bull,2,Bear,9.219995834906322e-10,2.332578752026508e-07,0.9999997658196936
2022-09-21,-0.009719120365509662,0.026329332571740503,2,Bull,2,Bear,1.4919232116422798e-09,1.9032933836311767e-07,0.9999998081803099
2022-09-22,0.015135363858579033,0.025998561898713184,2,Bull,2,Bear,3.917018317691479e-09,5.985671563887214e-07,0.9999993975145113
2022-09-23,-0.004166035446131288,0.02604021256477117,2,Bull,2,Bear,2.5356705678763607e-09,3.774555013405733e-07,0.9999996200095478
2022-09-26,-0.0065426445543820405,0.026092634606859674,2,Bull,2,Bear,2.3335294459536187e-09,3.0714819761615137e-07,0.9999996905171907
2022-09-27,0.0016550235571887342,0.026090312217145806,2,Bull,2,Bear,2.4403368093522476e-09,4.7544458048713534e-07,0.9999995221152181
2022-09-28,-0.02085536589223582,0.026566560599300616,0,Bear,2,Bear,1.3436433202926488e-10,4.6955575596388434e-08,0.9999999529100034
2022-09-29,-0.01617033431001061,0.02674769562776275,2,Bull,2,Bear,3.8669784507472086e-10,6.702725745574858e-08,0.999999932584617
2022-09-30,0.010463364680321871,0.02621986222869138,2,Bull,2,Bear,2.2624739340964257e-09,4.989701963600071e-07,0.9999994987666815
2022-10-03,0.06456800199125591,0.02859326291506096,2,Bull,2,Bear,2.1593765289568043e-14,2.1481838721078278e-10,0.9999999997853593
2022-10-04,0.019241190742351654,0.028832186640482,2,Bull,2,Bear,1.2522586707080026e-10,3.1100519562800074e-08,0.9999999687752283
2022-10-05,0.007605417726924376,0.02886631434330802,2,Bull,2,Bear,1.5745568848178893e-10,3.1254171366512395e-08,0.9999999685896914
2022-10-06,0.019749765052711882,0.029102591951423302,2,Bull,2,Bear,9.18232075724964e-11,2.287203278467957e-08,0.999999977037078
2022-10-07,0.0038475155152093185,0.028627566106552576,2,Bull,2,Bear,2.1909000681217373e-10,3.6833258536177314e-08,0.9999999629471865
2022-10-10,0.004028196913784273,0.027441595374355195,2,Bull,2,Bear,5.732783211072168e-09,1.3178664335375872e-07,0.9999998624807726
2022-10-11,-0.002907617115403227,0.023280469473892965,2,Bull,2,Bear,8.011947619872368e-08,5.023755271951578e-06,0.9999948961252093
2022-10-12,-0.015177836646028127,0.023573674008279175,0,Bear,2,Bear,8.851753441630212e-08,1.6367332252291907e-06,0.9999982747482467
2022-10-13,0.01006904017740512,0.022851967739331215,2,Bull,2,Bear,4.3773028189490757e-07,9.777795192492528e-06,0.9999897844730833
2022-10-14,0.020500968893259315,0.023194440548945063,2,Bull,2,Bear,2.3773215813648953e-08,6.253008046275212e-06,0.9999937232184124
2022-10-17,0.05904372999757091,0.022167017632244684,2,Bull,2,Bear,4.702511697048697e-10,1.332137987723203e-07,0.9999998663152017
2022-10-18,-0.0015605755444296097,0.022003132813432063,2,Bull,2,Bear,2.8611473896975823e-06,1.5209274962514704e-05,0.9999819295767516
2022-10-19,0.010023500601712193,0.02160849152745719,2,Bull,2,Bear,4.7376030839930144e-06,2.8356906878255526e-05,0.9999669054906294
2022-10-20,0.005294753215239253,0.0215717032852285,2,Bull,2,Bear,6.698280300250492e-06,3.0536593874329074e-05,0.9999627651252195
2022-10-21,0.008602024535612264,0.021367100954611893,2,Bull,2,Bear,1.0154319667725067e-05,4.0042521911108976e-05,0.9999498031586688
2022-10-24,0.01084422705534666,0.021049627177462137,2,Bull,2,Bear,4.568003190741149e-05,5.427866652015118e-05,0.9999000413021203
2022-10-25,-0.0006287364434745211,0.021103081218874588,2,Bull,2,Bear,7.404356512304741e-05,0.00021183725788619752,0.9997141191769724
2022-10-26,0.0003521165501620798,0.019983218268364456,2,Bull,2,Bear,0.0018115760578189877,0.00036705644633244994,0.9978213674975289
2022-10-27,-0.010593047983210632,0.01962136574617192,0,Bear,2,Bear,0.0014133295809173941,0.005066909518440092,0.9935197609022786
2022-10-28,-0.014206433060562462,0.02042690702172602,0,Bear,2,Bear,0.028500927422994354,0.005021117714891563,0.966477954862677
2022-10-31,0.025453153142048622,0.016395517398002525,1,Sideways,2,Bear,0.06336782692558146,0.2230799192601871,0.7135522538152849
2022-11-01,0.01884613669716659,0.01638146705398067,1,Sideways,0,Sideways,0.46931026671707793,0.11871191890740376,0.41197781437504394
2022-11-02,0.004233029337990651,0.016402644371391824,1,Sideways,1,Bull,0.15757263570387123,0.5864025125528254,0.25602485174172745
2022-11-03,0.008217765407675406,0.016161034684649196,1,Sideways,0,Sideways,0.6558192224808609,0.16876065337646518,0.175420124142482
2022-11-04,0.026796462319290698,0.0167146395305823,1,Sideways,1,Bull,0.164910941064486,0.6795550320377419,0.15553402689811152
2022-11-07,0.026836173301232315,0.017175147604779773,1,Sideways,0,Sideways,0.7016936563101412,0.17495433291143112,0.12335201077878885
2022-11-08,0.006580732537716748,0.016943812848845254,1,Sideways,1,Bull,0.1802089729893111,0.752003030759468,0.06778799625096796
2022-11-09,0.00016057216577603268,0.016069939000856102,1,Sideways,0,Sideways,0.785364782494589,0.1852777269606492,0.029357490544463734
2022-11-10,0.024037967885431572,0.016340381751344155,1,Sideways,1,Bull,0.1780268612666684,0.8019192695224514,0.020053869212686353
2022-11-11,-0.0026000666524709616,0.01648216357820905,1,Sideways,0,Sideways,0.8075423557854907,0.18248115963958847,0.009976484574082189
2022-11-14,0.025417640630447994,0.012474674497404187,1,Sideways,1,Bull,0.17867176780174449,0.8150587017393452,0.006269530459024142
2022-11-15,0.01881444835801353,0.012432669894545334,1,Sideways,0,Sideways,0.8080056283755904,0.18524988624634847,0.006744485376771673
2022-11-16,0.002466370113756906,0.012534316507196878,1,Sideways,1,Bull,0.177773736392051,0.811657625214281,0.010568638393814887
2022-11-17,-0.03516163369401429,0.0159928992971556,0,Bear,0,Sideways,0.7082772116988715,0.1814040997327555,0.11031868856852421
2022-11-18,0.004317101746213928,0.01600215783640292,1,Sideways,1,Bull,0.16434731860671123,0.7276104646943473,0.10804221669951933
2022-11-21,0.009585508762308745,0.01598875059492437,1,Sideways,0,Sideways,0.7227090462845978,0.1639979675144082,0.11329298620109332
2022-11-22,0.04500824544707161,0.017982974325818142,2,Bull,1,Bull,0.1035565765564338,0.7379445021151837,0.15849892132820084
2022-11-23,0.015257309500358376,0.017904453474803704,2,Bull,0,Sideways,0.756768175193726,0.11757170182753815,0.12566012297794144
2022-11-24,0.0008236937073373795,0.01738880692223802,1,Sideways,1,Bull,0.12953050304654,0.7769372988374021,0.09353219811561105
2022-11-25,0.0033084427801958432,0.016494759946405643,1,Sideways,0,Sideways,0.7921729106447438,0.1390790277403707,0.06874806161540598
2022-11-28,0.009982353666355132,0.01616141229796562,1,Sideways,1,Bull,0.1395223164403115,0.7998647735066367,0.06061291005136995
2022-11-29,0.007950823989566211,0.016053740398338387,1,Sideways,0,Sideways,0.7929433617881116,0.1445314496219755,0.06252518858811211
2022-11-30,0.0030382368855969917,0.01607893153633912,1,Sideways,1,Bull,0.1362881559733717,0.7962858327012182,0.06742601132606782
2022-12-01,0.013687631962200264,0.016092784569416173,1,Sideways,0,Sideways,0.7447211400463926,0.1399455970457924,0.11533326290803703
2022-12-02,-0.01662511772050964,0.016670918667101686,0,Bear,1,Bull,0.08669549972632314,0.7480685605888037,0.16523593968429734
2022-12-05,-0.0010483476197729064,0.01618432247629129,1,Sideways,0,Sideways,0.6586827128492352,0.08916239481129966,0.25215489233984417
2022-12-06,0.008495922199573538,0.01618893289117194,1,Sideways,1,Bull,0.006431254360153672,0.6606805585546824,0.3328881870834618
2022-12-07,-0.03523276187994309,0.018698201456871386,0,Bear,2,Bear,0.003735045439345503,0.006027944779604291,0.9902370097799407
2022-12-08,0.0059692144262910056,0.01816265173385446,1,Sideways,2,Bear,0.0012606843970621483,0.004014696604420204,0.9947246190003346
2022-12-09,0.030302933176520216,0.01898828093573899,2,Bull,2,Bear,3.323448055791457e-05,0.0013097414009390874,0.9986570241194733
2022-12-12,0.03687198630658122,0.019767314552830855,2,Bull,2,Bear,1.4417509781355622e-05,5.08148224868157e-05,0.999934767667086
2022-12-13,0.012039043818797605,0.01960054459171585,2,Bull,2,Bear,7.063337668659386e-07,0.00011110441102850199,0.9998881892546371
2022-12-14,-0.03675813097101325,0.021815441394607372,0,Bear,2,Bear,3.141221783538924e-08,6.36253039327622e-07,0.9999993323365244
2022-12-15,0.02385220585557941,0.02015467170706381,2,Bull,2,Bear,1.287059023979919e-05,4.426492139869099e-05,0.9999428644866639
2022-12-16,0.0049023269967259425,0.02015093291349454,2,Bull,2,Bear,9.82283455813139e-06,8.233020499641754e-05,0.9999078469599351
2022-12-19,0.033492990230088775,0.02099922623731923,2,Bull,2,Bear,6.972706553782547e-06,2.678565772743149e-05,0.9999662416362578
2022-12-20,0.00501351397153881,0.019137983309438375,2,Bull,2,Bear,0.00018519256914793588,0.00020499253838800383,0.9996098148940575
2022-12-21,0.001862105645859899,0.019040912301230558,2,Bull,2,Bear,0.00025270862092683944,0.0003727637684406512,0.999374527610448
2022-12-22,0.003328376334612691,0.01901608979519677,2,Bull,2,Bear,0.00025699161715412997,0.000445487673945919,0.9992975207087993
2022-12-23,0.0013941755219591281,0.019033685015030968,2,Bull,2,Bear,0.00026100513115117236,0.0004073901803310764,0.9993316046876919
2022-12-26,0.00899732620961737,0.0190230906753673,2,Bull,2,Bear,9.411981591591607e-05,0.0004077038470242082,0.9994981763354058
2022-12-27,-0.012725745112194592,0.01944445469101041,0,Bear,2,Bear,1.480353440714184e-05,0.00014268300870078098,0.9998425134585717
2022-12-28,-0.016493705948686575,0.020006379592248602,0,Bear,2,Bear,6.392936444609481e-06,3.894107656823114e-05,0.999954665987277
2022-12-29,0.02426536744687156,0.02042349644191003,2,Bull,2,Bear,1.4177647572492608e-05,4.365980457581481e-05,0.9999421625462657
2022-12-30,0.0058802592415151435,0.019833246840465384,2,Bull,2,Bear,2.1263721345135916e-05,0.00010043891582614457,0.9998782973629081
2023-01-02,0.02719874954381847,0.020362050187635476,2,Bull,2,Bear,4.942201478913798e-06,5.186285529554262e-05,0.9999431949418316
2023-01-03,-0.006112813436280376,0.020552829965544174,0,Bear,2,Bear,1.0196682587877616e-05,4.0302250004818864e-05,0.999949501068843
2023-01-04,-0.018493662523082356,0.01907742534611087,0,Bear,2,Bear,1.2273839097799314e-07,4.643820178904794e-05,0.9999534390589035
2023-01-05,-0.07656070996640062,0.02666829230131752,0,Bear,2,Bear,5.367626299557265e-19,1.0297819177106724e-13,1.0
2023-01-06,0.043149109922064464,0.027511677371506612,2,Bull,2,Bear,1.853402908451566e-11,2.027225325562506e-08,0.9999999797109924
2023-01-09,-0.032534007733559016,0.027425368940563737,0,Bear,2,Bear,3.9337277829127956e-12,3.230576512747251e-09,0.9999999967658368
2023-01-10,-0.036031063816789353,0.028384524083626433,0,Bear,2,Bear,5.215342783836365e-13,5.760382574648695e-10,0.9999999994251993
2023-01-11,-0.0533424110168391,0.029648454511548523,0,Bear,2,Bear,3.772060076287837e-16,2.5724644834794098e-12,0.999999999996362
2023-01-12,0.04986807935533809,0.031426641251761575,2,Bull,2,Bear,7.61942819418119e-14,1.3224491705349756e-10,0.9999999998690328
2023-01-13,0.0028526239979038293,0.03140577774147803,2,Bull,2,Bear,6.960761450479276e-12,1.372020186410065e-09,0.999999998621206
2023-01-16,0.043724958635052796,0.03209445491624515,2,Bull,2,Bear,1.362778660670566e-13,1.3293914444027617e-10,0.9999999998653948
2023-01-17,0.02039469075375692,0.03244709857332269,2,Bull,2,Bear,1.761982575303202e-12,4.398892795595547e-10,0.9999999995598046
2023-01-18,0.012935831719289491,0.03259210902261772,2,Bull,2,Bear,1.8957454642323663e-12,3.91741099046446e-10,0.9999999996070983
2023-01-19,0.007069675836404662,0.03262544630894349,2,Bull,2,Bear,1.7501734255952895e-12,3.3952303116060087e-10,0.99999999965803
2023-01-20,0.012444336172638206,0.03274770393987631,2,Bull,2,Bear,1.563219484102553e-12,3.1964188519942473e-10,0.9999999996798579
2023-01-23,-0.015769439194901695,0.032870519330447164,2,Bull,2,Bear,1.4978775109522808e-13,4.584336831489624e-11,0.9999999999527063
2023-01-24,-0.007037438253499238,0.03278744226974978,2,Bull,2,Bear,5.505406067454292e-13,1.240219034204533e-10,0.9999999998763087
2023-01-25,-0.01288439219716649,0.03270535897077871,2,Bull,2,Bear,2.9149756080823584e-13,7.920745949921072e-11,0.9999999999199645
2023-01-26,-0.012689113708049966,0.032276682156027685,2,Bull,2,Bear,5.288315879753873e-13,1.4280015890277628e-10,0.9999999998581188
2023-01-27,-0.007521990273095804,0.03223707927434674,2,Bull,2,Bear,1.0735291910810564e-12,2.4575703025313794e-10,0.9999999997526174
2023-01-30,-0.018565675207305943,0.0316011226119594,2,Bull,2,Bear,4.991438024623569e-13,1.7430932983401435e-10,0.999999999825377
2023-01-31,-0.023767829977246743,0.03187177111307211,2,Bull,2,Bear,1.2865181512300353e-13,5.995016025884976e-11,0.9999999999381544
2023-02-01,-0.05433743639092523,0.03356586313039711,0,Bear,2,Bear,1.1535769073151245e-18,9.531418036991804e-15,1.0
2023-02-02,0.008198154951010983,0.02955586558308814,2,Bull,2,Bear,7.130246162333563e-11,1.4584456939013515e-08,0.9999999853425835
2023-02-03,0.05035017387208666,0.030193508566470354,2,Bull,2,Bear,2.5764453494750844e-13,4.910460330460923e-10,0.9999999995088729
2023-02-06,-0.013578294066502239,0.02951857476907515,2,Bull,2,Bear,1.4446411256863877e-11,4.056340669162884e-09,0.9999999959291017
2023-02-07,-0.09012511912129603,0.03477416927949259,0,Bear,2,Bear,2.2176770502374123e-27,7.358056049827948e-21,1.0
2023-02-08,0.0,0.03287204300402547,2,Bull,2,Bear,9.245397404252385e-13,1.8192588043451308e-10,0.9999999998181011
2023-02-09,0.0,0.030502919957558352,2,Bull,2,Bear,1.7902883340565084e-11,3.610960938304417e-09,0.9999999963729351
2023-02-10,0.0,0.03047133853476363,2,Bull,2,Bear,1.9835394293407416e-11,3.750638087800923e-09,0.999999996231054
2023-02-13,0.0,0.028276607834481424,2,Bull,2,Bear,2.5769817382709257e-10,4.625664042919667e-08,0.9999999534848041
2023-02-14,0.0,0.02758674139779381,2,Bull,2,Bear,4.652973655396772e-10,9.693692609066789e-08,0.9999999025967602
2023-02-15,0.09423412783342569,0.03567801082645326,2,Bull,2,Bear,4.8285209698092076e-23,3.6793754426184357e-17,1.0
2023-02-16,0.01166793462956322,0.03576914883099404,2,Bull,2,Bear,2.665938722196766e-14,5.083670755756819e-12,0.999999999996362
2023-02-17,0.003627027402695234,0.035610185688624924,2,Bull,2,Bear,2.6606363678959074e-14,4.937435050048475e-12,0.999999999996362
2023-02-20,0.023999552615653504,0.03605011541777086,2,Bull,2,Bear,1.1999483513043765e-14,3.1060921659098632e-12,0.999999999996362
2023-02-21,9.710392298940316e-05,0.03603733242144085,2,Bull,2,Bear,1.1422018144750484e-14,2.1726160613736597e-12,0.999999999996362
2023-02-22,-0.015263275108000119,0.03607882488899061,2,Bull,2,Bear,1.6600686829187694e-15,4.927992908111028e-13,1.0
2023-02-23,0.002914149318993446,0.03600833440758122,2,Bull,2,Bear,1.4372655930650302e-14,2.66212413550305e-12,0.999999999996362
2023-02-24,-0.0054017944445338365,0.035992490999750645,2,Bull,2,Bear,7.372548576737497e-15,1.5528949066032954e-12,1.0
2023-02-27,0.02702926696127464,0.03628397148171877,2,Bull,2,Bear,6.809947791818795e-15,1.985790418183184e-12,0.999999999996362
2023-02-28,0.007647526161805418,0.03583332931885813,2,Bull,2,Bear,2.274965698843742e-14,4.195565876960952e-12,0.999999999996362
2023-03-01,0.016174662559918767,0.03332215858382084,2,Bull,2,Bear,6.987431496635221e-13,1.5194352295193808e-10,0.9999999998472049
2023-03-02,-0.011583566816555682,0.03354874773031739,2,Bull,2,Bear,1.1198840101183931e-13,2.8897262424332715e-11,0.9999999999708962
2023-03-03,-0.009356798645471702,0.03192653466426939,2,Bull,2,Bear,1.2949271496272546e-12,3.1278111703522225e-10,0.9999999996871338
2023-03-06,0.03393158730850133,0.032461279225606834,2,Bull,2,Bear,3.022825478435614e-12,2.1871757451408185e-10,0.9999999997780833
2023-03-07,-0.0019304398872817072,0.023756523311989956,2,Bull,2,Bear,1.4376872906678205e-07,3.5035620414255113e-06,0.999996352670963
2023-03-08,0.01044339335414284,0.023665449849531933,2,Bull,2,Bear,1.772779477173387e-07,5.113860903244847e-06,0.9999947088612235
2023-03-09,0.0014332792247509982,0.023637603527041515,2,Bull,2,Bear,7.164106110848344e-08,4.590831797176102e-06,0.9999953375262985
2023-03-10,-0.011375077896419275,0.024011681876669265,2,Bull,2,Bear,1.5951988786164742e-08,1.5605481567474817e-06,0.9999984235013165
2023-03-13,-0.011468443269712702,0.02437003631772653,2,Bull,2,Bear,8.166709377142332e-09,1.0942081751433613e-06,0.9999988976239075
2023-03-14,-0.022013237853877626,0.025247880107831917,0,Bear,2,Bear,4.7433929109735365e-07,6.109404999376335e-07,0.9999989147187512
2023-03-15,-0.016594534559059692,0.015385721367368878,0,Bear,2,Bear,0.0010879183620935745,0.0007892920211175592,0.9981227896157675
2023-03-16,0.02086791957786415,0.01583055905866881,1,Sideways,2,Bear,0.0008790963881433648,0.0016683534807986036,0.9974525501305275
2023-03-17,-0.017982387533074237,0.016450393972153626,0,Bear,2,Bear,0.000239480879466787,0.0010856927840726198,0.9986748263361881
2023-03-20,-0.03182653376941012,0.017080654721506817,0,Bear,2,Bear,0.00010279043828475694,0.00029091376787943117,0.9996062957945231
2023-03-21,-0.013944585486698318,0.017289648916621544,0,Bear,2,Bear,0.000601234793521769,0.0006022312779887856,0.9987965339274166
2023-03-22,0.019076652305451535,0.017647953272405485,2,Bull,2,Bear,0.0011413324559447521,0.0010697542645125566,0.9977889132788534
2023-03-23,0.01210372132771884,0.01786523810933142,1,Sideways,2,Bear,0.0008653772326574707,0.0017793325891773378,0.9973552901781441
2023-03-24,-0.005944174354380485,0.01787389798721248,0,Bear,2,Bear,0.001514720349955034,0.0010776164961662864,0.997407663155185
2023-03-27,-0.006819681693503369,0.016718580568378032,0,Bear,2,Bear,4.3242332851197e-05,0.0018894887855052547,0.9980672688825325
2023-03-28,-0.03798889202320897,0.018371215208549983,0,Bear,2,Bear,2.3321300389938373e-06,4.1785927883471664e-05,0.9999558819418579
2023-03-29,0.027003991500026386,0.019147751216704267,2,Bull,2,Bear,2.2890907825468058e-05,7.122575022442724e-05,0.9999058833436832
2023-03-30,-0.009573896076318268,0.019109428339416257,0,Bear,2,Bear,3.1953412327845035e-05,0.00011370009487097253,0.9998543464936769
2023-03-31,-0.017139186950624007,0.019311038471712165,0,Bear,2,Bear,9.022445077654057e-05,8.662755462549459e-05,0.9998231479953916
2023-04-03,0.005511544955912624,0.017316594696332014,1,Sideways,2,Bear,0.00022339896303670675,0.0004861143964643274,0.999290486640452
2023-04-04,0.02944151264963393,0.01898837803603219,2,Bull,2,Bear,4.3355252639502343e-05,0.0002959878261415004,0.9996606569227466
2023-04-05,-0.01296464962443976,0.018781969567676523,0,Bear,2,Bear,0.00016036349278958156,0.00015322662870741595,0.9996864098771883
2023-04-06,-0.0014441885699485338,0.018740992741955332,0,Bear,2,Bear,0.00023025462746265925,0.0003893803418198588,0.9993803650291768
2023-04-07,0.002398982075032319,0.01875341761515893,2,Bull,2,Bear,0.00035225222623720904,0.00040294753338695143,0.9992448002397882
2023-04-10,0.03348656410807176,0.020484073970046403,2,Bull,2,Bear,4.989896464210216e-05,0.0005363022497925448,0.9994137987846221
2023-04-11,0.006264273308717669,0.02001633915750184,2,Bull,2,Bear,0.0042858436924920985,0.0006731517732145706,0.9950410045356378
2023-04-12,0.0042452956067359415,0.019690815869425705,2,Bull,2,Bear,0.0031299517231899,0.01136098632232127,0.9855090619541537
2023-04-13,-0.0020424753298999418,0.019084613774739773,0,Bear,2,Bear,0.03937884786108231,0.006989245678392631,0.9536319064588362
2023-04-14,-0.008349255774063239,0.018749601832540784,0,Bear,2,Bear,0.018035327485766188,0.07386597651788207,0.9080986959967183
2023-04-17,-0.006599548765648601,0.017319999190294443,0,Bear,2,Bear,0.19617195030134277,0.03493880740538044,0.7688892422925795
2023-04-18,-0.00807694799768197,0.017104812138971193,0,Bear,2,Bear,0.05510182188979097,0.26562665568805083,0.6792715224233985
2023-04-19,0.008432717917397194,0.016677260021281205,1,Sideways,2,Bear,0.3563030745092087,0.06746961025071352,0.5762273152418945
2023-04-20,-0.00970874965282527,0.01659821824146958,0,Bear,2,Bear,0.07045227810919637,0.3862031725901855,0.5433445492999932
2023-04-21,0.0,0.01654862251352579,1,Sideways,2,Bear,0.4134105301247714,0.07467679972961025,0.5119126701463796
2023-04-24,0.0020925694103335235,0.01648073280684784,1,Sideways,2,Bear,0.06837188590473808,0.4253455444135255,0.506282569682104
2023-04-25,-0.02659067110486066,0.015239148163513726,0,Bear,2,Bear,0.4161341596469264,0.0693266360938008,0.5145392042609923
2023-04-26,-0.022224302253040496,0.014755210769171337,0,Bear,2,Bear,0.055365220152086746,0.43697705836114503,0.5076577214864847
2023-04-27,0.001274431642471843,0.014647283539206088,1,Sideways,2,Bear,0.44965670228057025,0.05650544154578359,0.4938378561750508
2023-04-28,-0.036506871496449475,0.016309452196679064,0,Bear,2,Bear,0.02371138022620662,0.4567545171002691,0.5195341026726974
2023-05-01,0.0,0.0162209656105033,1,Sideways,2,Bear,0.4982988465550195,0.03006953903836484,0.4716316144063835
2023-05-02,-0.024485788214956738,0.015102899522058288,0,Bear,2,Bear,0.030187086963528367,0.5099989237687925,0.4598139892661732
2023-05-03,-0.004492857442797521,0.014987298942208023,0,Bear,2,Bear,0.5254706812378623,0.03646434524714374,0.4380649735156796
2023-05-04,-0.00035675248065242493,0.015001378673145237,1,Sideways,2,Bear,0.03398093404709918,0.5296816109048451,0.43633745504666477
2023-05-05,-0.018818377722633263,0.015231662656060836,0,Bear,2,Bear,0.45782986793415553,0.03574349504674402,0.5064266370203543
2023-05-08,0.03595285781163719,0.015571154866136415,1,Sideways,2,Bear,0.01249593038560573,0.45999405519807823,0.5275100144178013
2023-05-09,-0.005649404462611471,0.015323348536905994,0,Bear,2,Bear,0.416550492229385,0.014463074876234128,0.5689864328929382
2023-05-10,-0.009235322125795227,0.015139949222035785,0,Bear,2,Bear,0.0001080547390682385,0.41699103647933977,0.5829009087798012
2023-05-11,0.0757118070239884,0.023878681501976636,2,Bull,2,Bear,5.7888818437186954e-11,1.731171191295758e-07,0.9999998268249478
2023-05-12,-0.010867354060268898,0.023915638496089672,2,Bull,2,Bear,6.685374856237356e-09,1.7156292150087582e-06,0.9999982776840904
2023-05-15,-0.06335480078609418,0.027467724260794857,0,Bear,2,Bear,1.058481905651116e-16,2.3170090044860318e-12,0.999999999996362
2023-05-16,0.01947062983619266,0.02803476059177878,2,Bull,2,Bear,2.9601390971943666e-10,7.194705954786395e-08,0.9999999277570195
2023-05-17,0.015565502775682225,0.02825203711684218,2,Bull,2,Bear,2.6257468251110524e-10,6.22090970464313e-08,0.9999999375286299
2023-05-18,-0.03492505670602284,0.02906593583946977,0,Bear,2,Bear,3.2165638573557963e-13,3.170990089931541e-10,0.9999999996834958
2023-05-19,0.0,0.02906593583946977,2,Bull,2,Bear,9.551610625465696e-11,1.9270836043254348e-08,0.999999980635039
2023-05-22,-0.007917209896137806,0.02901677613760998,2,Bull,2,Bear,5.46012417644469e-11,1.22063817962899e-08,0.9999999877400115
2023-05-23,0.0010741240530235114,0.02863402218627341,2,Bull,2,Bear,1.6548598292371283e-10,3.283464564784051e-08,0.9999999669998948
2023-05-24,-0.010364385390164575,0.028368987197601007,2,Bull,2,Bear,8.739827471138675e-11,2.0623845203412885e-08,0.9999999792889869
2023-05-25,0.000700361289946305,0.02836377014181306,2,Bull,2,Bear,2.177924984670123e-10,4.345730390410459e-08,0.9999999563260654
2023-05-26,0.033903815922154815,0.02847632038980941,2,Bull,2,Bear,3.768196328789695e-11,2.0107115918529195e-08,0.9999999798565116
2023-05-29,0.04020091895932534,0.029890096209298386,2,Bull,2,Bear,3.083960810284545e-12,2.452558577867416e-09,0.9999999975443643
2023-05-30,0.03761756324719583,0.030260443540521303,2,Bull,2,Bear,3.254900576874769e-12,2.1142871910658456e-09,0.9999999978826963
2023-05-31,-0.013112179876495045,0.030459145320186398,2,Bull,2,Bear,5.027353303412482e-12,1.3747401117868688e-09,0.999999998621206
2023-06-01,0.014807221707297901,0.03052631453621713,2,Bull,2,Bear,2.2283145701289154e-11,4.949185285739355e-09,0.999999995026883
2023-06-02,0.03081199182244366,0.030502175409717534,2,Bull,2,Bear,6.7147807261994755e-12,2.8111168503693435e-09,0.9999999971805664
2023-06-05,0.04915328705419404,0.031282645082705764,2,Bull,2,Bear,1.0585129305361028e-13,1.724357091716749e-10,0.999999999829015
2023-06-06,0.002992002707563255,0.03114094471108777,2,Bull,2,Bear,9.699270836276108e-12,1.9139335119158776e-09,0.9999999980755092
2023-06-07,0.03149133598061926,0.031243898967155903,2,Bull,2,Bear,3.1844565339927784e-12,1.1348016787370537e-09,0.9999999988613126
2023-06-08,-0.0012955653787817974,0.027299781146523903,2,Bull,2,Bear,7.943174291039427e-10,1.229308809308982e-07,0.9999998762759864
2023-06-09,0.012969171510455261,0.027006735196205948,2,Bull,2,Bear,2.7133599434651626e-08,2.2990256943116054e-07,0.9999997429622784
2023-06-12,-0.0066872344393776725,0.02154891009817287,2,Bull,2,Bear,1.1423988746753783e-07,1.6393349798796544e-05,0.9999834924108749
2023-06-13,-0.02902696503114257,0.02319071321646371,0,Bear,2,Bear,2.8010070518157288e-09,4.378331686393118e-07,0.9999995593644659
2023-06-14,-0.01266018761884578,0.023587028584702636,2,Bull,2,Bear,1.7250637070228768e-07,1.9783995869744707e-06,0.9999978490946372
2023-06-15,0.02481634606897217,0.02170794847761988,2,Bull,2,Bear,9.902729680069817e-07,1.4473467551293458e-05,0.9999845362612749
2023-06-16,-0.0036459100895626273,0.021811175454918473,2,Bull,2,Bear,7.811855064833564e-08,1.6793224612249884e-05,0.9999831286554449
2023-06-19,-0.038386126952455066,0.024061197354626238,0,Bear,2,Bear,1.3787187678300936e-10,3.999942838016921e-08,0.9999999598621806
2023-06-20,-0.003364696468998522,0.0241513490745305,2,Bull,2,Bear,2.919328003293355e-08,2.306466945072498e-06,0.999997664340298
2023-06-21,-0.01241588370816346,0.02423785827305127,2,Bull,2,Bear,4.7980335067344935e-09,1.1438293212668966e-06,0.999998851374335
2023-06-22,0.04550903908766524,0.02556757894976064,2,Bull,2,Bear,1.2498056490772666e-10,8.930127346330786e-08,0.9999999105748469
2023-06-23,0.02806440617400306,0.02531454116725093,2,Bull,2,Bear,4.850625143056067e-09,6.515793007242755e-07,0.9999993435705955
2023-06-26,0.0265311407125291,0.024628373865594848,2,Bull,2,Bear,2.7661285305441772e-08,1.312369064948402e-06,0.9999986599695941
2023-06-27,0.00455967483011569,0.023713720852611087,2,Bull,2,Bear,2.1199731513866786e-07,4.55247279947053e-06,0.9999952355287675
2023-06-28,0.0,0.02328971487960752,2,Bull,2,Bear,2.6326064611489224e-07,5.8535934717905645e-06,0.9999938831466076
2023-06-29,0.0,0.023304345389854618,2,Bull,2,Bear,4.149202974557043e-07,5.827886985612096e-06,0.9999937571932838
2023-06-30,0.0,0.02269046856068349,2,Bull,2,Bear,1.5970187200670656e-07,9.650499409321181e-06,0.9999901897980716
2023-07-03,0.043525026720757656,0.022154768631668043,2,Bull,2,Bear,2.6551818677665748e-08,1.7906715965359147e-06,0.9999981827766673
2023-07-04,-0.0018969592396088223,0.022212521710817015,2,Bull,2,Bear,2.223475717171064e-06,1.2725762387930274e-05,0.9999850507618798
2023-07-05,0.016993639730907225,0.02154285492872531,2,Bull,2,Bear,3.85105917847604e-06,2.5793537897814755e-05,0.9999703554013979
2023-07-06,0.005600972655952725,0.021497328735525248,2,Bull,2,Bear,6.472603205834205e-06,3.110863751231673e-05,0.9999624187589388
2023-07-07,0.00746263962172025,0.021425361059335315,2,Bull,2,Bear,8.106303447587194e-06,3.706476732204645e-05,0.9999548289286119
2023-07-10,0.013373630137404773,0.021331164338718515,2,Bull,2,Bear,2.797330433306349e-05,4.4207688422918266e-05,0.999927819008388
2023-07-11,0.01464410027290989,0.019761057853174224,2,Bull,2,Bear,8.921901182177007e-05,0.00016369803721079693,0.9997470829513796
2023-07-12,-0.0032742910013105735,0.019353444213355817,0,Bear,2,Bear,0.000299652301464745,0.00025230137065050657,0.9994480463268103
2023-07-13,0.004138307957392093,0.01897927796627139,2,Bull,2,Bear,0.00038931599878430564,0.0006615622872760887,0.9989491217146254
2023-07-14,0.010823099604740196,0.018812266138214937,2,Bull,2,Bear,0.0009538521454502396,0.0006630073357653366,0.9983831405203958
2023-07-17,0.02497402293117485,0.0156405081623055,1,Sideways,2,Bear,0.0005225512767959646,0.001497742399959171,0.9979797063230851
2023-07-18,-0.03633113865766972,0.01870088323659162,0,Bear,2,Bear,0.0004358314556574122,0.0006945303972439252,0.9988696381466429
2023-07-19,0.031897437859400204,0.018578119018115125,2,Bull,2,Bear,0.01510968346655955,0.016179430418531645,0.9687108861141893
2023-07-20,0.0167206130463076,0.016867861455443306,1,Sideways,2,Bear,0.11531524775240468,0.1114374472714932,0.7732473049773158
2023-07-21,0.0008526223546169506,0.016459744095851676,1,Sideways,2,Bear,0.20175746097266645,0.16342568943025124,0.6348168495956623
2023-07-24,0.0010909941244579603,0.016012995186396397,1,Sideways,2,Bear,0.19215131023503917,0.22686946262603302,0.5809792271387695
2023-07-25,-0.013548990862662365,0.01670054602857963,0,Bear,2,Bear,0.23386787258516442,0.20036126653716424,0.5657708608777895
2023-07-26,0.020811477363959753,0.016898311689113116,1,Sideways,2,Bear,0.20350070442800686,0.24584451734603419,0.5506547782264558
2023-07-27,0.016500418361432234,0.016895476574550847,1,Sideways,2,Bear,0.2493936689366329,0.21292179286343502,0.5376845381982933
2023-07-28,0.030339653025550924,0.017425269438383528,2,Bull,2,Bear,0.21065817189480668,0.2569726517132699,0.5323691763914594
2023-07-31,0.020960912784003367,0.015812247922102864,1,Sideways,2,Bear,0.2637732497505346,0.23540802471908479,0.500818725530392
2023-08-01,-0.006742962090511277,0.01602542910359149,0,Bear,2,Bear,0.2449949547515157,0.2719505828771517,0.48305446237264765
2023-08-02,0.01247676682160693,0.01593641534970527,1,Sideways,2,Bear,0.26304233424736173,0.2527056992244576,0.4842519665271559
2023-08-03,-0.005110467973666338,0.016221312258560626,0,Bear,2,Bear,0.2326214758796178,0.2659812756081928,0.5013972485107692
2023-08-04,0.024498399317644602,0.016628097059883617,1,Sideways,2,Bear,0.206795738880813,0.23613436050622094,0.5570699006122266
2023-08-07,0.009347291551971514,0.016596124282839544,1,Sideways,2,Bear,0.17862617876569917,0.21045576607213148,0.6109180551635309
2023-08-08,-0.007781122687549005,0.016931349995701242,0,Bear,2,Bear,0.1192102372090275,0.17975703843493035,0.7010327243571908
2023-08-09,0.025113060180113878,0.01715729275125441,1,Sideways,2,Bear,0.016434719760635208,0.1208628379493196,0.8627024422897788
2023-08-10,-0.02116791542318002,0.018425005265301678,0,Bear,2,Bear,0.01359644540368852,0.016481251854460623,0.9699223027416134
2023-08-11,0.03601625626008783,0.0194748335432821,2,Bull,2,Bear,0.0016621469570221798,0.013996184877558437,0.9843416681662275
2023-08-14,0.0029770174842631307,0.01914631342020915,2,Bull,2,Bear,0.01651430764865499,0.0025898067250268355,0.9808958856278223
2023-08-15,-0.00604094943408015,0.016470610228724453,0,Bear,2,Bear,0.0043130212481133886,0.020699855046984874,0.9749871237057055
2023-08-16,-0.0037125657417819277,0.015829769940461556,0,Bear,2,Bear,0.02179518069030655,0.005096614237302926,0.973108205073208
2023-08-17,0.013249895469978316,0.015744238118540137,1,Sideways,2,Bear,0.0006255792026724659,0.02263395467815769,0.9767404661197169
2023-08-18,-0.03288735228261873,0.018122694204356245,0,Bear,2,Bear,3.2677685020730053e-05,0.0006124206474119947,0.9993549016693044
2023-08-21,0.03702584074590129,0.019367798552212757,2,Bull,2,Bear,1.293845870526466e-05,5.5098134767724825e-05,0.9999319634052182
2023-08-22,-0.0032631114487307144,0.018907286621247223,0,Bear,2,Bear,1.580722178295371e-05,0.00013573308843820524,0.9998484596891323
2023-08-23,-0.02199978380977023,0.01979847574297412,0,Bear,2,Bear,2.203216655722973e-06,3.0580476858928364e-05,0.9999672163056623
2023-08-24,-0.014615229028394546,0.020148538343019894,0,Bear,2,Bear,4.634361488829872e-06,2.768315921673192e-05,0.9999676824792819
2023-08-25,0.02956437689464578,0.02009675486122229,2,Bull,2,Bear,2.59258379032672e-06,3.4422933048906045e-05,0.9999629844835596
2023-08-28,0.028740573529270532,0.02050539901844092,2,Bull,2,Bear,3.9988223722171055e-06,2.8133675309247795e-05,0.9999678675009215
2023-08-29,-0.004366303485064021,0.020441867842669176,2,Bull,2,Bear,1.8171733634042804e-05,4.874711590606146e-05,0.9999330811497105
2023-08-30,0.0,0.02038888896584759,2,Bull,2,Bear,2.7407613224016413e-05,7.481049103386462e-05,0.9998977818945948
2023-08-31,0.0013649116814890318,0.020283072050986693,2,Bull,2,Bear,3.874063344662939e-05,9.103795907879662e-05,0.9998702214070856
2023-09-01,0.01730354350961022,0.01997307158935432,2,Bull,2,Bear,4.115765992827146e-05,0.00011491437117501702,0.9998439279703313
2023-09-04,0.010520323680854704,0.019990562768667376,2,Bull,2,Bear,6.721203553022888e-05,0.00013168604328810387,0.9998011019228843
2023-09-05,0.011576977226040048,0.019842820783684424,2,Bull,2,Bear,8.430706430646963e-05,0.0001701788475907806,0.999745514089155
2023-09-06,-0.006626882421612786,0.019437388544480405,0,Bear,2,Bear,0.00011680233589106805,0.00020334005429144465,0.9996798576113484
2023-09-07,0.01888748634645469,0.018795040710327875,2,Bull,2,Bear,0.00030254082010762836,0.00028622713742839224,0.9994112320441003
2023-09-08,-0.0014883824427328767,0.017431091875212166,1,Sideways,2,Bear,0.00018311832256837134,0.0006488586387010435,0.999168023038045
2023-09-11,-0.0217107165483848,0.018343478490959932,0,Bear,2,Bear,0.00010558036338702494,0.00023367487768862844,0.9996607447573985
2023-09-12,0.0016435236303467154,0.018233635720071757,1,Sideways,2,Bear,0.00013236098834944958,0.00034283807270385535,0.999524800938146
2023-09-13,-0.01805435541050957,0.018783601235791154,0,Bear,2,Bear,6.690275603598813e-05,0.00018776825170151133,0.9997453289922712
2023-09-14,0.013004822505716348,0.018776121503830675,2,Bull,2,Bear,0.00011149897193217624,0.000227187590007254,0.9996613134389507
2023-09-15,-0.01950215426811949,0.017664095065305693,0,Bear,2,Bear,9.54538290884787e-06,0.00019190609612541808,0.9997985485220587
2023-09-18,-0.03600854947755492,0.017786786678184202,0,Bear,2,Bear,6.484717027709201e-06,2.4671880034346565e-05,0.9999688434015093
2023-09-19,0.01339867323394681,0.018051188180011488,2,Bull,2,Bear,0.00036463978484144123,0.00032435924018981815,0.9993110009744033
2023-09-20,-0.008281894310071149,0.017417493969906633,0,Bear,2,Bear,0.00021308223562002777,0.0006127849361568845,0.9991741328296004
2023-09-21,0.03571561137749908,0.018668988556124817,2,Bull,2,Bear,7.326676792393687e-05,0.0002986782922950582,0.9996280549401515
2023-09-22,0.004825585881656387,0.017626554952615194,1,Sideways,2,Bear,0.0006409332964243688,0.00046690349041375405,0.9988921632132877
2023-09-25,0.03250402994134459,0.017943754115996084,2,Bull,2,Bear,0.00017282309624796384,0.0008536143376594363,0.9989735625649511
2023-09-26,-0.007554270013942214,0.018019484132449342,0,Bear,2,Bear,0.0011991294791087966,0.0006375854110343076,0.9981632851114828
2023-09-27,-0.003463783203591417,0.018057092639864124,0,Bear,2,Bear,0.0010301067868284802,0.0017822895711910689,0.9971876036433514
2023-09-28,0.0005964298774459681,0.01805911481937224,1,Sideways,2,Bear,0.0018414094502934744,0.0014795766992801373,0.9966790138517257
2023-09-29,0.014039570467688318,0.017926509676096464,2,Bull,2,Bear,0.0010213138846615895,0.002264075558915041,0.9967146105576662
2023-10-02,0.018083995015290313,0.018200051020569066,2,Bull,2,Bear,0.001151201284854604,0.001255246227233641,0.9975935524880194
2023-10-03,0.0031175743667151484,0.018065508154829286,1,Sideways,2,Bear,0.00028875225816748373,0.0014161012773482755,0.998295146464225
2023-10-04,-0.02141764698610959,0.018713557090853112,0,Bear,2,Bear,9.342920814326538e-05,0.000330387331970287,0.9995761834609774
2023-10-05,0.018417893567128578,0.01869010267514404,2,Bull,2,Bear,0.00017425048897222963,0.00023540824119205677,0.9995903412685739
2023-10-06,-0.002725167441347831,0.018700440791818054,0,Bear,2,Bear,8.030146321110628e-06,0.0003167355444535125,0.9996752343075218
2023-10-09,-0.032599305165037035,0.019531299398888008,0,Bear,2,Bear,3.5856189264827734e-07,1.131486479966276e-05,0.9999883265726704
2023-10-10,0.029985026971363113,0.02063202725330873,2,Bull,2,Bear,1.553134815530528e-06,2.09464691394849e-05,0.99997750039466
2023-10-11,-0.013378502940535756,0.020421770573573743,0,Bear,2,Bear,4.976760593891445e-06,2.500129162948657e-05,0.9999700219469254
2023-10-12,-0.008595666513502768,0.020376812953100544,0,Bear,2,Bear,4.256729820090337e-06,3.947049233161247e-05,0.9999562727782196
2023-10-13,-0.017835123566312613,0.020292381353202854,0,Bear,2,Bear,2.1169398936763916e-06,2.1210108797356092e-05,0.9999766729517022
2023-10-16,-0.022271707108449716,0.01917777420526632,0,Bear,2,Bear,6.512759025059612e-06,2.4635807923280168e-05,0.9999688514339162
2023-10-17,0.022481242838337887,0.01957460301247653,2,Bull,2,Bear,5.310878362913823e-07,7.350192950660825e-05,0.9999259669832996
2023-10-18,-0.0341310102977514,0.02108967022241862,0,Bear,2,Bear,1.3616680738861739e-07,1.359160995676628e-06,0.999998504671775
2023-10-19,-0.009441719117677043,0.019511961982182153,0,Bear,2,Bear,7.845468016087355e-07,5.8932052402576464e-05,0.9999402834005623
2023-10-20,-0.03381281101743138,0.020730777998719443,0,Bear,2,Bear,5.922965000605049e-08,1.9786055472768768e-06,0.9999979621664197
2023-10-23,0.03141578471554357,0.02063277688053816,2,Bull,2,Bear,4.3647750121316345e-07,1.7985692183604794e-05,0.9999815778306369
2023-10-24,0.030496342172317892,0.021947274388887317,2,Bull,2,Bear,1.6211700702042026e-08,8.380518774705725e-06,0.9999916032709377
2023-10-25,-0.07338813445907172,0.02720708950634811,0,Bear,2,Bear,1.2790683278514475e-18,1.3771929556422684e-13,1.0
2023-10-26,0.03143346305143437,0.02839179750451206,2,Bull,2,Bear,6.37392748939098e-11,2.6708668409182335e-08,0.9999999732281143
2023-10-27,0.0057649964726517395,0.028182175372527617,2,Bull,2,Bear,3.5015043214741544e-10,6.320036644202804e-08,0.9999999364481502
2023-10-30,0.0008431037787437949,0.02773380351481377,2,Bull,2,Bear,4.1948069030349335e-10,8.61906272250728e-08,0.9999999133906423
2023-10-31,-0.02611298126059276,0.02806383279609789,0,Bear,2,Bear,9.488693820320255e-12,4.4599148496029955e-09,0.999999995528924
2023-11-01,0.0019278562348801858,0.027884409623139286,2,Bull,2,Bear,4.2719853490271236e-10,7.677971481196423e-08,0.9999999227948168
2023-11-02,0.017772775430916998,0.027856160597424903,2,Bull,2,Bear,4.0168269968160726e-10,9.049405486446359e-08,0.9999999091051036
2023-11-03,0.005517351954637216,0.027954079589095213,2,Bull,2,Bear,4.5032078867969857e-10,8.016665514606378e-08,0.9999999193823929
2023-11-06,0.020804701853983257,0.02769792018054208,2,Bull,2,Bear,4.661503902280396e-10,9.761017234155201e-08,0.9999999019237341
2023-11-07,-0.002953049109481246,0.02665393432900961,2,Bull,2,Bear,1.4861318707608204e-09,2.1860252885872343e-07,0.9999997799095823
2023-11-08,0.00205023509796114,0.026581427218573796,2,Bull,2,Bear,1.9912668770570147e-09,2.968042303843787e-07,0.9999997012055692
2023-11-09,-0.002470961749760615,0.0265476355182342,2,Bull,2,Bear,1.525730386775716e-09,2.5036707191199455e-07,0.9999997481063791
2023-11-10,-0.008992692153104855,0.026353398140209816,2,Bull,2,Bear,8.366152436496202e-10,1.9709663065468713e-07,0.9999998020685066
2023-11-13,-0.026469002201293945,0.026538107627824114,0,Bear,2,Bear,7.658661980411169e-11,2.2371516774403536e-08,0.999999977553671
2023-11-14,0.013491595227479973,0.0261687228133334,2,Bull,2,Bear,6.096103124655624e-09,5.191008412673421e-07,0.9999994748033274
2023-11-15,-0.0006781277948095261,0.025109239870824872,2,Bull,2,Bear,1.5136138995887336e-08,1.1038927362933214e-06,0.999998880972897
2023-11-16,0.014864376507943113,0.025273961968011568,2,Bull,2,Bear,1.0986994841224736e-07,1.2261370963355018e-06,0.9999986639931934
2023-11-17,0.00930026245019728,0.024039938262695282,2,Bull,2,Bear,1.2648073513416891e-05,1.385473446146359e-05,0.9999734971917448
2023-11-20,0.011772437424681823,0.023170357860035254,2,Bull,2,Bear,0.001040653021643121,0.0004997647888845851,0.998459582189434
2023-11-21,0.01253067559214635,0.02230903205325146,2,Bull,2,Bear,0.024125821466698713,0.02156681462259505,0.9543073639089
2023-11-22,-0.007434473559021431,0.014256850643852194,0,Bear,0,Sideways,0.5422343250835973,0.27170940312400793,0.18605627179255316
2023-11-23,-0.011129676700234107,0.013013506280637953,0,Bear,1,Bull,0.3521387122616298,0.6162709890684779,0.03159029867153784
2023-11-24,0.007743499922547041,0.013054928327453606,1,Sideways,0,Sideways,0.6300845923322533,0.36638159282006477,0.003533814849115557
2023-11-27,0.018323555302118297,0.01357504952290297,1,Sideways,1,Bull,0.3633511792037037,0.6359393871501442,0.0007094336478960993
2023-11-28,-0.001691318410564987,0.011856037560722489,1,Sideways,0,Sideways,0.6291959415343499,0.3707105948539173,9.346361205305565e-05
2023-11-29,-0.010457923126293376,0.012270481592274698,0,Bear,1,Bull,0.3680494894111854,0.6319096043399816,4.090624753770323e-05
2023-11-30,-0.007607496371842286,0.011981594359921958,0,Bear,0,Sideways,0.6240182849526765,0.37593161303095274,5.0102014719797805e-05
2023-12-01,0.00972779082344461,0.012086403480396874,1,Sideways,1,Bull,0.373444993992743,0.6265318881732703,2.311783350811247e-05
2023-12-04,0.0075589431556561506,0.011343938558728181,1,Sideways,0,Sideways,0.6179962705530205,0.3819645896721688,3.9139776221165055e-05
2023-12-05,-0.0036916969464516076,0.011359958418874572,1,Sideways,1,Bull,0.3795804306198071,0.6203604211393831,5.914823972270821e-05
2023-12-06,-0.025427847767489405,0.012835027273156507,0,Bear,0,Sideways,0.6115355780632892,0.38738863389462713,0.001075788043868279
2023-12-07,0.015624944452884565,0.013284372192435518,1,Sideways,1,Bull,0.3809737894447585,0.6175840004538845,0.001442210101268572
2023-12-08,-0.008179935471874171,0.013253828406196176,0,Bear,0,Sideways,0.6078283684024509,0.38605765171308826,0.006113979883174185
2023-12-11,-0.023706204456802674,0.012964708404390261,0,Bear,1,Bull,0.3584193101636652,0.6123058127868681,0.029274877049992588
2023-12-12,0.002649056476211155,0.012639543298231349,1,Sideways,0,Sideways,0.5416178439886068,0.36682037917784316,0.09156177683391616
2023-12-13,-0.02874885981922972,0.014235551410985349,0,Bear,1,Bull,0.050364542804518186,0.5422677249670635,0.40736773222957157
2023-12-14,0.037038151745000664,0.016248930233526263,1,Sideways,2,Bear,0.06909452848090511,0.052927726415769184,0.8779777451041351
2023-12-15,0.022838540461013877,0.01691587380227623,1,Sideways,2,Bear,0.009956935970351324,0.06987037557881551,0.9201726884495947
2023-12-18,-0.025786558161769214,0.01770996085613569,0,Bear,2,Bear,0.009758879806763092,0.010143701706118826,0.9800974184855934
2023-12-19,-0.00831386697571941,0.017484220308892226,0,Bear,2,Bear,0.005250028297604994,0.010313177233631336,0.9844367944671868
2023-12-20,-0.008187798698296769,0.017497274426723792,0,Bear,2,Bear,0.0058591158498348655,0.005523658637901239,0.9886172255133753
2023-12-21,0.013235973819506459,0.01768065946889531,1,Sideways,2,Bear,0.0005058157227060332,0.006197182211529805,0.9932970020646601
2023-12-22,-0.027072779945168254,0.018485385914125293,0,Bear,2,Bear,5.562208651121734e-06,0.0005149215173755803,0.9994795162732472
2023-12-26,-0.03477525279877376,0.01912510047290364,0,Bear,2,Bear,1.8491086699967335e-06,9.5210350486179e-06,0.9999886298565553
2023-12-27,-0.005343544415076225,0.019106773306341522,0,Bear,2,Bear,5.273526457321834e-05,0.00010739824820277926,0.9998398664854466
2023-12-28,0.018544970078255552,0.01979346541463267,2,Bull,2,Bear,3.666856806086215e-05,0.00012794883757299153,0.9998353825934898
2023-12-29,0.009941936814815307,0.020012033016645527,2,Bull,2,Bear,2.8430234059528195e-05,0.00011305301411360607,0.9998585167502648
2024-01-02,0.020418669614285918,0.020509417419693667,2,Bull,2,Bear,8.394954543294142e-07,6.949989063402343e-05,0.9999296606148305
2024-01-03,-0.028240201458020586,0.021131708477790934,0,Bear,2,Bear,1.6953755550847302e-07,3.1794117088726257e-06,0.999996651049665
2024-01-04,0.018155827084382892,0.02172440347803266,2,Bull,2,Bear,3.54589179176484e-06,1.9943805842891645e-05,0.9999765103014773
2024-01-05,0.010661364359994797,0.0212810765714611,2,Bull,2,Bear,3.4335404094424813e-06,3.530418367185819e-05,0.9999612622750566
2024-01-08,0.024626395239719264,0.021751460424985516,2,Bull,2,Bear,9.82951976778842e-07,1.794573860463906e-05,0.9999810713097553
2024-01-09,-0.010620348886844126,0.021800575639064713,0,Bear,2,Bear,1.665908119794662e-05,1.5450964781476815e-05,0.9999678899538055
2024-01-10,0.01766807399775631,0.021507009426084713,2,Bull,2,Bear,0.00015294575384094524,0.000264312081342051,0.999582742163853
2024-01-11,0.002764699800761573,0.02150751018923385,2,Bull,2,Bear,0.003804009879299755,0.001287147149172101,0.9949088429700638
2024-01-12,0.01139631324173579,0.020437568082998823,2,Bull,2,Bear,0.017272859967566383,0.023082181020585534,0.9596449590108608
2024-01-15,0.007173893684175153,0.018844638288941767,2,Bull,2,Bear,0.14859937805420115,0.060400007858720434,0.7910006140870226
2024-01-16,-0.001467992314625631,0.018164456145162752,0,Bear,2,Bear,0.15749230342435705,0.2628478715256925,0.5796598250515136
2024-01-17,-0.0009716047991690992,0.017110091244314708,1,Sideways,0,Sideways,0.4662749494699567,0.22522006896784708,0.3085049815618973
2024-01-18,-0.0010348616800753463,0.016967629500270233,1,Sideways,1,Bull,0.28583310531080397,0.5466281860760487,0.1675387086130427
2024-01-19,-0.002423063351001504,0.016836710228509875,0,Bear,0,Sideways,0.6142944493830883,0.31066887453779696,0.07503667608069442
2024-01-22,0.0016742854728211687,0.016632636402155242,1,Sideways,1,Bull,0.32446910920364147,0.6442659627297961,0.031264928065550694
2024-01-23,-0.007518716707863872,0.015389602036395944,0,Bear,0,Sideways,0.658976489626055,0.33265231090488606,0.008371199467831205
2024-01-24,0.017555412999705314,0.012971531547091075,1,Sideways,1,Bull,0.32860638789357605,0.6699477355305797,0.0014458765773842368
2024-01-25,0.009716687261128258,0.012765928297795418,1,Sideways,0,Sideways,0.6666027576592602,0.3332031788688557,0.0001940634711877218
2024-01-26,0.02136170046217991,0.012927277711317258,1,Sideways,1,Bull,0.32776662611012325,0.6721291180152156,0.00010425587499401389
2024-01-29,0.014912879140535872,0.01305338009827282,1,Sideways,0,Sideways,0.6653469946814528,0.33457836199957175,7.464331781116594e-05
2024-01-30,0.0003068126021469107,0.012676953241320784,1,Sideways,1,Bull,0.330608075296746,0.6693617255086134,3.0199195511893933e-05
2024-01-31,0.002639858844047332,0.0099704405369503,1,Sideways,0,Sideways,0.6644076645153487,0.3355726382346311,1.969725125683085e-05
2024-02-01,0.017430409642520024,0.009928296604032888,1,Sideways,1,Bull,0.33146150435083355,0.668515942307284,2.2553341815352836e-05
2024-02-02,0.0022644321755046436,0.009933627379738992,1,Sideways,0,Sideways,0.6609919658870578,0.3389851108949558,2.2923219166716582e-05
2024-02-05,0.012727733544442527,0.009104578856014702,1,Sideways,1,Bull,0.33660641722638673,0.6633806749249285,1.2907849965937045e-05
2024-02-06,0.010472832122089357,0.008290357162674816,1,Sideways,0,Sideways,0.6540016617908935,0.3459736461031925,2.4692105992580052e-05
2024-02-07,-0.0029471115211706822,0.008152661234467945,1,Sideways,1,Bull,0.34380663843767584,0.6561841589669194,9.202596072401178e-06
2024-02-08,0.012004932391412964,0.008232921368264248,1,Sideways,0,Sideways,0.6484100815655662,0.3515662762378491,2.3642197034986683e-05
2024-02-09,0.010691564070089206,0.00821127715416927,1,Sideways,1,Bull,0.3484011131655829,0.6515864768736783,1.240996173212284e-05
2024-02-12,0.014116050332178519,0.008397951890933527,1,Sideways,0,Sideways,0.6441745633052716,0.3557960345603741,2.9402134530985728e-05
2024-02-13,-0.019881063623174742,0.01015223693125902,0,Bear,1,Bull,0.352029041039978,0.6479259260804829,4.503288079931611e-05
2024-02-14,0.008646084248207371,0.010049092326151837,1,Sideways,0,Sideways,0.6398601830099785,0.36011108207702847,2.8734912910579688e-05
2024-02-15,0.01857623830377379,0.010267002703281894,1,Sideways,1,Bull,0.35749841178013997,0.6424778505660856,2.3737652457380756e-05
2024-02-16,0.0008868670597112697,0.010130915418459821,1,Sideways,0,Sideways,0.6311678023141807,0.3688017137576079,3.048392885737788e-05
2024-02-19,-0.005854721451733324,0.010483984273301127,1,Sideways,1,Bull,0.3678665447747794,0.6321203324018694,1.3122824230914536e-05
2024-02-20,0.01602927523163049,0.010093841483919744,1,Sideways,0,Sideways,0.6206470636008131,0.3793084945654042,4.444183376246933e-05
2024-02-21,-0.0035268719224432034,0.010153194655713698,1,Sideways,1,Bull,0.37711659192046215,0.6228696797340528,1.3728346152492125e-05
2024-02-22,0.0037622863760028995,0.010157526795005688,1,Sideways,0,Sideways,0.6148213396751732,0.38515511125561125,2.3549068043954092e-05
2024-02-23,0.0028844169574718365,0.009580683179304222,1,Sideways,1,Bull,0.3828048995660997,0.6171841118694871,1.0988564718888162e-05
2024-02-26,-0.004286959401005944,0.009582179681618517,1,Sideways,0,Sideways,0.6092484601841069,0.3907260615081828,2.5478306960683514e-05
2024-02-27,-0.016701565702384038,0.010696318923861347,0,Bear,1,Bull,0.38838785416094035,0.6115769530897642,3.519274864042436e-05
2024-02-28,-0.012838669149705191,0.011340249675527794,0,Bear,0,Sideways,0.6012426798773576,0.39869048525632095,6.683486783397577e-05
2024-02-29,0.01438442856728566,0.011158395282869231,1,Sideways,1,Bull,0.39679652411013017,0.6031781653819018,2.531050811130487e-05
2024-03-01,-0.010551741771986036,0.011567625328835238,0,Bear,0,Sideways,0.5915187821440435,0.40839937505261187,8.18428041897378e-05
2024-03-04,-0.021050604445772853,0.01241945750801752,0,Bear,1,Bull,0.40707646106548473,0.5928201134367583,0.00010342549800638329
2024-03-05,-0.005312924760446367,0.012269111135654659,1,Sideways,0,Sideways,0.5763047848692208,0.42358013788182763,0.0001150772497543509
2024-03-06,-0.013166944220478694,0.01260442687880918,0,Bear,1,Bull,0.42378929905035956,0.5760844029673788,0.0001262979810349166
2024-03-07,0.03479251313349582,0.014661973669332837,1,Sideways,0,Sideways,0.555748588230371,0.4428080880321011,0.0014433237370107548
2024-03-08,0.011104116904032629,0.014677230595336621,1,Sideways,1,Bull,0.4385145342875658,0.5611219056875877,0.0003635600240217073
2024-03-11,-0.0025701329278763102,0.014338873532310342,1,Sideways,0,Sideways,0.555889857081638,0.44396996414330586,0.00014017877489794258
2024-03-12,-0.006900730911398883,0.01368147249269214,0,Bear,1,Bull,0.4398204333928539,0.5600827472940958,9.681931358364878e-05
2024-03-13,-0.017665279061925523,0.014106761956318166,0,Bear,0,Sideways,0.5543638910691655,0.4454237068953237,0.00021240203726567803
2024-03-14,-0.0030011021581736732,0.013343262649753544,1,Sideways,1,Bull,0.43959705710436286,0.5603260507923575,7.689210477014842e-05
2024-03-15,-0.006187855714577366,0.013357052383144786,0,Bear,0,Sideways,0.556606266840745,0.44332606649869616,6.76666615297529e-05
2024-03-18,-0.01260647640740428,0.013534885209475355,0,Bear,1,Bull,0.4371476599252343,0.5627171267364386,0.00013521333819493613
2024-03-19,0.024003867047684493,0.01421513361103288,1,Sideways,0,Sideways,0.5582382660543963,0.4415330479143058,0.00022868603092675597
2024-03-20,0.002817933493718244,0.01425638905227442,1,Sideways,1,Bull,0.4310450596092336,0.5687065032412485,0.00024843714831625696
2024-03-21,0.02051383322054645,0.01507832876440139,1,Sideways,0,Sideways,0.5669936245157308,0.4324739273443292,0.0005324481407601087
2024-03-22,-0.00319954832982755,0.015054705473639554,1,Sideways,1,Bull,0.4144997815474189,0.5835575213037885,0.0019426971490975255
2024-03-25,-0.00905143639583226,0.015139894970291015,0,Bear,0,Sideways,0.5819010643891545,0.41422408151012335,0.003874854101457198
2024-03-26,-0.02489366443969745,0.015669817591480246,0,Bear,1,Bull,0.3801858509243594,0.5997382217937572,0.020075927282619706
2024-03-27,-7.950437619229635e-05,0.01546669345530002,1,Sideways,0,Sideways,0.5962524568364174,0.3822852017647896,0.021462341398106752
2024-03-28,0.030561427661586284,0.016710315805655063,1,Sideways,1,Bull,0.3573831028437491,0.6053701264515328,0.03724677070442589
2024-03-29,0.006848712320368026,0.016618852351136547,1,Sideways,0,Sideways,0.5916875818851265,0.3648107878430346,0.043501630273104754
2024-04-01,0.0016502486962214672,0.01584483438399516,1,Sideways,1,Bull,0.3525396424094985,0.5947990265054032,0.05266133108348351
2024-04-02,-0.01281440624419676,0.016098433840226523,0,Bear,0,Sideways,0.5315449179361573,0.3588599275295271,0.10959515453541424
2024-04-03,-0.010574699876234508,0.015988362419547063,0,Bear,1,Bull,0.306581134419842,0.5349162274620124,0.1585026381184833
2024-04-04,0.020272033386266604,0.014653636148002806,1,Sideways,0,Sideways,0.398562824880714,0.31158813106262967,0.28984904405767437
2024-04-05,0.05226340619221132,0.01859463239595958,2,Bull,1,Bull,0.01026177512522698,0.40194820878186555,0.5877900160931534
2024-04-08,0.014234726575263283,0.018734087826874087,2,Bull,0,Sideways,0.41294074217069043,0.016903183866832542,0.5701560739612102
2024-04-09,0.005876118976405333,0.01858484004929184,2,Bull,1,Bull,0.027291525547711717,0.4321752510900275,0.5405332233622971
2024-04-10,0.0,0.017911132025448993,1,Sideways,0,Sideways,0.4662999324160886,0.03724627661051382,0.4964537909721802
2024-04-11,0.0,0.017854538975779696,1,Sideways,1,Bull,0.04795785483645525,0.4883761472769574,0.46366599788627877
2024-04-12,0.0,0.01770377616262251,1,Sideways,0,Sideways,0.5148547727047201,0.05613473559417983,0.42901049170035777
2024-04-15,-0.013789189895397057,0.01776856251949455,0,Bear,1,Bull,0.06205161981118868,0.5316699442022617,0.4062784359862163
2024-04-16,-0.013699050307188536,0.017671922579209135,0,Bear,0,Sideways,0.572723979558767,0.0756464964509207,0.35162952398965436
2024-04-17,-0.001844968542497107,0.01770998554478402,0,Bear,1,Bull,0.10371252369827343,0.6322092386454654,0.2640782376576493
2024-04-18,-0.000619301119744945,0.017241425704981765,1,Sideways,0,Sideways,0.7111433779588089,0.12166878991164705,0.16718783213104252
2024-04-19,0.017577665583016863,0.017531538042414176,1,Sideways,1,Bull,0.13417560415736252,0.7469649446255722,0.11885945121729923
2024-04-22,-0.005015837037803811,0.017407151951166853,0,Bear,0,Sideways,0.787987315977139,0.14878863511598908,0.06322404890805287
2024-04-23,0.0,0.01612828116750068,1,Sideways,1,Bull,0.16077613795649798,0.8148941163032917,0.02432974574143441
2024-04-24,0.007961899288517597,0.016107216229449956,1,Sideways,0,Sideways,0.8256207488883273,0.16722447235035845,0.007154778760267865
2024-04-25,-0.0005452811837221546,0.01496475059849448,1,Sideways,1,Bull,0.16467063000342472,0.8330643225952288,0.0022650473998108195
2024-04-26,0.020252917364568516,0.015421050426920577,1,Sideways,0,Sideways,0.8312412031133177,0.1676454944052425,0.0011133024816101567
2024-04-29,0.016721738696942264,0.015663472491507274,1,Sideways,1,Bull,0.16036276105724967,0.8390778549754211,0.0005593839655924784
2024-04-30,-0.003686300457686993,0.015250352221703884,1,Sideways,0,Sideways,0.8372760017911606,0.16250038519580146,0.00022361301377485428
2024-05-01,0.0,0.014850188233366191,1,Sideways,1,Bull,0.1569983686122146,0.8428873666823462,0.00011426470440144077
2024-05-02,0.016095700727935175,0.014664146882509877,1,Sideways,0,Sideways,0.840962506923843,0.15893527381694658,0.00010221925751811885
2024-05-03,0.006658318978438852,0.009745115595606089,1,Sideways,1,Bull,0.15132214432158267,0.8486557445376167,2.2111139676750325e-05
2024-05-06,-0.0009541310526252832,0.009435779379287896,1,Sideways,0,Sideways,0.8475311183177532,0.15245530404164895,1.3577640548086282e-05
2024-05-07,0.006736786079374892,0.009453694975424263,1,Sideways,1,Bull,0.1453011319455865,0.8546837864329141,1.5081622351134967e-05
2024-05-08,-0.00861833693556871,0.009769241420064237,1,Sideways,0,Sideways,0.8534302683426702,0.146551083628492,1.864802871576081e-05
2024-05-09,0.0020276386982359712,0.009756140355001401,1,Sideways,1,Bull,0.139473577888886,0.8605111470320188,1.5275077845421385e-05
2024-05-10,-0.004881132425739579,0.009876046341842266,1,Sideways,0,Sideways,0.8594722357488964,0.14051079714975948,1.696710095121359e-05
2024-05-13,-0.016040068998248547,0.010076463257155424,0,Bear,1,Bull,0.13333131766519687,0.8666350148912824,3.3667442370592815e-05
2024-05-14,0.011607099552616266,0.009590894541171104,1,Sideways,0,Sideways,0.865113584470939,0.13486709647807746,1.9319051278209536e-05
2024-05-15,-0.0014559179680453925,0.00958057301008581,1,Sideways,1,Bull,0.12784743074509605,0.8721367386020688,1.583065278985803e-05
2024-05-16,0.015763149187890985,0.009931544234612994,1,Sideways,0,Sideways,0.8712325733119826,0.12873418370585454,3.324298197686232e-05
2024-05-17,0.03087495340779094,0.011245750705523309,1,Sideways,1,Bull,0.11864772339184147,0.8812219466224274,0.00013032998597253608
2024-05-20,0.008979119784344337,0.011044615217634689,1,Sideways,0,Sideways,0.8781266010856379,0.12184206247607587,3.133643664505369e-05
2024-05-21,0.0143936633279562,0.011144449705916321,1,Sideways,1,Bull,0.11834498146692493,0.8816383076968233,1.6710838022472916e-05
2024-05-22,0.00036706535250724374,0.011206694562664675,1,Sideways,0,Sideways,0.8779580331855376,0.12201688907949686,2.5077734515647033e-05
2024-05-23,-0.009847152934525157,0.011663867943745796,0,Bear,1,Bull,0.11940188497823674,0.8805800988386544,1.801618430157932e-05
2024-05-24,-0.01078759956910206,0.0116275460167811,0,Bear,0,Sideways,0.8766387551137984,0.12331834826509215,4.2896620069892734e-05
2024-05-27,-0.0018468718824951479,0.01126866832713344,1,Sideways,1,Bull,0.12053001177919342,0.8794565689131926,1.3419306331603028e-05
2024-05-28,0.0019217806988816443,0.011168908498855542,1,Sideways,0,Sideways,0.876080206645999,0.12389238675423875,2.7406599387572143e-05
2024-05-29,-0.01874637218480389,0.01217923753810748,0,Bear,1,Bull,0.12092080728693701,0.8790358788341367,4.3313878010040856e-05
2024-05-30,0.00020034069166274246,0.011729029150329078,1,Sideways,0,Sideways,0.8742481519190652,0.12571895317582002,3.289490453728726e-05
2024-05-31,-0.007738763814980204,0.011825404178645551,0,Bear,1,Bull,0.12381206787422899,0.8761717452035437,1.6186923391565343e-05
2024-06-03,0.014916286980899014,0.012240961775562243,1,Sideways,0,Sideways,0.871194728188062,0.12874259066896057,6.268114272910657e-05
2024-06-04,-0.01837407106741665,0.01293210781295292,0,Bear,1,Bull,0.12592675638108694,0.8740091897262385,6.405389270602061e-05
2024-06-05,-0.0013129895720428273,0.012774039008805556,1,Sideways,0,Sideways,0.8688590243413274,0.1310901590776596,5.0816581096915726e-05
2024-06-06,-0.006912074325079104,0.012873826245422413,0,Bear,1,Bull,0.1293048435122684,0.8706694476041297,2.5708882738261714e-05
2024-06-07,-0.013781699259274319,0.013203036083427381,0,Bear,0,Sideways,0.8653007794655544,0.13458132881742804,0.00011789171783090726
2024-06-10,-0.014014241044538741,0.01308389374790142,0,Bear,1,Bull,0.1322152692001748,0.8677285352879116,5.619551090857186e-05
2024-06-11,0.00533678805420989,0.01285697586544637,1,Sideways,0,Sideways,0.8625444075998733,0.13740676686953218,4.882553120788205e-05
2024-06-12,0.011287727091815436,0.013125472436262014,1,Sideways,1,Bull,0.13541795673818305,0.8645564930958246,2.555016703119318e-05
2024-06-13,0.022027080999985064,0.013587166437967714,1,Sideways,0,Sideways,0.8586969428161393,0.14117104202371475,0.00013201516087689636
2024-06-14,0.0076114153190474905,0.011701043219054076,1,Sideways,1,Bull,0.13758801223366918,0.8623873493849554,2.4638379646476152e-05
2024-06-17,0.0,0.011475519897043799,1,Sideways,0,Sideways,0.8591517251207876,0.14082317780840076,2.5097072051824943e-05
2024-06-18,0.0,0.010877576263863953,1,Sideways,1,Bull,0.13744229342466194,0.862542970924015,1.473565210632406e-05
2024-06-20,0.025327693639895975,0.012476070608442729,1,Sideways,0,Sideways,0.8593118606605908,0.14056626178764245,0.00012187755135944573
2024-06-21,0.0029286200383803313,0.012311026263930106,1,Sideways,1,Bull,0.13262985844948477,0.8673295821158078,4.05594359419262e-05
2024-06-24,-0.0003248983859694385,0.012052458434352502,1,Sideways,0,Sideways,0.8666547240331837,0.1333189369917527,2.6338974375571128e-05
2024-06-25,-0.008196732121489766,0.012198217753817393,0,Bear,1,Bull,0.12536830354969047,0.8745839481731812,4.7748278325705674e-05
2024-06-26,-0.018265031944205222,0.01285757742982923,0,Bear,0,Sideways,0.8737867012464705,0.12609155761529497,0.00012174113893064391
2024-06-27,0.018349335076006747,0.012823462622634188,1,Sideways,1,Bull,0.11540180461438546,0.8844983656485748,9.982973709140115e-05
2024-06-28,-0.00309442635254052,0.012854769022044044,1,Sideways,0,Sideways,0.8837242458035204,0.11614033138379715,0.0001354228116441916
2024-07-01,-0.029023745904831345,0.014387604206565078,0,Bear,1,Bull,0.10828905158962214,0.8909940918681478,0.0007168565413313008
2024-07-02,0.0098993049929996,0.014150572261133152,1,Sideways,0,Sideways,0.8881512380200497,0.11164571011499616,0.0002030518666373222
2024-07-03,0.022340554804655396,0.01437473202223278,1,Sideways,1,Bull,0.10844784352964258,0.8914181012350461,0.00013405523540174264
2024-07-04,0.017667006959880528,0.014798872565738029,1,Sideways,0,Sideways,0.8861694446565064,0.11364568769447356,0.00018486764858325464
2024-07-05,-0.0019148903477043562,0.014674001179685878,1,Sideways,1,Bull,0.11109663765631525,0.8888322859163887,7.107642769790253e-05
2024-07-08,0.0011327986961943357,0.014161937633601499,1,Sideways,0,Sideways,0.8854174537498045,0.11451019937233857,7.234687641309902e-05
2024-07-09,-0.006232539117976602,0.013757897852517381,0,Bear,1,Bull,0.11181670691363142,0.8881416408668563,4.165221872052527e-05
2024-07-10,-0.004948882871277744,0.013890715021618526,1,Sideways,0,Sideways,0.884654438551808,0.115245372295362,0.00010018915216932503
2024-07-11,0.02581958047976056,0.014686240269745748,1,Sideways,1,Bull,0.11243574534882991,0.8874460707981051,0.00011818385406434117
2024-07-12,0.0036760812248035025,0.014064403469634184,1,Sideways,0,Sideways,0.8801790897760984,0.11972683700012622,9.407322242149822e-05
2024-07-15,0.0,0.014039931224505225,1,Sideways,1,Bull,0.1189559836043025,0.8810146070635696,2.940933154723338e-05
2024-07-16,0.006701354806724638,0.014050632687945194,1,Sideways,0,Sideways,0.8739416619624689,0.12597740655501966,8.093148295435256e-05
2024-07-17,-0.00046685701905127384,0.014056426618732432,1,Sideways,1,Bull,0.1249441734659936,0.8750277090391126,2.811749335213389e-05
2024-07-18,0.0004848289371845654,0.013047353963337175,1,Sideways,0,Sideways,0.8684825854714457,0.13146432405422467,5.309047287040689e-05
2024-07-19,0.0014980725009841101,0.013044915414619529,1,Sideways,1,Bull,0.13031165916487905,0.8696712150904875,1.7125744220851293e-05
2024-07-22,0.0014868288775913682,0.01303599914471893,1,Sideways,0,Sideways,0.8632013625209333,0.1367460249125202,5.261256568109692e-05
2024-07-23,-0.007483472933032323,0.013008025629892624,0,Bear,1,Bull,0.13548022732806775,0.8644966251916366,2.314748184661543e-05
2024-07-24,-0.008867452567098862,0.012397392009629095,0,Bear,0,Sideways,0.8578238126864263,0.14211384886510794,6.233844967274171e-05
2024-07-25,-0.010986592146691896,0.012137667038366587,0,Bear,1,Bull,0.14068912405306178,0.8592879535690985,2.292237680735203e-05
2024-07-26,0.001828846448542564,0.012102599700733567,1,Sideways,0,Sideways,0.8524687875545456,0.1474905363908424,4.06760555451322e-05
2024-07-29,-0.014575886549105318,0.01053804954992034,0,Bear,1,Bull,0.14623939047639128,0.8537406920645415,1.9917460126971988e-05
2024-07-30,-0.003929885990842298,0.010435500845169093,1,Sideways,0,Sideways,0.845571437946437,0.15428468532933978,0.00014387672504500142
2024-07-31,-0.004978924640410401,0.00923644740474716,1,Sideways,1,Bull,0.1530637111045298,0.8464338959915881,0.0005023929052132761
2024-08-01,0.014881285164968795,0.0089699187269441,1,Sideways,0,Sideways,0.8007079751926937,0.16097570391704152,0.03831632088849461
2024-08-02,-0.030521877977355585,0.011229801314988233,0,Bear,1,Bull,0.01810640994437988,0.8017249621795763,0.18016862787692123
2024-08-05,-0.05698036533266484,0.01664882002647315,0,Bear,2,Bear,0.0022888771661432523,0.019539684604328228,0.9781714382296319
2024-08-06,-0.001233932577109044,0.016661797759097503,1,Sideways,2,Bear,0.09859472605054773,0.02618079200250867,0.8752244819483145
2024-08-07,0.014378220379282729,0.017182445669259565,1,Sideways,2,Bear,0.04348095650824393,0.1226803991010422,0.8338386443895999
2024-08-08,0.007374714081290992,0.015980991170367595,1,Sideways,2,Bear,0.1444986950767739,0.05276512473333723,0.8027361801897798
2024-08-09,-0.019104909892049143,0.01618667634278418,0,Bear,2,Bear,0.05241263461240514,0.15028939962289112,0.7972979657645834
2024-08-12,-0.007985472298077275,0.016141649998958327,0,Bear,2,Bear,0.15398117823896224,0.05803357622886984,0.7879852455337276
2024-08-13,0.00931685124796109,0.0162594858751084,1,Sideways,2,Bear,0.05611550269533305,0.1577580419160877,0.7861264553897291
2024-08-14,-0.009082786966045552,0.016225037134049766,0,Bear,2,Bear,0.1332576585570361,0.05804605691564283,0.8086962845268051
2024-08-15,0.015353102583286055,0.01687617022110877,1,Sideways,2,Bear,0.03509648715008465,0.13444079712695908,0.8304627157216679
2024-08-16,-0.01625886589932754,0.016956597999365813,0,Bear,2,Bear,0.059580456291129985,0.03603934849709875,0.9043801952120701
2024-08-19,0.02336563690163858,0.01815355258024543,2,Bull,2,Bear,0.011921243172419606,0.060136569032836394,0.9279421877937436
2024-08-20,-0.007176912599833808,0.018151718668721156,0,Bear,2,Bear,0.034985764670195874,0.012524685285781979,0.952489550043994
2024-08-21,-0.007794078057264181,0.018142073178701916,0,Bear,2,Bear,0.006133372207516744,0.03551403993609443,0.9583525878576185
2024-08-22,0.0016746202462909173,0.018150632293837798,1,Sideways,2,Bear,0.02441824755952314,0.0065868502549306,0.9689949021855412
2024-08-23,-0.025862352206291066,0.018684925426219537,0,Bear,2,Bear,0.0019471087654944483,0.024931544366890476,0.9731213468674197
2024-08-26,-0.010637503706211533,0.01860991446153446,0,Bear,2,Bear,0.03177959345636658,0.004109827106997463,0.9641105794366036
2024-08-27,0.0189499627146248,0.01941420510905952,2,Bull,2,Bear,0.011171207078858119,0.04505113524184558,0.9437776576801394
2024-08-28,0.0008613181302444383,0.019452346380058966,2,Bull,2,Bear,0.0995675029907253,0.027395507552302956,0.8730369894576447
2024-08-29,0.00775898208818786,0.019145012472345003,2,Bull,2,Bear,0.08492507360712188,0.17587063518757906,0.7392042912054312
2024-08-30,0.0,0.01816827234759789,1,Sideways,0,Sideways,0.3860819319392478,0.14873549702045835,0.46518257104203664
2024-09-02,0.02778035045049342,0.014458844920629934,1,Sideways,1,Bull,0.25315035586258,0.5256315702377001,0.22121807390112608
2024-09-03,-0.008782083212582911,0.014620140188895996,0,Bear,0,Sideways,0.6172902031742401,0.3266168000880564,0.05609299673800885
2024-09-04,-0.003688729282201239,0.014285253113146636,1,Sideways,1,Bull,0.352693506405957,0.6367528592277616,0.010553634367365252
2024-09-05,-0.00482899888990461,0.014205226898389742,1,Sideways,0,Sideways,0.6348925983852506,0.3626630624570174,0.002444339159263731
2024-09-06,-0.016805704115252874,0.014057891757582179,0,Bear,1,Bull,0.36063344677567855,0.638412050794594,0.0009545024309808097
2024-09-09,-0.00735473530340969,0.014041366841454727,0,Bear,0,Sideways,0.629632240501771,0.3700279570574016,0.0003398024394863489
2024-09-10,-0.007824569045706083,0.013922948312253032,0,Bear,1,Bull,0.3681669019445955,0.6316637429144888,0.000169355140395128
2024-09-11,-0.02145672775843509,0.014538154302721651,0,Bear,0,Sideways,0.6221473085463353,0.3772888679514957,0.0005638235039426238
2024-09-12,0.010696577306881444,0.0142782857895236,1,Sideways,1,Bull,0.3735379307769842,0.6262994082856942,0.0001626609375219681
2024-09-13,0.017130026208367684,0.01451872643367829,1,Sideways,0,Sideways,0.6201318447996558,0.37970808222212427,0.00016007297876873282
2024-09-16,-0.011213282454857735,0.013527129930167418,0,Bear,1,Bull,0.3745691460036406,0.6253196545093025,0.00011119948526909137
2024-09-17,0.018681069772354,0.014265022216819915,1,Sideways,0,Sideways,0.6205092708506004,0.379357476366633,0.00013325278119898757
2024-09-18,0.0016792932557529764,0.014189378955790172,1,Sideways,1,Bull,0.372281606445477,0.6276164054582472,0.0001019880970801586
2024-09-19,0.02036512736823512,0.014946658159002748,1,Sideways,0,Sideways,0.6248042357853948,0.3750322139778489,0.0001635502367601826
2024-09-20,-0.0075770724081635835,0.013777404355401209,0,Bear,1,Bull,0.36353002878804414,0.6363394675308027,0.00013050368166184426
2024-09-23,-0.0012633924968680006,0.013510850730393795,1,Sideways,0,Sideways,0.6353297659875549,0.3646192098021719,5.102421157039539e-05
2024-09-24,0.014249131965767497,0.013232165117651221,1,Sideways,1,Bull,0.3536643871486217,0.6462254796130054,0.00011013323864086332
2024-09-25,-0.013925531703174562,0.013670875850389622,0,Bear,0,Sideways,0.644155544102878,0.3556231438883678,0.00022131200977857886
2024-09-26,-0.006267619727523138,0.01364842754640683,0,Bear,1,Bull,0.34467872384185166,0.6546220072737836,0.0006992688846220682
2024-09-27,-0.00527376739406365,0.01369886536386783,1,Sideways,0,Sideways,0.651360086186484,0.34596964249180984,0.0026702713205412737
2024-09-30,-0.01149002690135184,0.012196582729734168,0,Bear,1,Bull,0.3163789896486027,0.6616782009130547,0.021942809436862144
2024-10-01,-0.0330891350064258,0.013964876132310811,0,Bear,0,Sideways,0.559275873046071,0.3176261773514148,0.12309794960227229
2024-10-02,-0.03684775363846129,0.01583609921788712,0,Bear,1,Bull,0.23733350604459996,0.5853418653241621,0.1773246286307695
2024-10-03,-0.012807855415343657,0.01592859134976484,0,Bear,0,Sideways,0.6116747159734078,0.24728301461808166,0.14104226940812042
2024-10-04,0.02344683207198298,0.016938528212998946,1,Sideways,1,Bull,0.24670092351935677,0.6319521785894785,0.12134689789191805
2024-10-07,-0.008566397796620192,0.016955172540824053,0,Bear,0,Sideways,0.6460485715721193,0.25770531980813377,0.09624610861879394
2024-10-08,0.001471618296644656,0.016959756515107637,1,Sideways,1,Bull,0.26188969034225973,0.6604241397236188,0.07768616993570833
2024-10-09,0.0096163958067952,0.016609567275496992,1,Sideways,0,Sideways,0.6639025138279633,0.26831939904409824,0.06777808712659109
2024-10-10,-0.018589881601791328,0.016763388282454952,0,Bear,1,Bull,0.2624521967072126,0.6716073552233504,0.0659404480692156
2024-10-11,-0.009854051382911639,0.016130766655650854,0,Bear,0,Sideways,0.6715557160541705,0.2704184990651073,0.0580257848825144
2024-10-14,-0.020142464823151355,0.01645074459189846,0,Bear,1,Bull,0.2677004749756572,0.6780081077926305,0.05429141723210602
2024-10-15,0.018349497898454165,0.016425974173109002,1,Sideways,0,Sideways,0.676270351109507,0.27914692961992416,0.04458271927114765
2024-10-16,0.010743044182498714,0.016736983897994804,1,Sideways,1,Bull,0.2783403587355526,0.6829263921776919,0.03873324908729552
2024-10-17,0.005156407290239869,0.015877301830727605,1,Sideways,0,Sideways,0.6763552284252307,0.2849943240924452,0.038650447481524804
2024-10-18,-0.023455953902556788,0.016394531419775038,0,Bear,1,Bull,0.2763827681844668,0.680039944435437,0.04357728737875464
2024-10-21,-0.015956205371316597,0.016503385630795002,0,Bear,0,Sideways,0.6673321943070937,0.2880734839929472,0.04459432169993214
2024-10-22,0.021060541638264013,0.01701982255844814,1,Sideways,1,Bull,0.28830088090979267,0.6712587918563321,0.04044032723261768
2024-10-23,-0.014117134829205737,0.017024381547698586,0,Bear,0,Sideways,0.6585953185187272,0.3027137731389943,0.03869090834251831
2024-10-24,0.017990438128659997,0.01787213748872633,2,Bull,1,Bull,0.3065025314874942,0.6623859615347826,0.031111506976003487
2024-10-25,0.004004166584556315,0.01798791184581158,1,Sideways,0,Sideways,0.6525130892774238,0.32439410249344197,0.023092808227722552
2024-10-28,0.004178162200150349,0.018015683862766745,1,Sideways,1,Bull,0.3314362303671453,0.6552571381501822,0.013306631481778625
2024-10-29,0.0,0.01665949885067534,1,Sideways,0,Sideways,0.6454710026309682,0.3486930902280392,0.005835907141269677
2024-10-30,0.006773508083008391,0.014617138288115014,1,Sideways,1,Bull,0.3517467879941287,0.6469154690583011,0.001337742949021263
2024-10-31,-0.01597068147856365,0.014778814939337092,0,Bear,0,Sideways,0.6329513427514548,0.3659970347685904,0.0010516224805877767
2024-11-01,0.002377581743010801,0.013717871679684674,1,Sideways,1,Bull,0.3652549186016989,0.6343474557753749,0.00039762562114696175
2024-11-04,-0.025199470819927943,0.014657041907826318,0,Bear,0,Sideways,0.6225675521437446,0.37586854366977285,0.0015639041860704794
2024-11-05,-0.005242427382550123,0.014648343813211794,0,Bear,1,Bull,0.3720065709974488,0.6271391831395116,0.000854245861856246
2024-11-06,0.027883725651577623,0.015949657401787953,1,Sideways,0,Sideways,0.6214013285518972,0.37722846747456473,0.0013702039740568534
2024-11-07,0.009411277279306067,0.015595646969344899,1,Sideways,1,Bull,0.36661902786181777,0.6323686076210344,0.0010123645164049502
2024-11-08,0.026332315754844817,0.016478613494826388,1,Sideways,0,Sideways,0.6306218307564246,0.36821914110954,0.0011590281348784729
2024-11-11,0.009966768880671856,0.015735873100413147,1,Sideways,1,Bull,0.34788013838022086,0.6514063168972126,0.0007135447217510258
2024-11-12,-0.005393494042111322,0.015426512927405996,0,Bear,0,Sideways,0.6525841342252393,0.3471472558046486,0.0002686099692970353
2024-11-13,0.007923400349463365,0.015355386568588033,1,Sideways,1,Bull,0.32814145628872055,0.6715433922979801,0.0003151514147187708
2024-11-14,0.012831023568213343,0.015536240793116177,1,Sideways,0,Sideways,0.6723752245268009,0.327458856289977,0.00016591918338347637
2024-11-15,-0.003274957138468281,0.014390574320167084,1,Sideways,1,Bull,0.30622281669802054,0.6935152373468955,0.00026194595624634716
2024-11-18,0.0006176004465031199,0.013684493236638087,1,Sideways,0,Sideways,0.6949202279077319,0.3048723023924858,0.00020746969819368128
2024-11-19,-0.017447002577253835,0.013881263761599351,0,Bear,1,Bull,0.2817649453555303,0.7158837749344018,0.0023512797086067405
2024-11-20,-0.022021582464334787,0.014469808089007937,0,Bear,0,Sideways,0.7146064048373272,0.28142879375001084,0.003964801411090614
2024-11-21,0.0365265759936741,0.01606768288949781,1,Sideways,1,Bull,0.2512123038848746,0.7405530998835286,0.008234596232169282
2024-11-22,0.019252467312551456,0.016488392127381814,1,Sideways,0,Sideways,0.7405223123031457,0.25469178259244474,0.004785905105637911
2024-11-25,0.011462984693212826,0.016584895465382776,1,Sideways,1,Bull,0.24614917722712207,0.7511759734038406,0.00267484937032992
2024-11-26,-0.0024772393518519547,0.01662429080913249,1,Sideways,0,Sideways,0.7506311044186054,0.24803182554827338,0.0013370700330659414
2024-11-27,0.0003839213698382438,0.016623849087858363,1,Sideways,1,Bull,0.24006115059101188,0.7591184951828978,0.0008203542252440168
2024-11-28,3.1100397403718606e-05,0.016016619154365908,1,Sideways,0,Sideways,0.7579594211398036,0.24167523647078817,0.0003653423896791869
2024-11-29,0.00123371276583155,0.016025498732562943,1,Sideways,1,Bull,0.23352496877051593,0.766217762043868,0.00025726918652085694
2024-12-02,0.003010258024676065,0.014473561986865953,1,Sideways,0,Sideways,0.7648994081107111,0.2350076319542967,9.295993671341033e-05
2024-12-03,0.014978659775551196,0.014385945926095146,1,Sideways,1,Bull,0.22667174301648488,0.7732296109395856,9.864604423097116e-05
2024-12-04,0.005975552093358683,0.013482667843043658,1,Sideways,0,Sideways,0.7710323992066213,0.22891880681852025,4.879397580931788e-05
2024-12-05,0.005034861344908548,0.013450745999957348,1,Sideways,1,Bull,0.2221765431327108,0.7777779556360694,4.550123201281725e-05
2024-12-06,0.01448791834800694,0.01271411677073024,1,Sideways,0,Sideways,0.7756641633181792,0.22428560317274013,5.023350757414243e-05
2024-12-09,0.017346966753849436,0.01298069911000931,1,Sideways,1,Bull,0.215649499763289,0.7842736233672513,7.687687044217972e-05
2024-12-10,-0.01556301228490917,0.013594900649733316,0,Bear,0,Sideways,0.7818339427659056,0.21803717877558226,0.0001288784578824075
2024-12-11,-0.004018382272457068,0.013699197125350388,1,Sideways,1,Bull,0.21026886090176333,0.7896549638380465,7.617525890474193e-05
2024-12-12,9.903008767065538e-06,0.013559457492808227,1,Sideways,0,Sideways,0.78821409698354,0.21173914842238664,4.675459510706039e-05
2024-12-13,0.006629078627893433,0.0134882257576758,1,Sideways,1,Bull,0.20397537856601583,0.7959690648750938,5.5556559156558405e-05
2024-12-16,-0.012701878542043426,0.013972340274464154,0,Bear,0,Sideways,0.7943598242660225,0.20554139651972048,9.877921435848928e-05
2024-12-17,0.0013593566049269062,0.01312332696337313,1,Sideways,1,Bull,0.19677947464720355,0.803165693406488,5.4831945139094176e-05
2024-12-18,-0.009585061398030097,0.012075943320726012,0,Bear,0,Sideways,0.8022187953643748,0.19774257242392043,3.863221020122647e-05
2024-12-19,-0.01531464198789567,0.010312979150593907,0,Bear,1,Bull,0.1881690938234782,0.8117845474984355,4.63586762852715e-05
2024-12-20,-0.004166312757145676,0.009562386336911097,1,Sideways,0,Sideways,0.8105711641827581,0.18941276603434629,1.6069784668060814e-05
2024-12-23,-0.010118367437255114,0.009525974364107846,0,Bear,1,Bull,0.18157869102513424,0.8183983875142836,2.29214609845788e-05
2024-12-24,0.00478766737425458,0.00957189400726178,1,Sideways,0,Sideways,0.8170385301467505,0.18294354994717324,1.791990752451392e-05
2024-12-26,0.028154291313169124,0.0114344876396165,1,Sideways,1,Bull,0.17519666703489467,0.824715862194738,8.74707707645519e-05
2024-12-27,0.0076598440990712745,0.011507159748829496,1,Sideways,0,Sideways,0.8198553676779771,0.1801078149567468,3.681736368204938e-05
2024-12-30,-0.013638088235449645,0.01202540017782792,0,Bear,1,Bull,0.17715107277644226,0.8228171395140615,3.178770897544578e-05
2024-12-31,-0.005993833770198627,0.012122860422652969,1,Sideways,0,Sideways,0.8174955414711483,0.18246109207272446,4.3366457776905824e-05
2025-01-02,0.01320760640465575,0.012019608963073603,1,Sideways,1,Bull,0.17998506409560527,0.8199949974028594,1.993850045336201e-05
2025-01-03,0.011369375497752852,0.012203837407304931,1,Sideways,0,Sideways,0.8135353362507419,0.18641996716762352,4.4696583290935185e-05
2025-01-06,0.0010217760657490497,0.012166026826336204,1,Sideways,1,Bull,0.1840413223608006,0.8159412957996355,1.738184005824755e-05
2025-01-07,-0.011317545782115492,0.01199925730547232,0,Bear,0,Sideways,0.8106001720291935,0.18934520559673204,5.462237581836543e-05
2025-01-08,-0.008176196672284728,0.01133526354576569,0,Bear,1,Bull,0.1864429826678841,0.813536795589526,2.0221743798801107e-05
2025-01-09,0.011050156261398785,0.011198257494783159,1,Sideways,0,Sideways,0.8086845011872982,0.1912836892869062,3.180952620070069e-05
2025-01-10,-0.009050306015134067,0.011337388600511925,0,Bear,1,Bull,0.18779346260275528,0.8121831377555658,2.3399642133044533e-05
2025-01-13,-0.01806210669828679,0.011976579250664575,0,Bear,0,Sideways,0.8078876506729754,0.19202052939408695,9.18199331672645e-05
2025-01-14,-0.001778992426962941,0.011817395316193042,1,Sideways,1,Bull,0.1872004049095652,0.8127730628168984,2.653227417922808e-05
2025-01-15,0.002446590439014236,0.011582866324943339,1,Sideways,0,Sideways,0.8100534316235336,0.1899222324873144,2.433589054746075e-05
2025-01-16,0.01295510384291758,0.012005861918801363,1,Sideways,1,Bull,0.18490887129029734,0.8150659158043814,2.521290508185859e-05
2025-01-17,0.011207275224361423,0.012098364609641733,1,Sideways,0,Sideways,0.8116065252575181,0.18835920111788307,3.42736243688826e-05
2025-01-20,0.005138130032897696,0.011560402371395625,1,Sideways,1,Bull,0.18353233087155507,0.8164487804480924,1.8888680385876755e-05
2025-01-21,-0.0029657519232614967,0.011533419602295968,1,Sideways,0,Sideways,0.813595796477432,0.18637889127720994,2.531224454838659e-05
2025-01-22,0.01052487853719018,0.011371414809467253,1,Sideways,1,Bull,0.18166981113565364,0.8183113689965147,1.8819868682100957e-05
2025-01-23,0.0007319596834161313,0.011363261073608938,1,Sideways,0,Sideways,0.8149528034447178,0.18502420265356692,2.2993900336022267e-05
2025-01-24,-0.0007814396652463012,0.009592077954497574,1,Sideways,1,Bull,0.18097164745681965,0.8190171063791126,1.1246164324177265e-05
2025-01-27,-0.010645342569960048,0.009772434498179498,0,Bear,0,Sideways,0.8157774688341929,0.18419778684591148,2.4744320171859466e-05
2025-01-28,0.01231635243149326,0.009607227203924552,1,Sideways,1,Bull,0.17960079016545347,0.8203847101674683,1.4499665606161716e-05
2025-01-29,-0.004435918652583108,0.009552330796963994,1,Sideways,0,Sideways,0.8167038770548508,0.18327789460166946,1.822834473164824e-05
2025-01-30,0.0005059389315050168,0.009127418738987723,1,Sideways,1,Bull,0.1796008017068265,0.820389667856216,9.530438080404267e-06
2025-01-31,-0.0077364440273629985,0.0089391332663171,1,Sideways,0,Sideways,0.8168092900641754,0.18316791351748266,2.2796419237574252e-05
2025-02-03,-0.023258296514116844,0.010289392030084634,0,Bear,1,Bull,0.1792172116928614,0.8207306976899358,5.209061575855573e-05
2025-02-04,0.0033398281038066963,0.010078142780357848,1,Sideways,0,Sideways,0.8146641506247949,0.18531153506535528,2.431431114212515e-05
2025-02-05,-0.008941598692550585,0.010108898381900265,1,Sideways,1,Bull,0.18326927275871263,0.8167189639611729,1.176327976307015e-05
2025-02-06,0.012514327343390448,0.01020463120095991,1,Sideways,0,Sideways,0.8104928452827989,0.18947749696106664,2.9657756322340813e-05
2025-02-07,0.011064087051827737,0.010338905524270161,1,Sideways,1,Bull,0.18675984956594546,0.8132277349123532,1.2415523118476787e-05
2025-02-10,-0.010688203680568532,0.009768892383261518,0,Bear,0,Sideways,0.8073872519519962,0.19258238359035648,3.03644562489227e-05
2025-02-11,0.0037406089190828626,0.00977683491641345,1,Sideways,1,Bull,0.1900946671043553,0.8098958574741809,9.475423277218888e-06
2025-02-12,-0.01049726563530582,0.010089127067400486,0,Bear,0,Sideways,0.8044992973866707,0.1954695324366504,3.117017791331534e-05
2025-02-13,0.013719954174819285,0.010141316491739239,1,Sideways,1,Bull,0.19266629291454376,0.8073199592362056,1.3747848066328201e-05
2025-02-14,-0.003749016280076273,0.009837109337907442,1,Sideways,0,Sideways,0.8009605569084545,0.19901603925638173,2.340383633640581e-05
2025-02-17,-0.004169494017699211,0.009776057484720418,1,Sideways,1,Bull,0.19705054962919022,0.8029403526065787,9.09776543807489e-06
2025-02-18,0.008140399298935057,0.009970260393595614,1,Sideways,0,Sideways,0.7966518150763431,0.2033232054813408,2.4979441026784878e-05
2025-02-19,-0.01556894831631542,0.01016863170824774,0,Bear,1,Bull,0.20090318443246702,0.7990764500597409,2.0365509176404052e-05
2025-02-20,0.004475975825925048,0.010250280909570808,1,Sideways,0,Sideways,0.7920962720423793,0.2078741807973117,2.9547160683996972e-05
2025-02-21,-0.0211551510063022,0.011145019399793859,0,Bear,1,Bull,0.2059763858099945,0.7939810702929815,4.254389616480126e-05
2025-02-24,-0.0028576476389658998,0.010982204083582824,1,Sideways,0,Sideways,0.7835924832829237,0.21636633492830118,4.118178998591283e-05
2025-02-25,-0.012950594516670378,0.010678103965384959,0,Bear,1,Bull,0.21579353704130694,0.7841901516750186,1.6311281876101128e-05
2025-02-26,0.012783515149298286,0.01127012256029756,1,Sideways,0,Sideways,0.772254935519319,0.22769061587678288,5.4448603538597765e-05
2025-02-27,0.01738645045945787,0.012112758607263668,1,Sideways,1,Bull,0.22680644984266052,0.7731683212456778,2.5228910766172918e-05
2025-02-28,-0.008494867922890314,0.012133753285116086,0,Bear,0,Sideways,0.7592870330272596,0.2406130164333128,9.995053769468988e-05
2025-03-03,0.025796154765830318,0.012511073558337468,1,Sideways,1,Bull,0.24059320394592323,0.7593346828286334,7.211322699284339e-05
2025-03-04,-0.0013225922721312013,0.012502621975972836,1,Sideways,0,Sideways,0.731280331526054,0.26848961303098384,0.0002300554412705319
2025-03-05,0.028966270513271133,0.013807442175915313,1,Sideways,1,Bull,0.2710108083127428,0.728739855259559,0.0002493364268576704
2025-03-06,0.02617339418979141,0.014648500560092698,1,Sideways,0,Sideways,0.6570879807314343,0.341476298197529,0.0014357210699988028
2025-03-07,0.004578830739729828,0.014532843716448873,1,Sideways,1,Bull,0.34578801197196996,0.6539730724112455,0.00023891561585842868
2025-03-10,-0.008113059886929268,0.014418801368876818,0,Bear,0,Sideways,0.6194747687014673,0.38007908127964923,0.00044615001711212777
2025-03-11,0.0015435582552923545,0.014419981304760555,1,Sideways,1,Bull,0.3833871716623112,0.6164947911949604,0.00011803714317251033
2025-03-12,0.013512119291562378,0.01425896986216265,1,Sideways,0,Sideways,0.5836598950292163,0.41551714234595905,0.0008229626244900498
2025-03-13,0.013826041514745221,0.014262820771375162,1,Sideways,1,Bull,0.417378695536519,0.5815976655212743,0.001023638941129485
2025-03-14,0.010478450688767895,0.014213856271749571,1,Sideways,0,Sideways,0.535887925747263,0.44975031449285285,0.014361759761594286
2025-03-17,0.001981331536279761,0.014078855849394988,1,Sideways,1,Bull,0.43994060186805306,0.533329316833388,0.026730081297393522
2025-03-18,-0.0055298242596187805,0.01424710374240751,0,Bear,2,Bear,0.006994004209495764,0.4677016563143405,0.525304339477213
2025-03-19,-0.09123327517590252,0.025441868040585416,0,Bear,2,Bear,1.4109906234549843e-18,1.6602663554834396e-11,0.9999999999818101
2025-03-20,-0.005022449393272204,0.025452241395024968,2,Bull,2,Bear,2.8154145385710693e-09,6.315678539333646e-07,0.9999993656167327
2025-03-21,-0.08132621603206422,0.03103138161646155,0,Bear,2,Bear,1.1868686336951255e-22,6.124566968800547e-17,1.0
2025-03-24,0.027782007535643756,0.03178548208326808,2,Bull,2,Bear,2.1717498855129492e-12,7.472485566823446e-10,0.9999999992505764
2025-03-25,0.04378290532536158,0.03320580662801341,2,Bull,2,Bear,3.6017569190668536e-14,3.385132522361449e-11,0.9999999999672582
2025-03-26,-0.006826635632486548,0.033140741805294756,2,Bull,2,Bear,3.5194363352512735e-13,7.86548167856983e-11,0.9999999999199645
2025-03-27,-0.003810597239243205,0.032906934405156386,2,Bull,2,Bear,6.497826101511584e-13,1.3601483386199222e-10,0.9999999998617568
2025-03-28,0.004846389200801453,0.03287502171366201,2,Bull,2,Bear,1.1839666383643029e-12,2.2781863035089342e-10,0.9999999997708073
2025-03-31,0.0,0.032311049048502766,2,Bull,2,Bear,1.902867999227619e-12,3.786953821383291e-10,0.9999999996180122
2025-04-01,0.0,0.03231232291963422,2,Bull,2,Bear,1.899479475389073e-12,3.780726973762528e-10,0.9999999996216502
2025-04-02,-0.014200555352694034,0.03162426872463747,2,Bull,2,Bear,9.911909546526558e-13,2.8358897906022967e-10,0.9999999997162377
2025-04-03,-0.004103649479127418,0.0308504090971468,2,Bull,2,Bear,8.644259673939956e-12,1.847607443980406e-09,0.9999999981446308
2025-04-04,-0.01107931486362041,0.030796054816440037,2,Bull,2,Bear,4.356073036009236e-12,1.1118210478998495e-09,0.9999999988831405
2025-04-07,0.002916969748471654,0.030848807545842846,2,Bull,2,Bear,1.3796916864979578e-11,2.7254884527481597e-09,0.999999997260602
2025-04-08,0.007402985836947791,0.03094313281409733,2,Bull,2,Bear,1.4122664615647967e-11,2.8151383868319623e-09,0.9999999971696525
2025-04-09,-0.02150181461799546,0.030841084670649818,2,Bull,2,Bear,7.725554000582982e-13,3.1232212281246795e-10,0.9999999996871338
2025-04-10,0.006779721843129163,0.030635255336049803,2,Bull,2,Bear,2.0247392818658062e-11,4.013253591259818e-09,0.9999999959654815
2025-04-11,0.00453008500606788,0.030485830139751088,2,Bull,2,Bear,2.2698667410510027e-11,4.482899980335556e-09,0.9999999954961822
2025-04-14,0.004530796591148396,0.030531671829269576,2,Bull,2,Bear,2.1461893948970185e-11,4.244448627562813e-09,0.9999999957326509
2025-04-15,-0.003167280099546739,0.03054264768222347,2,Bull,2,Bear,2.3594541178773477e-09,3.0125948358985754e-09,0.9999999946267053
2025-04-16,-0.013687307154428627,0.023362918039376086,0,Bear,2,Bear,1.776504776786919e-05,0.00010911791662539326,0.9998731170339173
2025-04-17,0.01392149879130269,0.02366329208808928,2,Bull,2,Bear,0.01830460088696531,0.0014389896324148064,0.980256409479767
2025-04-18,-0.008421936289081146,0.014770738895731474,0,Bear,1,Bull,0.10015920837907867,0.5992888654940682,0.300551926126675
2025-04-21,0.00047207306283183397,0.013411515008584916,1,Sideways,0,Sideways,0.8594252224198595,0.1172628753895502,0.023311902190428425
2025-04-22,-0.001019663513465979,0.008620421896384263,1,Sideways,1,Bull,0.10899154339932127,0.8895722020454374,0.001436254556080807
2025-04-23,0.0,0.008559224266617883,1,Sideways,0,Sideways,0.8913781603440127,0.1085685257718219,5.331388522878167e-05
2025-04-24,0.019018896002776144,0.009717965897317722,1,Sideways,1,Bull,0.09672726322209099,0.9032306393115607,4.209746710353461e-05
2025-04-25,-0.006161682461400752,0.009702711790973527,1,Sideways,0,Sideways,0.9028477293344634,0.09713482454727765,1.7446119253218315e-05
2025-04-28,-0.013404999083297068,0.010072252364675675,0,Bear,1,Bull,0.08944758697094427,0.9105239566693843,2.845636112194901e-05
2025-04-29,-0.00887125872271847,0.01018083931901255,1,Sideways,0,Sideways,0.909962190280718,0.09001568182229691,2.212789724744476e-05
2025-04-30,-0.015997457429647376,0.010298614191805588,0,Bear,1,Bull,0.08289957919325447,0.9170668103990829,3.361040745932789e-05
2025-05-01,0.0,0.01030359907377413,1,Sideways,0,Sideways,0.9162807602425851,0.08370322804520934,1.6011711171939334e-05
2025-05-02,0.009777422495140816,0.010411133309192385,1,Sideways,1,Bull,0.07795914556333249,0.9220261089773732,1.474545760297041e-05
2025-05-05,-0.006061215187676514,0.010420366520378053,1,Sideways,0,Sideways,0.921053086212981,0.07892832084529014,1.8592943391278505e-05
2025-05-06,0.0024660795607091127,0.010253178924708443,1,Sideways,1,Bull,0.0737126287898042,0.9262751339482023,1.223726196067346e-05
2025-05-07,-0.006601038737668423,0.009240647744788931,1,Sideways,0,Sideways,0.9254399150920478,0.07454325016099918,1.6834745263292236e-05
2025-05-08,0.022296109262660783,0.01050186057550409,1,Sideways,1,Bull,0.06916061301084703,0.9308089048297327,3.048216094064808e-05
2025-05-09,0.011923141078441222,0.010807201822284462,1,Sideways,0,Sideways,0.9286900009324949,0.07123781037802587,7.218868934057756e-05
2025-05-12,0.037271218512533615,0.013632047283364118,1,Sideways,1,Bull,0.06747223577374245,0.9322562720951104,0.0002714921316204432
2025-05-13,-0.004823266478857889,0.013668068927508627,1,Sideways,0,Sideways,0.9235862952546646,0.07628506153619773,0.00012864320900134906
2025-05-14,0.00014425687775724525,0.013195342567284125,1,Sideways,1,Bull,0.0764314008598757,0.9235432663066375,2.5332834095856976e-05
2025-05-15,-0.016661043326151904,0.013544666709010153,0,Bear,0,Sideways,0.9149173697042492,0.08487558827233159,0.00020704202346909808
2025-05-16,0.013233120901667466,0.013636657774745613,1,Sideways,1,Bull,0.08433430968627835,0.9156195553925095,4.613492287034357e-05
2025-05-19,0.0,0.013639576659308534,1,Sideways,0,Sideways,0.907876332701011,0.09201910737273586,0.00010455992780928734
2025-05-20,-0.016098462213633858,0.01420999650229735,0,Bear,1,Bull,0.09170942797984323,0.9082154892149388,7.508280459597086e-05
2025-05-21,-0.01217165675931277,0.014515700690344437,0,Bear,0,Sideways,0.8981189347054124,0.10164448488179471,0.00023658041193159676
2025-05-22,0.00808521949637556,0.013975966803650236,1,Sideways,1,Bull,0.1015494618122073,0.8983979354759931,5.260271324899362e-05
2025-05-23,-0.012660097784770574,0.014198498379317873,0,Bear,0,Sideways,0.8891649937968298,0.11063448020598804,0.0002005259985073432
2025-05-26,-0.0011549914764057913,0.013868698581088216,1,Sideways,1,Bull,0.11019266687192668,0.8897580801966617,4.9252930579214444e-05
2025-05-27,-0.014182222551843503,0.014100534719203592,0,Bear,0,Sideways,0.8820362716792204,0.11776823148329554,0.00019549683637424983
2025-05-28,-0.003903981846125064,0.013632692028912952,1,Sideways,1,Bull,0.11668182452879784,0.883271414751289,4.676071949912748e-05
2025-05-29,-0.0007739816941759678,0.013635415623953696,1,Sideways,0,Sideways,0.8771456491031283,0.12276057152351337,9.377937462471001e-05
2025-05-30,-0.01660270926677047,0.01396325839845898,0,Bear,1,Bull,0.12150310688273241,0.8784096334431643,8.725967276118239e-05
2025-06-02,-0.0011869292289993516,0.013909282795578723,1,Sideways,0,Sideways,0.8702267737839567,0.12953340736659863,0.00023981884951162816
2025-06-03,0.029325245949455032,0.015431231726093824,1,Sideways,1,Bull,0.12878954970096557,0.870878325170442,0.00033212512818463295
2025-06-04,0.021118539218909337,0.015969521700934373,1,Sideways,0,Sideways,0.8501734125602974,0.14905582091529979,0.0007707665251108817
2025-06-05,0.0012233879024839797,0.015249936695522546,1,Sideways,1,Bull,0.1498127963439884,0.8499987680670678,0.00018843558996663355
2025-06-06,0.0,0.015036337227315486,1,Sideways,0,Sideways,0.8374664025399804,0.16234386917544866,0.00018972828536011033
2025-06-09,0.0,0.012301229350913117,1,Sideways,1,Bull,0.1627173520584785,0.8372583422549628,2.430568775383061e-05
2025-06-10,0.01804102193171074,0.013004247879410038,1,Sideways,0,Sideways,0.8247872830082748,0.1750937878046118,0.00011892918682456154
2025-06-11,0.002770579892438865,0.013021275941129038,1,Sideways,1,Bull,0.1742212673317226,0.8257464821366909,3.225053100774272e-05
2025-06-12,-0.017275940815333107,0.013063145138451738,0,Bear,0,Sideways,0.8171208974236115,0.18262268324180125,0.00025641933471868113
2025-06-13,-0.022122697898803678,0.01354570966682546,0,Bear,1,Bull,0.18068845919134435,0.819111591334946,0.0001999494751157839
2025-06-16,0.004083171046089956,0.013606147547254534,1,Sideways,0,Sideways,0.8088972598402229,0.19100005088202934,0.00010268927736488829
2025-06-17,-0.001112966285729939,0.013175832969679275,1,Sideways,1,Bull,0.1905059642909142,0.8094627431527006,3.1292557801870914e-05
2025-06-18,-0.015483921308444072,0.013344375764696693,0,Bear,0,Sideways,0.799328905623819,0.2004229437894837,0.000248150585300518
2025-06-19,-0.01028521666507868,0.013311736512670458,0,Bear,1,Bull,0.19906245989345167,0.8007570993747265,0.0001804407331013625
2025-06-20,0.011078805662890838,0.013370275468763978,1,Sideways,0,Sideways,0.7910301832953944,0.20756959010565526,0.001400226597923278
2025-06-23,-0.006770473552180976,0.01343642952421881,0,Bear,1,Bull,0.20343696152428736,0.7926629884559855,0.0039000500203185398
2025-06-24,0.033095858556941825,0.015073419466665025,1,Sideways,0,Sideways,0.7281043664335407,0.2108266486409314,0.061068984925618526
2025-06-25,-0.0032225507279545953,0.015061896219252083,1,Sideways,1,Bull,0.18572187207159485,0.7358344598593975,0.07844366806980876
2025-06-26,-0.01254327624935389,0.015373668725334827,0,Bear,0,Sideways,0.6573191473755948,0.18688075194543283,0.155800100680314
2025-06-27,0.011098299951166138,0.014974817098694613,1,Sideways,1,Bull,0.02042962665280521,0.6650042123993715,0.314566160949018
2025-06-30,0.056190909322704756,0.01921079684116183,2,Bull,2,Bear,0.0005621154120204614,0.01885257285744813,0.9805853117320226
2025-07-01,0.013171169591118968,0.018457296593987503,2,Bull,2,Bear,0.016510475652895398,0.0015486962194232847,0.9819408281261665
2025-07-02,0.010715780637212947,0.018097089529160785,2,Bull,2,Bear,0.0024874102763190425,0.01779959476436866,0.9797129949577612
2025-07-03,0.0038594210223877328,0.0180882166732821,1,Sideways,2,Bear,0.016059785221612777,0.0034301893524767506,0.9805100254272343
2025-07-04,0.0046234187033226005,0.018067106609714452,1,Sideways,2,Bear,0.0032943362016986024,0.017018700643693818,0.9796869631531125
2025-07-07,-0.0164940601714926,0.018626868165905933,0,Bear,2,Bear,0.01357241072639442,0.0038928169864667506,0.9825347722858443
2025-07-08,-0.01089239314320303,0.01853452080395657,0,Bear,2,Bear,0.006124068184960607,0.016991283616653197,0.9768846481977452
2025-07-09,0.01677156422292444,0.018838046277753033,2,Bull,2,Bear,0.02852617455786437,0.010609035165813435,0.9608647902776908
2025-07-10,0.016001423812460717,0.018472513109298462,2,Bull,2,Bear,0.021527068016906417,0.04483748388410139,0.9336354480988845
2025-07-11,0.002629349247693862,0.017423410214497302,1,Sideways,2,Bear,0.07857357849385291,0.03348362144105911,0.8879428000647006
2025-07-14,-0.012922906883973715,0.01789580547835343,0,Bear,2,Bear,0.04421958330057649,0.09307950212806254,0.8627009145730726
2025-07-15,0.0,0.017879236159275343,1,Sideways,2,Bear,0.1324005413875969,0.06103795193428521,0.8065615066780975
2025-07-16,-0.010222684738198807,0.017605866400579782,0,Bear,2,Bear,0.08279026350422612,0.15554472324832394,0.7616650132482766
2025-07-17,0.024322700336390383,0.017745952286794885,2,Bull,2,Bear,0.19868432805807998,0.10402366027991021,0.6972920116631746
2025-07-18,-0.0004340112283762798,0.01777714376581904,1,Sideways,2,Bear,0.14470614344926905,0.26961767047152374,0.5856761860805331
2025-07-21,0.0238305627271377,0.017940928814477168,2,Bull,2,Bear,0.3643561079959485,0.16832712412059234,0.4673167678848058
2025-07-22,-9.474854357512374e-06,0.01695305056938472,1,Sideways,1,Bull,0.21239656180604388,0.5234960956167717,0.26410734257738566
2025-07-23,-0.002272692878548301,0.016927685878010967,1,Sideways,0,Sideways,0.6583845230566459,0.22963610089477451,0.11197937604881955
2025-07-24,0.009125543498044685,0.01637136028580652,1,Sideways,1,Bull,0.23331588801244238,0.7179192947192835,0.04876481726716188
2025-07-25,-0.004359739007648128,0.01652956467583169,0,Bear,0,Sideways,0.7476302917468679,0.23751738219952723,0.014852326054492026
2025-07-28,-0.009488009161910272,0.011965379057531582,0,Bear,1,Bull,0.22864481816574572,0.7692607137673259,0.002094468065400712
2025-07-29,-0.005211772125186134,0.011840074957898902,1,Sideways,0,Sideways,0.7705765397282125,0.22926342927214702,0.000160030999185911
2025-07-30,0.012479840620425137,0.011914922654371567,1,Sideways,1,Bull,0.21773704534001054,0.7822025005143483,6.045414556264579e-05
2025-07-31,0.011628226707740668,0.012101613347539161,1,Sideways,0,Sideways,0.7813554558306252,0.21861348294016597,3.106122981983608e-05
2025-08-01,0.00035363325818974466,0.012099012795436608,1,Sideways,1,Bull,0.2072622973564374,0.7926971265922599,4.057605232857591e-05
2025-08-04,0.009860924493208561,0.011363903642728554,1,Sideways,0,Sideways,0.7924559398952262,0.2075223982036898,2.166190135821013e-05
2025-08-05,-0.0003225303396808636,0.010892427520345058,1,Sideways,1,Bull,0.19449162182050223,0.8054756225287196,3.2755649303094344e-05
2025-08-06,0.0046894730041494755,0.010479163855802736,1,Sideways,0,Sideways,0.8057182203680403,0.19426698492653421,1.479470531431707e-05
2025-08-07,0.005041752425021032,0.010068651851088578,1,Sideways,1,Bull,0.1806283777297934,0.819343709024324,2.791324425230868e-05
2025-08-08,0.0015048855498656065,0.010073592054544772,1,Sideways,0,Sideways,0.8196622401269709,0.18032451722573553,1.3242647069463438e-05
2025-08-11,0.005969836942636815,0.00937535453539818,1,Sideways,1,Bull,0.16709521206545933,0.8328800091826033,2.4778753393303824e-05
2025-08-12,-0.007620735651595988,0.009688594284939787,1,Sideways,0,Sideways,0.833143636243642,0.16684059271441617,1.5771043510885113e-05
2025-08-13,-0.0004107874975248518,0.00919607975882279,1,Sideways,1,Bull,0.153851417166315,0.846124790859307,2.37919729702592e-05
2025-08-14,-0.011518231602137982,0.008477912509774196,0,Bear,0,Sideways,0.846590080736364,0.15339339420354065,1.6525058359895653e-05
2025-08-15,0.004240598373962895,0.008467592205763161,1,Sideways,1,Bull,0.1390357049776975,0.860940949110267,2.3345912784378502e-05
2025-08-18,0.0054311531304436144,0.006861007381232582,1,Sideways,0,Sideways,0.8616661854569346,0.13832344972144592,1.0364822617083786e-05
2025-08-19,0.002941687132634618,0.006859574933990481,1,Sideways,1,Bull,0.12360022330945629,0.8763776881577866,2.2088534373133e-05
2025-08-20,0.015631712093307007,0.007468430067946192,1,Sideways,0,Sideways,0.8772977747199475,0.12268288293447646,1.934234434128922e-05
2025-08-21,0.01596571402166313,0.007930228620182828,1,Sideways,1,Bull,0.10226498646473713,0.8976902244512176,4.478908261903348e-05
2025-08-22,0.00515372929534334,0.007759091543020791,1,Sideways,0,Sideways,0.8987635198610783,0.10122535000989917,1.1130129345954044e-05
2025-08-25,0.009234161029100504,0.00724539950483076,1,Sideways,1,Bull,0.08594180168852747,0.9140334952474859,2.4703064247007136e-05
2025-08-26,0.004520253257574617,0.006894660953332963,1,Sideways,0,Sideways,0.9150151347291038,0.08497419641528337,1.0668856097634805e-05
2025-08-27,-0.014924589887666229,0.007921867690394433,0,Bear,1,Bull,0.07093304037401185,0.9290301712354302,3.6788390593112806e-05
2025-08-28,0.0008623628665363173,0.007693562398630588,1,Sideways,0,Sideways,0.9298815548301531,0.07010794578181573,1.0499389610864168e-05
2025-08-29,-0.007123705244302811,0.007995983240397155,1,Sideways,1,Bull,0.05809009526171069,0.9418871765899871,2.2728148272404015e-05
2025-09-01,-0.0007177928016054045,0.007828530511892726,1,Sideways,0,Sideways,0.9427907706487896,0.05717121095935225,3.8018392200059384e-05
2025-09-02,-0.03633481045721477,0.011604277031894874,0,Bear,1,Bull,0.04452947474298653,0.9546298657609215,0.0008406594958196408
2025-09-03,-0.012935503976712934,0.011904887644142124,0,Bear,0,Sideways,0.9541163159421497,0.04575043958711092,0.00013324447058595825
2025-09-04,0.008457590577056966,0.012016398319204355,1,Sideways,1,Bull,0.04208530122221341,0.9578796112257114,3.508755238845202e-05
2025-09-05,-0.009221564978630997,0.012156830580689287,0,Bear,0,Sideways,0.9568244223350836,0.042995973904833666,0.00017960375977327985
2025-09-08,-0.02645235935738227,0.013272227152818786,0,Bear,1,Bull,0.038846420810494595,0.9605714508271451,0.0005821283606499701
2025-09-09,0.0035059355010343546,0.01329010662253776,1,Sideways,0,Sideways,0.9574894302464378,0.040899283936742324,0.0016112858151898692
2025-09-10,0.009510160522706623,0.013542552679195621,1,Sideways,1,Bull,0.03708176528361592,0.9592955579714245,0.0036226767449663217
2025-09-11,-0.01940043413168306,0.013952162067160202,0,Bear,0,Sideways,0.875090640079424,0.0390622380291665,0.08584712189023443
2025-09-12,-0.0010503920926688709,0.013875906092420311,1,Sideways,1,Bull,0.0014911959006147244,0.8774892989999021,0.1210195050982761
2025-09-15,0.05881265972213357,0.01946093983727162,2,Bull,2,Bear,2.920329372477365e-05,0.000845498587352479,0.9991252981176078
2025-09-16,0.01647224064749987,0.019789226394019255,2,Bull,2,Bear,0.0001283374215977473,0.00011832229383308586,0.9997533402831353
2025-09-17,-0.00153024197279383,0.019491138605747547,2,Bull,2,Bear,5.665933152444212e-05,0.00022393069960581502,0.9997194099694698
2025-09-18,-0.010606093951968765,0.019259879936960052,0,Bear,2,Bear,3.6754887440093065e-05,0.00012396088142235294,0.9998392842294123
2025-09-19,0.022057449443903976,0.01991267425217698,2,Bull,2,Bear,2.300492631885428e-05,9.442052177443061e-05,0.9998825745506396
2025-09-22,0.015253352272324595,0.020109558860089177,2,Bull,2,Bear,1.5964731953569822e-05,9.054501130275702e-05,0.9998934902551372
2025-09-23,-0.011956318395975411,0.020249817042657922,0,Bear,2,Bear,1.67188027007694e-05,4.8363219235003176e-05,0.9999349179785758
2025-09-24,0.0030927421934930366,0.019990585805553525,2,Bull,2,Bear,4.2758420200938755e-05,9.221453792498556e-05,0.9998650270428582
2025-09-25,0.0009408181792689006,0.019990764450106495,2,Bull,2,Bear,8.703341433864667e-06,0.00011328111938344892,0.9998780155375668
2025-09-26,-0.020099342865833498,0.02044093495847195,0,Bear,2,Bear,2.8058830531474e-06,2.1421006214780393e-05,0.9999757731117643
2025-09-29,-0.00928870082718182,0.020532949373531985,0,Bear,2,Bear,3.970329392867187e-05,4.300785065498304e-05,0.99991728885394
2025-09-30,-0.0032637993519618515,0.018799335559499673,0,Bear,2,Bear,0.00014623241030993766,0.000238242555707922,0.9996155250321775
2025-10-01,0.018721109885518228,0.018930619914209138,2,Bull,2,Bear,0.00027248212652882176,0.0002909253218199848,0.9994365925498981
2025-10-02,-0.012339467070346557,0.01913871501918277,0,Bear,2,Bear,0.00012445837326561298,0.0005855624353404319,0.9992899791899696
2025-10-03,-0.020428092165329707,0.019616668549555315,0,Bear,2,Bear,0.0019924661906091656,0.0003301587768446321,0.9976773750327855
2025-10-06,-0.01144803106719823,0.01879753848518186,0,Bear,2,Bear,0.003340005925578072,0.01879205049215699,0.977867943580935
2025-10-07,0.0073506497153184094,0.018840381246452664,2,Bull,2,Bear,0.09520443816115955,0.00941366272561412,0.8953818991128983
2025-10-08,-0.005359190798146427,0.01880265972048389,0,Bear,2,Bear,0.021070236550219123,0.1648812319853074,0.8140485314655522
2025-10-09,-0.0027276836538504545,0.018220669871703055,0,Bear,2,Bear,0.3812568199549201,0.036267234208387525,0.5824759458349256
2025-10-10,-0.0006154227983902919,0.018217561225680384,1,Sideways,2,Bear,0.05974508385336299,0.544940579047647,0.39531433709967645
2025-10-13,-0.01543512128247782,0.012679642052341207,0,Bear,0,Sideways,0.8376025063983629,0.07770691639878492,0.0846905772038938
2025-10-14,-0.02297848368369488,0.012713395524372494,0,Bear,1,Bull,0.07229031433402304,0.8921293289985707,0.035580356667694824
2025-10-15,0.014253676597166339,0.0133508525656004,1,Sideways,0,Sideways,0.9208673159562556,0.07469089230612355,0.004441791736161917
2025-10-16,-0.00899443040261125,0.013308874200170477,0,Bear,1,Bull,0.06640369641283252,0.9325284406171591,0.0010678629686862546
2025-10-17,-0.01574407173943332,0.012174487692227011,0,Bear,0,Sideways,0.9334100898375275,0.06633128103868474,0.0002586291238373105
2025-10-20,0.026638401061795852,0.013380400954270013,1,Sideways,1,Bull,0.05586950820258872,0.943921836901579,0.00020865489508849598
2025-10-21,-0.0016418983462400981,0.013275602638938061,1,Sideways,0,Sideways,0.9433506630047321,0.05659437925289474,5.495774174929614e-05
2025-10-22,0.008002479547432308,0.0134571972903931,1,Sideways,1,Bull,0.05188044080564695,0.9480841102359924,3.544895756280485e-05
2025-10-23,0.005387638606475788,0.013574529812748606,1,Sideways,0,Sideways,0.9473106415794307,0.05260209924767311,8.725917405333656e-05
2025-10-24,0.030953604255031433,0.015012857223498476,1,Sideways,1,Bull,0.04779339684299871,0.9519686067563614,0.00023799639910874592
2025-10-27,-0.008111868485813696,0.01498071718521325,0,Bear,0,Sideways,0.9491112591329103,0.05070307924957672,0.00018566161913216548
2025-10-28,0.0016294250883556465,0.014979848694956055,1,Sideways,1,Bull,0.04912745389619678,0.9508086034688107,6.394263590122814e-05
2025-10-29,0.0,0.014274364290580002,1,Sideways,0,Sideways,0.9482516812671935,0.05167735778839772,7.096094559817855e-05
2025-10-30,-0.0031139865593602977,0.014055773914705017,1,Sideways,1,Bull,0.049952646904167786,0.9500179980537719,2.935504354918473e-05
2025-10-31,0.012307132020259497,0.0135871048358654,1,Sideways,0,Sideways,0.9475518205202298,0.05238906501414812,5.9114465298602176e-05
2025-11-03,0.008070195629132791,0.013381831078174191,1,Sideways,1,Bull,0.050080748314648926,0.9498949523422847,2.4299343064089925e-05
2025-11-04,-0.013315701648191862,0.013699881219205571,0,Bear,0,Sideways,0.947794452187679,0.052104274317766146,0.00010127349495665507
2025-11-05,0.005145276835957933,0.013666352992665042,1,Sideways,1,Bull,0.049370150101751775,0.950596280727447,3.356917093859041e-05
2025-11-06,0.009336015328876273,0.013759747974531559,1,Sideways,0,Sideways,0.949021274477443,0.050911116327140765,6.760919468012049e-05
2025-11-07,-0.013528814295619815,0.014165607808693118,0,Bear,1,Bull,0.04776223949614058,0.9521623029998798,7.545750481356136e-05
2025-11-10,-0.012480876774739465,0.014000274127210603,0,Bear,0,Sideways,0.9505042780815978,0.04933942379641109,0.00015629812100667254
2025-11-11,-0.019892537724135153,0.013735548261286697,0,Bear,1,Bull,0.04614082617912547,0.9537327031677645,0.00012647065392648572
2025-11-12,0.006070544667132588,0.013446486897465986,1,Sideways,0,Sideways,0.9518010148741077,0.04814636165479168,5.262347080511381e-05
2025-11-13,-0.001156659312291763,0.01325780148927084,1,Sideways,1,Bull,0.04592861779385008,0.9540512961594333,2.008604538013802e-05
2025-11-14,-0.005935520333894811,0.01276936448846382,1,Sideways,0,Sideways,0.9522888005732845,0.04767212245288011,3.907697500561126e-05
2025-11-17,0.012453195227459348,0.011657926568757068,1,Sideways,1,Bull,0.045242854520109975,0.9547441656623209,1.2979819312478309e-05
2025-11-18,0.0028469173239113895,0.0116474122904201,1,Sideways,0,Sideways,0.9527275840198958,0.04724832291295359,2.409306626774579e-05
2025-11-19,0.016207522812689352,0.012036394572100727,1,Sideways,1,Bull,0.04516378723804203,0.9548227564366831,1.3456326232748904e-05
2025-11-20,0.006927571862185033,0.01206649369563558,1,Sideways,0,Sideways,0.9521081049370804,0.047863693017349496,2.8202044782937248e-05
2025-11-21,-0.0051865925047870085,0.009984825784142263,1,Sideways,1,Bull,0.04623821584880677,0.9537551532591683,6.630892852655758e-06
2025-11-24,-0.0032002732383068855,0.009836346188024675,1,Sideways,0,Sideways,0.9513555916551804,0.04862739002310647,1.701832301299157e-05
2025-11-25,-0.0028327929848883885,0.00985183603212364,1,Sideways,1,Bull,0.04689335272071401,0.9531011362601213,5.511018093114357e-06
2025-11-26,0.0052820500421221755,0.00992417467798581,1,Sideways,0,Sideways,0.9508357752772751,0.049147846611856304,1.637811153328161e-05
2025-11-27,0.0028178904852488727,0.009908543685808291,1,Sideways,1,Bull,0.04715760315123243,0.9528368023872166,5.594461124390601e-06
2025-11-28,-0.004284878903641638,0.009555981521978323,1,Sideways,0,Sideways,0.9507857366608025,0.04919714127232269,1.7122067649898314e-05
2025-12-01,0.019786957089380375,0.0104184824594452,1,Sideways,1,Bull,0.04710865577883382,0.9528800350273752,1.1309193212291648e-05
2025-12-02,0.0006294964236650087,0.009917184449408704,1,Sideways,0,Sideways,0.9495052728236978,0.05047645973539531,1.8267442535263432e-05
2025-12-03,-0.007824861437145723,0.010051584970745311,1,Sideways,1,Bull,0.049324518212300834,0.9506695889044764,5.892883979960829e-06
2025-12-04,-0.010776527819620284,0.010106111017630218,0,Bear,0,Sideways,0.9472767598431495,0.05269517662235936,2.8063532742391223e-05
2025-12-05,0.008109211134742866,0.009814915668146526,1,Sideways,1,Bull,0.05130669268369886,0.9486874333268317,5.873990681436697e-06
2025-12-08,0.016408029194044358,0.009947763502179912,1,Sideways,0,Sideways,0.9453949696130416,0.05457430302562784,3.072736297385755e-05
2025-12-09,0.004360681763539741,0.00853997903604189,1,Sideways,1,Bull,0.05243277977407503,0.9475614056723193,5.814554580024839e-06
2025-12-10,-0.003967498368265116,0.008646501885644706,1,Sideways,0,Sideways,0.945412922172059,0.05457296955290541,1.4108274499740217e-05
2025-12-11,0.003549184525011738,0.008604735095416201,1,Sideways,1,Bull,0.05240147748298308,0.9475935828781411,4.939639345038579e-06
2025-12-12,0.006884002290994402,0.00839720674431849,1,Sideways,0,Sideways,0.9454984102411935,0.05448744856113676,1.414119613166695e-05
2025-12-15,0.012737571193417061,0.008413551120545823,1,Sideways,1,Bull,0.05203101640737452,0.9479623184584488,6.6651347847016236e-06
2025-12-16,-0.009427785722054603,0.008891933602735477,1,Sideways,0,Sideways,0.9455981817600386,0.05438284751790462,1.8970721441579806e-05
2025-12-17,-0.005478110244035083,0.008485116196727316,1,Sideways,1,Bull,0.05226948164573885,0.9477248441385264,5.674214912399877e-06
2025-12-18,0.004270187679380338,0.00841992756338709,1,Sideways,0,Sideways,0.9456357403775214,0.054351166379146984,1.3093244792833983e-05
2025-12-19,0.0005997955156223277,0.008272847910670946,1,Sideways,1,Bull,0.05202128962291007,0.9479737709638789,4.939414557958785e-06
2025-12-22,-0.0027193572798952224,0.008257983537676634,1,Sideways,0,Sideways,0.9461082541498019,0.05387898585776277,1.2759994011728682e-05
2025-12-23,-0.0018316682111515377,0.008230735457967799,1,Sideways,1,Bull,0.051440620662070426,0.9485542054274884,5.1739115887971374e-06
2025-12-24,0.0043922404408938895,0.008214200081943537,1,Sideways,0,Sideways,0.9468196089979712,0.05316785423881201,1.2536764556879697e-05
2025-12-26,-0.004038019911736467,0.008316808506561565,1,Sideways,1,Bull,0.05045874220320303,0.9495353095108933,5.948284815447467e-06
2025-12-29,-0.012786815076554122,0.00883302119444701,0,Bear,0,Sideways,0.9480186103249446,0.051959731943241314,2.1657732813837592e-05
2025-12-30,0.006195495486605118,0.007783720879707567,1,Sideways,1,Bull,0.04869334203533584,0.9512999994120382,6.658551779027833e-06
2025-12-31,0.003674086104450794,0.007816824272569446,1,Sideways,0,Sideways,0.9500501668889184,0.04993754021851871,1.229289225031579e-05
2026-01-02,0.020818100467706453,0.008756289956819182,1,Sideways,1,Bull,0.04666707329688634,0.9533195264263923,1.3400278158404828e-05
2026-01-05,0.017551838139042045,0.00886304884109181,1,Sideways,0,Sideways,0.950978344483333,0.04898733426662012,3.432124939409076e-05
2026-01-06,0.027128235302600667,0.010292589773802261,1,Sideways,1,Bull,0.046032833973419056,0.9539381964134985,2.896961203613019e-05
2026-01-07,0.0004157554820040345,0.009926616376364761,1,Sideways,0,Sideways,0.9502487532219613,0.04973199371325397,1.9253063614919264e-05
2026-01-08,0.0049094668197895075,0.009929540068866325,1,Sideways,1,Bull,0.04876800412651376,0.9512276826927359,4.3131792178514646e-06
2026-01-09,0.009304690622758698,0.009837160716180397,1,Sideways,0,Sideways,0.9474839682016858,0.05249527924039161,2.0752559118686656e-05
2026-01-12,0.004399765446634445,0.009835548518210219,1,Sideways,1,Bull,0.05122782149904137,0.9487673514513077,4.827048747234693e-06
2026-01-13,0.010616794889838261,0.009921208909039844,1,Sideways,0,Sideways,0.9455056276534524,0.054473014944733986,2.1357402783597378e-05
2026-01-14,-0.0012683420536526743,0.009805505584854438,1,Sideways,1,Bull,0.05279363755979075,0.9472007639024314,5.598536154573178e-06
2026-01-15,0.006992512572268558,0.009311437993309619,1,Sideways,0,Sideways,0.9446192458645162,0.05536414664107049,1.6607495595087828e-05
2026-01-16,0.016859950978729683,0.009371237959068366,1,Sideways,1,Bull,0.05334463196223774,0.9466471716295886,8.196406681107599e-06
2026-01-19,0.006247985371865072,0.009364964414065275,1,Sideways,0,Sideways,0.9432349346577588,0.05674783903283001,1.722630844674618e-05
2026-01-20,0.004531595244681894,0.009289403562713761,1,Sideways,1,Bull,0.05531125888134595,0.9446841702830218,4.570836026494793e-06
2026-01-21,-0.006078158398859989,0.00948496404408407,1,Sideways,0,Sideways,0.941499153802609,0.05848189671353824,1.8949482379465078e-05
2026-01-22,0.009640516401442858,0.009338425982163834,1,Sideways,1,Bull,0.05696369294450887,0.9430309355408766,5.371512910984072e-06
2026-01-23,0.01092714026456356,0.009375952409906562,1,Sideways,0,Sideways,0.9395355139351438,0.06044362332394049,2.086274065082996e-05
2026-01-26,0.014107961113752327,0.009146939912965193,1,Sideways,1,Bull,0.0587003573584747,0.9412927799547465,6.862686824096905e-06
2026-01-27,-0.005349198787052631,0.008389622414417102,1,Sideways,0,Sideways,0.9375581976490989,0.06242283947908504,1.896287000347102e-05
2026-01-28,0.022660383832722397,0.008981759307641706,1,Sideways,1,Bull,0.06114505993769557,0.9388400910130493,1.484904893069716e-05
2026-01-29,0.031112829038994153,0.010159189411729226,1,Sideways,0,Sideways,0.9315549800454654,0.06821785126628517,0.00022716868960577293
2026-01-30,0.0005204446520341582,0.01006408056495289,1,Sideways,1,Bull,0.06534540631030253,0.9346310842096723,2.3509480480203528e-05
2026-02-02,-0.015827376695954732,0.0113077739818107,0,Bear,0,Sideways,0.9327863659137132,0.06715937005914471,5.4264026776385316e-05
2026-02-03,0.018497547478898962,0.010669687787084806,1,Sideways,1,Bull,0.06321110085549615,0.9367672519652153,2.164717975067846e-05
2026-02-04,0.0011452932391939744,0.010646635593546162,1,Sideways,0,Sideways,0.9345890169577017,0.06538428054045643,2.670250089925525e-05
2026-02-05,-0.021987588124256868,0.01249006485479849,0,Bear,1,Bull,0.06278835663580476,0.9371567800929338,5.4863271300881086e-05
2026-02-06,-0.004949983390554706,0.012687863428096375,1,Sideways,0,Sideways,0.933527441858039,0.06641650408615343,5.605405459955048e-05
2026-02-09,0.02312937612923678,0.013306479115695519,1,Sideways,1,Bull,0.06494074627041196,0.935021971184078,3.728254536247562e-05
2026-02-10,-0.002996187571826586,0.013409773791582326,1,Sideways,0,Sideways,0.9284227840567093,0.0715022414113283,7.497453172868847e-05
2026-02-11,-0.0006670482090701345,0.013394711935565492,1,Sideways,1,Bull,0.07114947135782244,0.9288230353456041,2.749329665769878e-05
2026-02-12,0.02808365239639178,0.014322645887026511,1,Sideways,0,Sideways,0.9220386219387308,0.07753815463501176,0.0004232234251052466
2026-02-13,1.4117548702178912e-05,0.014174692154576637,1,Sideways,1,Bull,0.07491591151890387,0.9249501936836012,0.00013389479593774623
2026-02-16,0.011122106892422465,0.014227530650632113,1,Sideways,0,Sideways,0.9225142969719623,0.07720953712751433,0.0002761659010483305
2026-02-17,-0.00784136546944413,0.014554578607504592,0,Bear,1,Bull,0.07355857601975614,0.9258905648129715,0.0005508591688008783
2026-02-18,0.0022887893471911706,0.01432994553416558,1,Sideways,0,Sideways,0.9205632012695069,0.07547156537075099,0.003965233361495233
2026-02-19,-0.032478521898474964,0.01662815964663092,0,Bear,1,Bull,0.0647363636876883,0.9238107042202369,0.01145293209326819
2026-02-20,0.009366137404925852,0.016595467948492097,1,Sideways,0,Sideways,0.9171557780486007,0.07138188904485779,0.011462332905571079
2026-02-23,0.009115758108654363,0.016464505826558038,1,Sideways,1,Bull,0.07064893347265683,0.9183316991857202,0.01101936734328096
2026-02-24,-0.0007754835871066961,0.01637030386060269,1,Sideways,0,Sideways,0.9029275311765,0.0766543297463492,0.020418139075595147
2026-02-25,-0.017293565208853695,0.016343870475334133,0,Bear,1,Bull,0.07296775139272191,0.9036848500349326,0.023347398571747745
2026-02-26,0.0049551255232660905,0.014823568536953192,1,Sideways,0,Sideways,0.87554161263528,0.08089590461083757,0.04356248275211716
2026-02-27,-0.011646634726289106,0.015056314433275786,0,Bear,1,Bull,0.06871360786077826,0.8756307563713788,0.05565563576651663
2026-03-02,-0.02744753052069272,0.015882970603506893,0,Bear,0,Sideways,0.5897161437640794,0.0759764508308273,0.3343074054035532
2026-03-03,-0.03143357203770256,0.01656354742227274,0,Bear,1,Bull,0.06403213791460947,0.5918169850539987,0.3441508770298637
2026-03-04,0.0007574260091439232,0.01655803007831172,1,Sideways,0,Sideways,0.5884675752046628,0.08057885466022782,0.3309535701345191
2026-03-05,0.010429705701150236,0.016240172959652254,1,Sideways,1,Bull,0.08547012549153733,0.5911250968239888,0.32340477768615816
2026-03-06,-0.022117777104391858,0.016851332939769443,0,Bear,0,Sideways,0.5448043014727196,0.09583921728978283,0.3593564812357704
2026-03-09,-0.007123036014935075,0.01572407550971253,0,Bear,1,Bull,0.0999493071133592,0.5499393461571975,0.3501113467277897
2026-03-10,0.03661477738872684,0.018195308637772245,2,Bull,0,Sideways,0.5236870361104253,0.10683795124807206,0.3694750126399842
2026-03-11,0.0018729229858966735,0.018216186550210685,1,Sideways,1,Bull,0.11599856522722313,0.5662137538072498,0.3177876809642496
2026-03-12,0.006471184778144235,0.016921638637493085,1,Sideways,0,Sideways,0.6296276000494873,0.12595056276845787,0.2444218371809082
2026-03-13,-0.014648218151213224,0.017089226880645,0,Bear,1,Bull,0.1257010843800017,0.6559076898124908,0.218391225807952
2026-03-16,-0.010457084437219653,0.016762945922000276,0,Bear,0,Sideways,0.6973953556507353,0.13410963069106213,0.16849501365853417
2026-03-17,0.019936201327586993,0.017648550910380558,2,Bull,1,Bull,0.1364112976852147,0.7275869902796034,0.13600171203396325
2026-03-18,-0.007785036910274105,0.017612933233215736,0,Bear,0,Sideways,0.7648894433454341,0.14659783903290025,0.08851271762206846
2026-03-19,-0.00515232036835528,0.01631456286509905,0,Bear,1,Bull,0.1555746511860127,0.7982042342699159,0.04622111454322262
2026-03-20,0.0,0.016079138177536416,1,Sideways,0,Sideways,0.8180693307485729,0.16171116083320775,0.02021950841827052
2026-03-23,0.009192958992788778,0.016082281156483885,1,Sideways,1,Bull,0.1584007508199249,0.8282450305677025,0.013354218613310343
2026-03-24,-0.018239171313484584,0.016409758840675727,0,Bear,0,Sideways,0.827566414092447,0.16117116425041414,0.011262421657946943
2026-03-25,0.0026029260393001055,0.016172759450001593,1,Sideways,1,Bull,0.1545006930541818,0.8383670898872323,0.007132217060328266
2026-03-26,-0.01843505411479134,0.01639910409347446,0,Bear,0,Sideways,0.8386080822344621,0.15575267765707715,0.005639240108854872
2026-03-27,-0.0022732810806596676,0.01631272109406155,1,Sideways,1,Bull,0.1448827044870606,0.852413482527699,0.002703812984413845
2026-03-30,-0.005670375477495665,0.01535416993900895,0,Bear,0,Sideways,0.8543936827230496,0.1449235344614187,0.0006827828153994915
2026-03-31,0.012951907577523129,0.014154387169601719,1,Sideways,1,Bull,0.13320826900927787,0.8665512879788041,0.00024044301285898345
2026-04-01,0.011419219997083006,0.014404918904934156,1,Sideways,0,Sideways,0.8665088010138654,0.13339411555737107,9.708342843123464e-05
2026-04-02,0.008757389833957449,0.01434579872194929,1,Sideways,1,Bull,0.12198184681746191,0.8779107182467673,0.00010743493658609103
2026-04-03,-0.00887333499625287,0.01356032029093348,0,Bear,0,Sideways,0.8780080753203601,0.12189050570394165,0.0001014189742827479
2026-04-06,0.013505632637139412,0.013728809327614378,1,Sideways,1,Bull,0.11036488453938799,0.889346475522338,0.0002886399381830743
2026-04-07,-0.01465040662324659,0.011440208046810375,0,Bear,0,Sideways,0.8882841102205972,0.11046923043726126,0.0012466593427522762
2026-04-08,0.046511588878080844,0.015616805126412094,1,Sideways,1,Bull,0.0916602180580099,0.899516775098572,0.008823006843665823
2026-04-09,0.011180702269357617,0.015734606455400608,1,Sideways,0,Sideways,0.8937421613578587,0.10157772766819094,0.004680110973696691
2026-04-10,0.02772230835116455,0.016289475501677315,1,Sideways,1,Bull,0.10176292610882236,0.8949577663882644,0.00327930750110841
2026-04-13,-0.0010877039063392224,0.015995636865398448,1,Sideways,0,Sideways,0.8793040691992049,0.11915723804592183,0.0015386927558817668
2026-04-14,0.010169700878402585,0.01563103779132986,1,Sideways,1,Bull,0.12117615424617738,0.8783645485211378,0.0004592972309128147
2026-04-15,0.003528445057119133,0.015400642805009891,1,Sideways,0,Sideways,0.8600310924377602,0.13942981494772055,0.0005390926133892542
2026-04-16,-0.0036059421046889446,0.01535525483438941,1,Sideways,1,Bull,0.14096803874902702,0.858718352212124,0.000313609039899463
2026-04-17,0.026873045861960782,0.016121758509350628,1,Sideways,0,Sideways,0.8389481389494641,0.1590011409696838,0.00205072008013407
2026-04-20,-0.007085690279248353,0.01633916141108011,0,Bear,1,Bull,0.15859659446050262,0.840115612393102,0.0012877931462661487
2026-04-21,-0.007588314915356731,0.015711434219720787,0,Bear,0,Sideways,0.8311088208844013,0.16744855905341927,0.0014426200624931044
2026-04-22,-0.002779461164181833,0.015805834524693915,1,Sideways,1,Bull,0.166504944635968,0.8322155525720613,0.0012795027918530361
2026-04-23,0.0,0.014875656342085713,1,Sideways,0,Sideways,0.8212960223040888,0.1746359572131649,0.004068020481402737
